action_type,activity_comment,activity_id,activity_properties,assay_chembl_id,assay_description,assay_type,assay_variant_accession,assay_variant_mutation,bao_endpoint,bao_format,bao_label,canonical_smiles,data_validity_comment,data_validity_description,document_chembl_id,document_journal,document_year,ligand_efficiency,modality,molecule_chembl_id,molecule_pref_name,parent_molecule_chembl_id,pchembl_value,potential_duplicate,qudt_units,record_id,relation,src_id,standard_flag,standard_relation,standard_text_value,standard_type,standard_units,standard_upper_value,standard_value,target_chembl_id,target_organism,target_pref_name,target_tax_id,text_value,toid,type,units,uo_units,upper_value,value,MW,AlogP,HBA,HBD,PSA
,,191437,[],CHEMBL677389,Inhibition of the phosphorylation of a random polyglutamic acid/tyrosine copolymer by human epidermal growth factor receptor(EGFR) prepared from human A431 carcinoma cells,B,,,BAO_0000190,BAO_0000219,cell-based format,CCOc1cc2ncnc(Nc3cccc(Br)c3)c2cc1OCC,Outside typical range,"Values for this activity type are unusually large/small, so may not be accurate",CHEMBL1130030,J Med Chem,1997,,,CHEMBL35820,,CHEMBL35820,11.221848749616356,1,http://www.openphacts.org/units/Nanomolar,60204,=,1,1,=,,IC50,nM,,0.006,CHEMBL203,Homo sapiens,Epidermal growth factor receptor,9606,,,IC50,nM,UO_0000065,,0.006,388.26500000000016,4.933300000000004,5,1,56.27000000000001
,,126489,[],CHEMBL680030,Tested for inhibition of PLC gamma-derived substrate in Epidermal growth factor receptor stimulated A431 cells,F,,,BAO_0000190,BAO_0000219,cell-based format,CN(C)c1cc2c(Nc3cccc(Br)c3)ncnc2cn1,Outside typical range,"Values for this activity type are unusually large/small, so may not be accurate",CHEMBL1130057,J Med Chem,1997,,,CHEMBL53711,,CHEMBL53711,11.221848749616356,1,http://www.openphacts.org/units/Nanomolar,89165,=,1,1,=,,IC50,nM,,0.006,CHEMBL203,Homo sapiens,Epidermal growth factor receptor,9606,,,IC50,nM,UO_0000065,,0.006,344.216,3.5969000000000015,5,1,53.94
,,144689,[],CHEMBL680030,Tested for inhibition of PLC gamma-derived substrate in Epidermal growth factor receptor stimulated A431 cells,F,,,BAO_0000190,BAO_0000219,cell-based format,CNc1cc2c(Nc3cccc(Br)c3)ncnc2cn1,Outside typical range,"Values for this activity type are unusually large/small, so may not be accurate",CHEMBL1130057,J Med Chem,1997,,,CHEMBL53753,,CHEMBL53753,11.096910013008056,1,http://www.openphacts.org/units/Nanomolar,89166,=,1,1,=,,IC50,nM,,0.008,CHEMBL203,Homo sapiens,Epidermal growth factor receptor,9606,,,IC50,nM,UO_0000065,,0.008,330.189,3.572600000000002,5,2,62.730000000000004
,,428391,[],CHEMBL679944,Concentration needed to inhibit the phosphorylation of a 14-residue fragment of phospholipase C-gamma1 by Epidermal growth factor receptor (prepared from human A431 carcinoma cell vesicles by immunoaffinity chromatography),B,,,BAO_0000190,BAO_0000357,single protein format,Brc1cccc(Nc2ncnc3cc4[nH]cnc4cc23)c1,Outside typical range,"Values for this activity type are unusually large/small, so may not be accurate",CHEMBL1132555,J Med Chem,1999,,,CHEMBL66031,,CHEMBL66031,11.096910013008056,1,http://www.openphacts.org/units/Nanomolar,296407,=,1,1,=,,IC50,nM,,0.008,CHEMBL203,Homo sapiens,Epidermal growth factor receptor,9606,,,IC50,nM,UO_0000065,,0.008,340.184,4.012200000000001,4,2,66.49000000000001
,,395224,[],CHEMBL679944,Concentration needed to inhibit the phosphorylation of a 14-residue fragment of phospholipase C-gamma1 by Epidermal growth factor receptor (prepared from human A431 carcinoma cell vesicles by immunoaffinity chromatography),B,,,BAO_0000190,BAO_0000357,single protein format,COc1cc2ncnc(Nc3cccc(Br)c3)c2cc1OC,,,CHEMBL1132555,J Med Chem,1999,"{'bei': '29.43', 'le': '0.66', 'lle': '6.45', 'sei': '18.84'}",,CHEMBL29197,,CHEMBL29197,10.6,1,http://www.openphacts.org/units/Nanomolar,296408,=,1,1,=,,IC50,nM,,0.025,CHEMBL203,Homo sapiens,Epidermal growth factor receptor,9606,,,IC50,nM,UO_0000065,,0.025,360.2110000000001,4.153100000000003,5,1,56.27000000000001
,,376356,[],CHEMBL677387,Inhibition of phosphorylation of polyglutamic acid/tyrosine random copolymer by epidermal growth factor receptor.,B,,,BAO_0000190,BAO_0000357,single protein format,CN(C)c1cc2ncnc(Nc3cccc(Br)c3)c2cn1,,,CHEMBL1130246,J Med Chem,1997,"{'bei': '29.18', 'le': '0.65', 'lle': '6.45', 'sei': '18.62'}",,CHEMBL53428,,CHEMBL53428,10.05,1,http://www.openphacts.org/units/Nanomolar,243801,=,1,1,=,,IC50,nM,,0.09,CHEMBL203,Homo sapiens,Epidermal growth factor receptor,9606,,,IC50,nM,UO_0000065,,0.09,344.216,3.5969000000000015,5,1,53.940000000000005
,,367865,[],CHEMBL677387,Inhibition of phosphorylation of polyglutamic acid/tyrosine random copolymer by epidermal growth factor receptor.,B,,,BAO_0000190,BAO_0000357,single protein format,Nc1ccc2c(Nc3cccc(Br)c3)ncnc2c1,,,CHEMBL1130246,J Med Chem,1997,"{'bei': '31.73', 'le': '0.72', 'lle': '6.28', 'sei': '15.67'}",,CHEMBL420624,,CHEMBL420624,10.0,1,http://www.openphacts.org/units/Nanomolar,243805,=,1,1,=,,IC50,nM,,0.1,CHEMBL203,Homo sapiens,Epidermal growth factor receptor,9606,,,IC50,nM,UO_0000065,,0.1,315.17400000000004,3.7181000000000015,4,2,63.83
,,130239,[],CHEMBL680030,Tested for inhibition of PLC gamma-derived substrate in Epidermal growth factor receptor stimulated A431 cells,F,,,BAO_0000190,BAO_0000219,cell-based format,Nc1cc2c(Nc3cccc(Br)c3)ncnc2cn1,,,CHEMBL1130057,J Med Chem,1997,,,CHEMBL51853,,CHEMBL51853,9.89,1,http://www.openphacts.org/units/Nanomolar,89167,=,1,1,=,,IC50,nM,,0.13,CHEMBL203,Homo sapiens,Epidermal growth factor receptor,9606,,,IC50,nM,UO_0000065,,0.13,316.16200000000003,3.113100000000001,5,2,76.72
,,360722,[],CHEMBL677387,Inhibition of phosphorylation of polyglutamic acid/tyrosine random copolymer by epidermal growth factor receptor.,B,,,BAO_0000190,BAO_0000357,single protein format,CNc1cc2ncnc(Nc3cccc(Br)c3)c2cn1,,,CHEMBL1130246,J Med Chem,1997,"{'bei': '29.94', 'le': '0.68', 'lle': '6.32', 'sei': '15.76'}",,CHEMBL54400,,CHEMBL54400,9.89,1,http://www.openphacts.org/units/Nanomolar,243802,=,1,1,=,,IC50,nM,,0.13,CHEMBL203,Homo sapiens,Epidermal growth factor receptor,9606,,,IC50,nM,UO_0000065,,0.13,330.1890000000001,3.5726000000000013,5,2,62.730000000000004
,,117213,[],CHEMBL673925,Inhibition of phosphorylation of a polyglutamic acid/tyrosine random copolymer by EGFR enzyme (from human A431 carcinoma cell vesicles),B,,,BAO_0000190,BAO_0000357,single protein format,C=CC(=O)N(C)c1cc2c(Nc3cccc(Br)c3)ncnc2cn1,,,CHEMBL1134843,J Med Chem,2001,"{'bei': '25.43', 'le': '0.56', 'lle': '6.09', 'sei': '13.76'}",,CHEMBL334697,,CHEMBL334697,9.77,0,http://www.openphacts.org/units/Nanomolar,265488,=,1,1,=,,IC50,nM,,0.17,CHEMBL203,Homo sapiens,Epidermal growth factor receptor,9606,,,IC50 app,nM,UO_0000065,,0.17,384.2370000000001,3.679700000000002,5,1,71.01
,,359320,[],CHEMBL677387,Inhibition of phosphorylation of polyglutamic acid/tyrosine random copolymer by epidermal growth factor receptor.,B,,,BAO_0000190,BAO_0000357,single protein format,OCCNc1cc2ncnc(Nc3cccc(Br)c3)c2cn1,,,CHEMBL1130246,J Med Chem,1997,"{'bei': '26.71', 'le': '0.60', 'lle': '6.68', 'sei': '11.60'}",,CHEMBL127041,,CHEMBL127041,9.62,0,http://www.openphacts.org/units/Nanomolar,243799,=,1,1,=,,IC50,nM,,0.24,CHEMBL203,Homo sapiens,Epidermal growth factor receptor,9606,,,IC50,nM,UO_0000065,,0.24,360.21500000000003,2.9351000000000003,6,3,82.96
,,122535,[],CHEMBL679947,"Inhibition of phosphorylation of phospholipase C gamma1 by Epidermal growth factor receptor, from human A431 carcinoma cell vesicles",F,,,BAO_0000190,BAO_0000019,assay format,Brc1cccc(Nc2ncnc3cnc(NCCc4c[nH]cn4)nc23)c1,,,CHEMBL1130057,J Med Chem,1997,,,CHEMBL53426,,CHEMBL53426,9.6,0,http://www.openphacts.org/units/Nanomolar,89140,=,1,1,=,,IC50,nM,,0.25,CHEMBL203,Homo sapiens,Epidermal growth factor receptor,9606,,,IC50,nM,UO_0000065,,0.25,411.26700000000017,3.3035999999999994,7,3,104.30000000000001
,,393859,[],CHEMBL679944,Concentration needed to inhibit the phosphorylation of a 14-residue fragment of phospholipase C-gamma1 by Epidermal growth factor receptor (prepared from human A431 carcinoma cell vesicles by immunoaffinity chromatography),B,,,BAO_0000190,BAO_0000357,single protein format,Nc1ccc2sc3c(Nc4cccc(Br)c4)ncnc3c2c1,,,CHEMBL1132555,J Med Chem,1999,"{'bei': '25.77', 'le': '0.59', 'lle': '4.64', 'sei': '14.99'}",,CHEMBL152905,,CHEMBL152905,9.57,0,http://www.openphacts.org/units/Nanomolar,296393,=,1,1,=,,IC50,nM,,0.27,CHEMBL203,Homo sapiens,Epidermal growth factor receptor,9606,,,IC50,nM,UO_0000065,,0.27,371.2630000000001,4.932800000000002,5,2,63.83
,,360724,[],CHEMBL677387,Inhibition of phosphorylation of polyglutamic acid/tyrosine random copolymer by epidermal growth factor receptor.,B,,,BAO_0000190,BAO_0000357,single protein format,O=C(O)CCCNc1cc2ncnc(Nc3cccc(Br)c3)c2cn1,,,CHEMBL1130246,J Med Chem,1997,"{'bei': '23.75', 'le': '0.52', 'lle': '5.74', 'sei': '9.55'}",,CHEMBL128468,,CHEMBL128468,9.55,0,http://www.openphacts.org/units/Nanomolar,243825,=,1,1,=,,IC50,nM,,0.28,CHEMBL203,Homo sapiens,Epidermal growth factor receptor,9606,,,IC50,nM,UO_0000065,,0.28,402.25200000000007,3.8076000000000016,6,3,100.03
,,200768,[],CHEMBL677389,Inhibition of the phosphorylation of a random polyglutamic acid/tyrosine copolymer by human epidermal growth factor receptor(EGFR) prepared from human A431 carcinoma cells,B,,,BAO_0000190,BAO_0000219,cell-based format,Cn1ncc2cc3c(Nc4cccc(Br)c4)ncnc3cc21,,,CHEMBL1130030,J Med Chem,1997,"{'bei': '26.63', 'le': '0.59', 'lle': '5.41', 'sei': '16.95'}",,CHEMBL39320,,CHEMBL39320,9.43,0,http://www.openphacts.org/units/Nanomolar,60214,=,1,1,=,,IC50,nM,,0.37,CHEMBL203,Homo sapiens,Epidermal growth factor receptor,9606,,,IC50,nM,UO_0000065,,0.37,354.21100000000007,4.022600000000002,5,1,55.63
,,138492,[],CHEMBL673925,Inhibition of phosphorylation of a polyglutamic acid/tyrosine random copolymer by EGFR enzyme (from human A431 carcinoma cell vesicles),B,,,BAO_0000190,BAO_0000357,single protein format,O=C(O)/C=C/C(=O)Nc1ccc2ncnc(Nc3cccc(Br)c3)c2c1,,,CHEMBL1134843,J Med Chem,2001,"{'bei': '22.82', 'le': '0.50', 'lle': '5.71', 'sei': '9.05'}",,CHEMBL134371,,CHEMBL134371,9.43,0,http://www.openphacts.org/units/Nanomolar,265463,=,1,1,=,,IC50,nM,,0.37,CHEMBL203,Homo sapiens,Epidermal growth factor receptor,9606,,,IC50 app,nM,UO_0000065,,0.37,413.2310000000001,3.715200000000001,5,3,104.21
,,415681,[],CHEMBL679944,Concentration needed to inhibit the phosphorylation of a 14-residue fragment of phospholipase C-gamma1 by Epidermal growth factor receptor (prepared from human A431 carcinoma cell vesicles by immunoaffinity chromatography),B,,,BAO_0000190,BAO_0000357,single protein format,Brc1cccc(Nc2ncnc3cc4[nH]ccc4cc23)c1,,,CHEMBL1132555,J Med Chem,1999,"{'bei': '27.74', 'le': '0.61', 'lle': '4.79', 'sei': '17.55'}",,CHEMBL40734,,CHEMBL40734,9.41,0,http://www.openphacts.org/units/Nanomolar,296358,=,1,1,=,,IC50,nM,,0.39,CHEMBL203,Homo sapiens,Epidermal growth factor receptor,9606,,,IC50,nM,UO_0000065,,0.39,339.196,4.617200000000001,3,2,53.6
,,124598,[],CHEMBL673925,Inhibition of phosphorylation of a polyglutamic acid/tyrosine random copolymer by EGFR enzyme (from human A431 carcinoma cell vesicles),B,,,BAO_0000190,BAO_0000357,single protein format,C=CS(=O)(=O)c1cc2c(Nc3cccc(Br)c3)ncnc2cn1,,,CHEMBL1134843,J Med Chem,2001,"{'bei': '23.94', 'le': '0.56', 'lle': '5.92', 'sei': '11.04'}",,CHEMBL336264,,CHEMBL336264,9.37,0,http://www.openphacts.org/units/Nanomolar,265471,=,1,1,=,,IC50,nM,,0.43,CHEMBL203,Homo sapiens,Epidermal growth factor receptor,9606,,,IC50 app,nM,UO_0000065,,0.43,391.25000000000006,3.448100000000002,6,1,84.84
,,208007,[],CHEMBL677389,Inhibition of the phosphorylation of a random polyglutamic acid/tyrosine copolymer by human epidermal growth factor receptor(EGFR) prepared from human A431 carcinoma cells,B,,,BAO_0000190,BAO_0000219,cell-based format,Brc1cccc(Nc2ncnc3cc4[nH]ncc4cc23)c1,,,CHEMBL1130030,J Med Chem,1997,"{'bei': '27.50', 'le': '0.61', 'lle': '5.35', 'sei': '14.07'}",,CHEMBL39337,,CHEMBL39337,9.36,1,http://www.openphacts.org/units/Nanomolar,60213,=,1,1,=,,IC50,nM,,0.44,CHEMBL203,Homo sapiens,Epidermal growth factor receptor,9606,,,IC50,nM,UO_0000065,,0.44,340.184,4.012200000000001,4,2,66.49000000000001
,,143211,[],CHEMBL673925,Inhibition of phosphorylation of a polyglutamic acid/tyrosine random copolymer by EGFR enzyme (from human A431 carcinoma cell vesicles),B,,,BAO_0000190,BAO_0000357,single protein format,CN(C)CCCNC(=O)/C=C/C(=O)Nc1ccc2ncnc(Nc3cccc(Br)c3)c2c1,,,CHEMBL1134843,J Med Chem,2001,"{'bei': '18.81', 'le': '0.40', 'lle': '5.66', 'sei': '9.43'}",,CHEMBL345109,,CHEMBL345109,9.36,0,http://www.openphacts.org/units/Nanomolar,265481,=,1,1,=,,IC50,nM,,0.44,CHEMBL203,Homo sapiens,Epidermal growth factor receptor,9606,,,IC50 app,nM,UO_0000065,,0.44,497.3970000000001,3.698500000000001,6,3,99.25000000000001
,,34669,[],CHEMBL674637,Inhibitory activity towards tyrosine phosphorylation for the epidermal growth factor-receptor kinase,B,,,BAO_0000190,BAO_0000357,single protein format,CCN(CC)CC(O)CNC(=O)c1cc(C)c(/C=C2\C(=O)Nc3ncnc(Nc4ccc(F)c(Cl)c4)c32)[nH]1,,,CHEMBL1134862,Bioorg Med Chem Lett,2002,"{'bei': '17.24', 'le': '0.34', 'lle': '5.78', 'sei': '6.91'}",,CHEMBL304271,,CHEMBL304271,9.35,0,http://www.openphacts.org/units/Nanomolar,119504,=,1,1,=,,IC50,nM,,0.45,CHEMBL203,Homo sapiens,Epidermal growth factor receptor,9606,,,IC50,uM,UO_0000065,,0.00045,542.0150000000001,3.57442,7,5,135.27
,,421928,[],CHEMBL679944,Concentration needed to inhibit the phosphorylation of a 14-residue fragment of phospholipase C-gamma1 by Epidermal growth factor receptor (prepared from human A431 carcinoma cell vesicles by immunoaffinity chromatography),B,,,BAO_0000190,BAO_0000357,single protein format,Cl.Nc1ccc2c(c1)sc1c(Nc3cccc(Br)c3)ncnc12,,,CHEMBL1132555,J Med Chem,1999,"{'bei': '25.12', 'le': '0.58', 'lle': '4.40', 'sei': '14.61'}",,CHEMBL539822,,CHEMBL1189963,9.33,0,http://www.openphacts.org/units/Nanomolar,296391,=,1,1,=,,IC50,nM,,0.47,CHEMBL203,Homo sapiens,Epidermal growth factor receptor,9606,,,IC50,nM,UO_0000065,,0.47,407.72400000000005,5.354600000000002,5,2,63.83
,,115914,[],CHEMBL673925,Inhibition of phosphorylation of a polyglutamic acid/tyrosine random copolymer by EGFR enzyme (from human A431 carcinoma cell vesicles),B,,,BAO_0000190,BAO_0000357,single protein format,C/C=C/C(=O)Nc1cc2c(Nc3cccc(Br)c3)ncnc2cn1,,,CHEMBL1134843,J Med Chem,2001,"{'bei': '24.21', 'le': '0.53', 'lle': '5.25', 'sei': '11.66'}",,CHEMBL136404,,CHEMBL136404,9.3,0,http://www.openphacts.org/units/Nanomolar,265486,=,1,1,=,,IC50,nM,,0.5,CHEMBL203,Homo sapiens,Epidermal growth factor receptor,9606,,,IC50 app,nM,UO_0000065,,0.5,384.2370000000001,4.045500000000002,5,2,79.8
,,360720,[],CHEMBL677386,Inhibition of epidermal growth factor receptor (EGFR) from human A431 carcinoma cells,B,,,BAO_0000190,BAO_0000219,cell-based format,Brc1cccc(Nc2ncnc3cc(NCCCn4ccnc4)ncc23)c1,,,CHEMBL1130246,J Med Chem,1997,"{'bei': '21.90', 'le': '0.47', 'lle': '5.06', 'sei': '11.54'}",,CHEMBL126791,,CHEMBL126791,9.29,0,http://www.openphacts.org/units/Nanomolar,243798,=,1,1,=,,IC50,nM,,0.51,CHEMBL203,Homo sapiens,Epidermal growth factor receptor,9606,,,IC50,nM,UO_0000065,,0.51,424.30600000000015,4.229600000000001,7,2,80.55
,,120874,[],CHEMBL673925,Inhibition of phosphorylation of a polyglutamic acid/tyrosine random copolymer by EGFR enzyme (from human A431 carcinoma cell vesicles),B,,,BAO_0000190,BAO_0000357,single protein format,C/C=C/C(=O)Nc1ccc2ncnc(Nc3cccc(Br)c3)c2c1,,,CHEMBL1134843,J Med Chem,2001,"{'bei': '24.16', 'le': '0.53', 'lle': '4.61', 'sei': '13.84'}",,CHEMBL93464,,CHEMBL93464,9.26,0,http://www.openphacts.org/units/Nanomolar,265460,=,1,1,=,,IC50,nM,,0.55,CHEMBL203,Homo sapiens,Epidermal growth factor receptor,9606,,,IC50 app,nM,UO_0000065,,0.55,383.2490000000001,4.650500000000003,4,2,66.91
,,139593,[],CHEMBL673925,Inhibition of phosphorylation of a polyglutamic acid/tyrosine random copolymer by EGFR enzyme (from human A431 carcinoma cell vesicles),B,,,BAO_0000190,BAO_0000357,single protein format,O=C(/C=C/C(=O)Nc1cc2c(Nc3cccc(Br)c3)ncnc2cn1)NCCCn1ccnc1,,,CHEMBL1134843,J Med Chem,2001,"{'bei': '17.74', 'le': '0.37', 'lle': '5.82', 'sei': '7.30'}",,CHEMBL342828,,CHEMBL342828,9.25,0,http://www.openphacts.org/units/Nanomolar,265477,=,1,1,=,,IC50,nM,,0.56,CHEMBL203,Homo sapiens,Epidermal growth factor receptor,9606,,,IC50 app,nM,UO_0000065,,0.56,521.3790000000002,3.428600000000001,8,3,126.72000000000001
,,122059,[],CHEMBL673925,Inhibition of phosphorylation of a polyglutamic acid/tyrosine random copolymer by EGFR enzyme (from human A431 carcinoma cell vesicles),B,,,BAO_0000190,BAO_0000357,single protein format,O=C(/C=C/C(=O)Nc1cc2c(Nc3ccc(F)c(Cl)c3)ncnc2cn1)NCCCN1CCOCC1,,,CHEMBL1134843,J Med Chem,2001,"{'bei': '17.93', 'le': '0.35', 'lle': '6.32', 'sei': '7.59'}",,CHEMBL138940,,CHEMBL138940,9.21,0,http://www.openphacts.org/units/Nanomolar,265475,=,1,1,=,,IC50,nM,,0.61,CHEMBL203,Homo sapiens,Epidermal growth factor receptor,9606,,,IC50 app,nM,UO_0000065,,0.61,513.9610000000004,2.894100000000001,8,3,121.37
,,387974,[],CHEMBL677387,Inhibition of phosphorylation of polyglutamic acid/tyrosine random copolymer by epidermal growth factor receptor.,B,,,BAO_0000190,BAO_0000357,single protein format,O=C(O)CCNc1cc2ncnc(Nc3cccc(Br)c3)c2cn1,,,CHEMBL1130246,J Med Chem,1997,"{'bei': '23.74', 'le': '0.52', 'lle': '5.79', 'sei': '9.21'}",,CHEMBL127086,,CHEMBL127086,9.21,0,http://www.openphacts.org/units/Nanomolar,243826,=,1,1,=,,IC50,nM,,0.61,CHEMBL203,Homo sapiens,Epidermal growth factor receptor,9606,,,IC50,nM,UO_0000065,,0.61,388.2250000000001,3.4175000000000013,6,3,100.03
,,123349,[],CHEMBL673925,Inhibition of phosphorylation of a polyglutamic acid/tyrosine random copolymer by EGFR enzyme (from human A431 carcinoma cell vesicles),B,,,BAO_0000190,BAO_0000357,single protein format,O=C(/C=C/Cl)Nc1cc2c(Nc3cccc(Br)c3)ncnc2cn1,,,CHEMBL1134843,J Med Chem,2001,"{'bei': '22.64', 'le': '0.52', 'lle': '4.94', 'sei': '11.48'}",,CHEMBL344177,,CHEMBL344177,9.16,0,http://www.openphacts.org/units/Nanomolar,265469,=,1,1,=,,IC50,nM,,0.69,CHEMBL203,Homo sapiens,Epidermal growth factor receptor,9606,,,IC50 app,nM,UO_0000065,,0.69,404.6550000000001,4.2219000000000015,5,2,79.8
,,115911,[],CHEMBL673925,Inhibition of phosphorylation of a polyglutamic acid/tyrosine random copolymer by EGFR enzyme (from human A431 carcinoma cell vesicles),B,,,BAO_0000190,BAO_0000357,single protein format,C=CC(=O)Nc1ccc2ncnc(Nc3cccc(Br)c3)c2c1,,,CHEMBL1134843,J Med Chem,2001,"{'bei': '24.80', 'le': '0.54', 'lle': '4.89', 'sei': '13.68'}",,CHEMBL285063,,CHEMBL285063,9.15,1,http://www.openphacts.org/units/Nanomolar,265487,=,1,1,=,,IC50,nM,,0.7,CHEMBL203,Homo sapiens,Epidermal growth factor receptor,9606,,,IC50 app,nM,UO_0000065,,0.7,369.22200000000004,4.260400000000002,4,2,66.91
,,117228,[],CHEMBL673925,Inhibition of phosphorylation of a polyglutamic acid/tyrosine random copolymer by EGFR enzyme (from human A431 carcinoma cell vesicles),B,,,BAO_0000190,BAO_0000357,single protein format,CCN(CC)CCCNC(=O)/C=C/C(=O)Nc1cc2c(Nc3cccc(Br)c3)ncnc2cn1,,,CHEMBL1134843,J Med Chem,2001,"{'bei': '17.36', 'le': '0.37', 'lle': '5.27', 'sei': '8.15'}",,CHEMBL434827,,CHEMBL434827,9.14,0,http://www.openphacts.org/units/Nanomolar,265479,=,1,1,=,,IC50,nM,,0.73,CHEMBL203,Homo sapiens,Epidermal growth factor receptor,9606,,,IC50 app,nM,UO_0000065,,0.73,526.4390000000001,3.8737000000000013,7,3,112.14
,,202124,[],CHEMBL677389,Inhibition of the phosphorylation of a random polyglutamic acid/tyrosine copolymer by human epidermal growth factor receptor(EGFR) prepared from human A431 carcinoma cells,B,,,BAO_0000190,BAO_0000219,cell-based format,CN(CC(=O)O)Cc1c[nH]c2cc3ncnc(Nc4cccc(Br)c4)c3cc12,,,CHEMBL1130030,J Med Chem,1997,"{'bei': '20.76', 'le': '0.45', 'lle': '5.01', 'sei': '9.71'}",,CHEMBL289213,,CHEMBL289213,9.14,0,http://www.openphacts.org/units/Nanomolar,60207,=,1,1,=,,IC50,nM,,0.72,CHEMBL203,Homo sapiens,Epidermal growth factor receptor,9606,,,IC50,nM,UO_0000065,,0.72,440.3010000000001,4.133600000000002,5,3,94.14
,,361830,[],CHEMBL677387,Inhibition of phosphorylation of polyglutamic acid/tyrosine random copolymer by epidermal growth factor receptor.,B,,,BAO_0000190,BAO_0000357,single protein format,[O-][N+]1(CCCNc2cc3ncnc(Nc4cccc(Br)c4)c3cn2)CCOCC1,,,CHEMBL1130246,J Med Chem,1997,"{'bei': '19.88', 'le': '0.43', 'lle': '5.45', 'sei': '9.61'}",,CHEMBL339416,,CHEMBL339416,9.13,0,http://www.openphacts.org/units/Nanomolar,243812,=,1,1,=,,IC50,nM,,0.74,CHEMBL203,Homo sapiens,Epidermal growth factor receptor,9606,,,IC50,nM,UO_0000065,,0.74,459.34800000000024,3.6777000000000024,7,2,95.02
,,137105,[],CHEMBL673925,Inhibition of phosphorylation of a polyglutamic acid/tyrosine random copolymer by EGFR enzyme (from human A431 carcinoma cell vesicles),B,,,BAO_0000190,BAO_0000357,single protein format,C=CS(=O)(=O)Nc1cc2c(Nc3cccc(Br)c3)ncnc2cn1,,,CHEMBL1134843,J Med Chem,2001,"{'bei': '22.45', 'le': '0.52', 'lle': '5.70', 'sei': '9.41'}",,CHEMBL139095,,CHEMBL139095,9.12,0,http://www.openphacts.org/units/Nanomolar,265474,=,1,1,=,,IC50,nM,,0.76,CHEMBL203,Homo sapiens,Epidermal growth factor receptor,9606,,,IC50 app,nM,UO_0000065,,0.76,406.2650000000001,3.416100000000001,6,2,96.87
,,119990,[],CHEMBL679947,"Inhibition of phosphorylation of phospholipase C gamma1 by Epidermal growth factor receptor, from human A431 carcinoma cell vesicles",F,,,BAO_0000190,BAO_0000019,assay format,CNc1ncc2ncnc(Nc3cccc(Br)c3)c2n1,,,CHEMBL1130057,J Med Chem,1997,,,CHEMBL299622,,CHEMBL299622,9.12,0,http://www.openphacts.org/units/Nanomolar,89169,=,1,1,=,,IC50,nM,,0.76,CHEMBL203,Homo sapiens,Epidermal growth factor receptor,9606,,,IC50,nM,UO_0000065,,0.76,331.177,2.967600000000001,6,2,75.62
,,139013,[],CHEMBL680030,Tested for inhibition of PLC gamma-derived substrate in Epidermal growth factor receptor stimulated A431 cells,F,,,BAO_0000190,BAO_0000219,cell-based format,Nc1ccc2ncnc(Nc3cccc(Br)c3)c2c1,,,CHEMBL1130057,J Med Chem,1997,,,CHEMBL52765,,CHEMBL52765,9.11,1,http://www.openphacts.org/units/Nanomolar,89161,=,1,1,=,,IC50,nM,,0.78,CHEMBL203,Homo sapiens,Epidermal growth factor receptor,9606,,,IC50,nM,UO_0000065,,0.78,315.17400000000004,3.7181000000000015,4,2,63.83
,,210398,[],CHEMBL677389,Inhibition of the phosphorylation of a random polyglutamic acid/tyrosine copolymer by human epidermal growth factor receptor(EGFR) prepared from human A431 carcinoma cells,B,,,BAO_0000190,BAO_0000219,cell-based format,Cn1ccc2cc3c(Nc4cccc(Br)c4)ncnc3cc21,,,CHEMBL1130030,J Med Chem,1997,"{'bei': '25.75', 'le': '0.56', 'lle': '4.47', 'sei': '21.28'}",,CHEMBL36727,,CHEMBL36727,9.1,0,http://www.openphacts.org/units/Nanomolar,60199,=,1,1,=,,IC50,nM,,0.8,CHEMBL203,Homo sapiens,Epidermal growth factor receptor,9606,,,IC50,nM,UO_0000065,,0.8,353.22300000000007,4.627600000000002,4,1,42.74
,,113901,[],CHEMBL679947,"Inhibition of phosphorylation of phospholipase C gamma1 by Epidermal growth factor receptor, from human A431 carcinoma cell vesicles",F,,,BAO_0000190,BAO_0000019,assay format,Brc1cccc(Nc2ncnc3cnc(NCCN4CCOCC4)nc23)c1,,,CHEMBL1130057,J Med Chem,1997,,,CHEMBL294475,,CHEMBL294475,9.09,0,http://www.openphacts.org/units/Nanomolar,89154,=,1,1,=,,IC50,nM,,0.81,CHEMBL203,Homo sapiens,Epidermal growth factor receptor,9606,,,IC50,nM,UO_0000065,,0.81,430.31000000000034,2.67,8,2,88.09
,,107990,[],CHEMBL673925,Inhibition of phosphorylation of a polyglutamic acid/tyrosine random copolymer by EGFR enzyme (from human A431 carcinoma cell vesicles),B,,,BAO_0000190,BAO_0000357,single protein format,O=C(/C=C/C(=O)Nc1cc2c(Nc3cccc(Br)c3)ncnc2cn1)NCCCN1CCOCC1,,,CHEMBL1134843,J Med Chem,2001,"{'bei': '16.82', 'le': '0.35', 'lle': '6.23', 'sei': '7.49'}",,CHEMBL136058,,CHEMBL136058,9.09,0,http://www.openphacts.org/units/Nanomolar,265478,=,1,1,=,,IC50,nM,,0.81,CHEMBL203,Homo sapiens,Epidermal growth factor receptor,9606,,,IC50 app,nM,UO_0000065,,0.81,540.4220000000001,2.8641000000000005,8,3,121.37
,,374988,[],CHEMBL677387,Inhibition of phosphorylation of polyglutamic acid/tyrosine random copolymer by epidermal growth factor receptor.,B,,,BAO_0000190,BAO_0000357,single protein format,OCC(O)CNc1cc2ncnc(Nc3cccc(Br)c3)c2cn1,,,CHEMBL1130246,J Med Chem,1997,"{'bei': '23.16', 'le': '0.51', 'lle': '6.74', 'sei': '8.76'}",,CHEMBL126372,,CHEMBL126372,9.04,0,http://www.openphacts.org/units/Nanomolar,243803,=,1,1,=,,IC50,nM,,0.92,CHEMBL203,Homo sapiens,Epidermal growth factor receptor,9606,,,IC50,nM,UO_0000065,,0.92,390.2410000000001,2.2960000000000003,7,4,103.19
,,355098,[],CHEMBL677386,Inhibition of epidermal growth factor receptor (EGFR) from human A431 carcinoma cells,B,,,BAO_0000190,BAO_0000219,cell-based format,Brc1cccc(Nc2ncnc3cc(NCCc4c[nH]cn4)ncc23)c1,,,CHEMBL1130246,J Med Chem,1997,"{'bei': '22.04', 'le': '0.47', 'lle': '5.13', 'sei': '9.89'}",,CHEMBL338114,,CHEMBL338114,9.04,0,http://www.openphacts.org/units/Nanomolar,243807,=,1,1,=,,IC50,nM,,0.91,CHEMBL203,Homo sapiens,Epidermal growth factor receptor,9606,,,IC50,nM,UO_0000065,,0.91,410.2790000000001,3.9086,6,3,91.41
,,133541,[],CHEMBL673925,Inhibition of phosphorylation of a polyglutamic acid/tyrosine random copolymer by EGFR enzyme (from human A431 carcinoma cell vesicles),B,,,BAO_0000190,BAO_0000357,single protein format,C=CC(=O)Nc1cc2c(Nc3cccc(Br)c3)ncnc2cn1,,,CHEMBL1134843,J Med Chem,2001,"{'bei': '24.42', 'le': '0.54', 'lle': '5.38', 'sei': '11.33'}",,CHEMBL51659,,CHEMBL51659,9.04,1,http://www.openphacts.org/units/Nanomolar,265459,=,1,1,=,,IC50,nM,,0.91,CHEMBL203,Homo sapiens,Epidermal growth factor receptor,9606,,,IC50 app,nM,UO_0000065,,0.91,370.21000000000004,3.655400000000002,5,2,79.8
,,135211,[],CHEMBL679947,"Inhibition of phosphorylation of phospholipase C gamma1 by Epidermal growth factor receptor, from human A431 carcinoma cell vesicles",F,,,BAO_0000190,BAO_0000019,assay format,CN(C)c1ncc2ncnc(Nc3cccc(Br)c3)c2n1,,,CHEMBL1130057,J Med Chem,1997,,,CHEMBL53777,,CHEMBL53777,9.02,0,http://www.openphacts.org/units/Nanomolar,89144,=,1,1,=,,IC50,nM,,0.95,CHEMBL203,Homo sapiens,Epidermal growth factor receptor,9606,,,IC50,nM,UO_0000065,,0.95,345.20400000000006,2.9919000000000002,6,1,66.83000000000001
,,424488,[],CHEMBL679944,Concentration needed to inhibit the phosphorylation of a 14-residue fragment of phospholipase C-gamma1 by Epidermal growth factor receptor (prepared from human A431 carcinoma cell vesicles by immunoaffinity chromatography),B,,,BAO_0000190,BAO_0000357,single protein format,Nc1cc2sc3c(Nc4cccc(Br)c4)ncnc3c2cc1F,,,CHEMBL1132555,J Med Chem,1999,"{'bei': '23.12', 'le': '0.53', 'lle': '3.93', 'sei': '14.10'}",,CHEMBL153573,,CHEMBL153573,9.0,0,http://www.openphacts.org/units/Nanomolar,296390,=,1,1,=,,IC50,nM,,1.0,CHEMBL203,Homo sapiens,Epidermal growth factor receptor,9606,,,IC50,nM,UO_0000065,,1.0,389.2530000000001,5.071900000000001,5,2,63.83
,,410710,[],CHEMBL679944,Concentration needed to inhibit the phosphorylation of a 14-residue fragment of phospholipase C-gamma1 by Epidermal growth factor receptor (prepared from human A431 carcinoma cell vesicles by immunoaffinity chromatography),B,,,BAO_0000190,BAO_0000357,single protein format,Cc1cccc(Nc2cc(NCCO)ncn2)c1,,,CHEMBL1132555,J Med Chem,1999,"{'bei': '36.84', 'le': '0.68', 'lle': '7.07', 'sei': '12.84'}",,CHEMBL415738,,CHEMBL415738,9.0,0,http://www.openphacts.org/units/Nanomolar,296355,=,1,1,=,,IC50,nM,,1.0,CHEMBL203,Homo sapiens,Epidermal growth factor receptor,9606,,,IC50,nM,UO_0000065,,1.0,244.298,1.9328199999999995,5,3,70.07
,,186630,[],CHEMBL674106,Inhibitory activity against epidermal growth factor receptor,B,,,BAO_0000190,BAO_0000357,single protein format,COc1cc2ncnc(Nc3ccc(F)c(Cl)c3)c2cc1OCCCN1CCOCC1,,,CHEMBL1146682,Bioorg Med Chem Lett,2004,"{'bei': '20.14', 'le': '0.40', 'lle': '4.72', 'sei': '13.09'}",,CHEMBL939,GEFITINIB,CHEMBL939,9.0,0,http://www.openphacts.org/units/Nanomolar,15409,=,1,1,=,,IC50,nM,,1.0,CHEMBL203,Homo sapiens,Epidermal growth factor receptor,9606,,,IC50,uM,UO_0000065,,0.001,446.9100000000004,4.275600000000003,7,1,68.74000000000001
,,186628,[],CHEMBL674106,Inhibitory activity against epidermal growth factor receptor,B,,,BAO_0000190,BAO_0000357,single protein format,C#Cc1cccc(Nc2ncnc3cc(OCCOC)c(OCCOC)cc23)c1,,,CHEMBL1146682,Bioorg Med Chem Lett,2004,"{'bei': '22.88', 'le': '0.42', 'lle': '5.59', 'sei': '12.04'}",,CHEMBL553,ERLOTINIB,CHEMBL553,9.0,1,http://www.openphacts.org/units/Nanomolar,15410,=,1,1,=,,IC50,nM,,1.0,CHEMBL203,Homo sapiens,Epidermal growth factor receptor,9606,,,IC50,uM,UO_0000065,,0.001,393.4430000000002,3.405100000000002,7,1,74.73000000000002
,,425687,[],CHEMBL679944,Concentration needed to inhibit the phosphorylation of a 14-residue fragment of phospholipase C-gamma1 by Epidermal growth factor receptor (prepared from human A431 carcinoma cell vesicles by immunoaffinity chromatography),B,,,BAO_0000190,BAO_0000357,single protein format,CCO.CNc1ccc2sc3c(Nc4cccc(Br)c4)ncnc3c2c1,,,CHEMBL1132555,J Med Chem,1999,"{'bei': '23.25', 'le': '0.53', 'lle': '3.57', 'sei': '17.97'}",,CHEMBL358934,,CHEMBL1184611,8.96,0,http://www.openphacts.org/units/Nanomolar,296387,=,1,1,=,,IC50,nM,,1.1,CHEMBL203,Homo sapiens,Epidermal growth factor receptor,9606,,,IC50,nM,UO_0000065,,1.1,431.3590000000001,5.390900000000002,6,3,70.07
,,137102,[],CHEMBL673925,Inhibition of phosphorylation of a polyglutamic acid/tyrosine random copolymer by EGFR enzyme (from human A431 carcinoma cell vesicles),B,,,BAO_0000190,BAO_0000357,single protein format,C=C/C=C/C(=O)Nc1cc2c(Nc3cccc(Br)c3)ncnc2cn1,,,CHEMBL1134843,J Med Chem,2001,"{'bei': '22.61', 'le': '0.49', 'lle': '4.75', 'sei': '11.23'}",,CHEMBL139044,,CHEMBL139044,8.96,0,http://www.openphacts.org/units/Nanomolar,265467,=,1,1,=,,IC50,nM,,1.1,CHEMBL203,Homo sapiens,Epidermal growth factor receptor,9606,,,IC50 app,nM,UO_0000065,,1.1,396.24800000000005,4.2116000000000025,5,2,79.8
,,131068,[],CHEMBL673925,Inhibition of phosphorylation of a polyglutamic acid/tyrosine random copolymer by EGFR enzyme (from human A431 carcinoma cell vesicles),B,,,BAO_0000190,BAO_0000357,single protein format,CN(C)CCCNC(=O)/C=C/C(=O)Nc1cc2c(Nc3cccc(Br)c3)ncnc2cn1,,,CHEMBL1134843,J Med Chem,2001,"{'bei': '17.98', 'le': '0.38', 'lle': '5.87', 'sei': '7.99'}",,CHEMBL334801,,CHEMBL334801,8.96,0,http://www.openphacts.org/units/Nanomolar,265480,=,1,1,=,,IC50,nM,,1.1,CHEMBL203,Homo sapiens,Epidermal growth factor receptor,9606,,,IC50 app,nM,UO_0000065,,1.1,498.3850000000001,3.0935000000000006,7,3,112.14
,,68470,[],CHEMBL674637,Inhibitory activity towards tyrosine phosphorylation for the epidermal growth factor-receptor kinase,B,,,BAO_0000190,BAO_0000357,single protein format,Cc1cc(C(=O)NCCN2CCOCC2)[nH]c1/C=C1\C(=O)Nc2ncnc(Nc3ccc4c(ccn4Cc4ccccc4)c3)c21,,,CHEMBL1134862,Bioorg Med Chem Lett,2002,"{'bei': '14.86', 'le': '0.27', 'lle': '4.55', 'sei': '6.93'}",,CHEMBL264382,,CHEMBL264382,8.96,0,http://www.openphacts.org/units/Nanomolar,119498,=,1,1,=,,IC50,nM,,1.1,CHEMBL203,Homo sapiens,Epidermal growth factor receptor,9606,,,IC50,uM,UO_0000065,,0.0011,602.6990000000002,4.4144200000000025,8,4,129.20000000000002
,,123352,[],CHEMBL673925,Inhibition of phosphorylation of a polyglutamic acid/tyrosine random copolymer by EGFR enzyme (from human A431 carcinoma cell vesicles),B,,,BAO_0000190,BAO_0000357,single protein format,CC(=O)/C=C/C(=O)Nc1ccc2ncnc(Nc3cccc(Br)c3)c2c1,,,CHEMBL1134843,J Med Chem,2001,"{'bei': '21.69', 'le': '0.47', 'lle': '4.70', 'sei': '10.62'}",,CHEMBL136178,,CHEMBL136178,8.92,0,http://www.openphacts.org/units/Nanomolar,265464,=,1,1,=,,IC50,nM,,1.2,CHEMBL203,Homo sapiens,Epidermal growth factor receptor,9606,,,IC50 app,nM,UO_0000065,,1.2,411.25900000000007,4.2196000000000025,5,2,83.98
,,400161,[],CHEMBL679944,Concentration needed to inhibit the phosphorylation of a 14-residue fragment of phospholipase C-gamma1 by Epidermal growth factor receptor (prepared from human A431 carcinoma cell vesicles by immunoaffinity chromatography),B,,,BAO_0000190,BAO_0000357,single protein format,COc1ccc2[nH]c3ncnc(Nc4cccc(Br)c4)c3c2c1,,,CHEMBL1132555,J Med Chem,1999,"{'bei': '24.16', 'le': '0.53', 'lle': '4.29', 'sei': '14.20'}",,CHEMBL153206,,CHEMBL153206,8.92,0,http://www.openphacts.org/units/Nanomolar,296405,=,1,1,=,,IC50,nM,,1.2,CHEMBL203,Homo sapiens,Epidermal growth factor receptor,9606,,,IC50,nM,UO_0000065,,1.2,369.2220000000001,4.625800000000003,4,2,62.83
,,353632,[],CHEMBL677387,Inhibition of phosphorylation of polyglutamic acid/tyrosine random copolymer by epidermal growth factor receptor.,B,,,BAO_0000190,BAO_0000357,single protein format,OCCN(CCO)CCCNc1cc2ncnc(Nc3cccc(Br)c3)c2cn1,,,CHEMBL1130246,J Med Chem,1997,"{'bei': '19.34', 'le': '0.42', 'lle': '6.30', 'sei': '8.38'}",,CHEMBL127058,,CHEMBL127058,8.92,0,http://www.openphacts.org/units/Nanomolar,243809,=,1,1,=,,IC50,nM,,1.2,CHEMBL203,Homo sapiens,Epidermal growth factor receptor,9606,,,IC50,nM,UO_0000065,,1.2,461.3640000000001,2.6194999999999995,8,4,106.43
,,129764,[],CHEMBL673925,Inhibition of phosphorylation of a polyglutamic acid/tyrosine random copolymer by EGFR enzyme (from human A431 carcinoma cell vesicles),B,,,BAO_0000190,BAO_0000357,single protein format,C=C(C)C(=O)Nc1ccc2ncnc(Nc3cccc(Br)c3)c2c1,,,CHEMBL1134843,J Med Chem,2001,"{'bei': '23.28', 'le': '0.51', 'lle': '4.27', 'sei': '13.33'}",,CHEMBL92086,,CHEMBL92086,8.92,0,http://www.openphacts.org/units/Nanomolar,265490,=,1,1,=,,IC50,nM,,1.2,CHEMBL203,Homo sapiens,Epidermal growth factor receptor,9606,,,IC50 app,nM,UO_0000065,,1.2,383.249,4.650500000000003,4,2,66.91
,,63367,[],CHEMBL674637,Inhibitory activity towards tyrosine phosphorylation for the epidermal growth factor-receptor kinase,B,,,BAO_0000190,BAO_0000357,single protein format,CCN(CC)CCNC(=O)c1cc(C)c(/C=C2\C(=O)Nc3ncnc(Nc4ccc(F)c(Cl)c4)c32)[nH]1,,,CHEMBL1134862,Bioorg Med Chem Lett,2002,"{'bei': '17.42', 'le': '0.34', 'lle': '4.71', 'sei': '7.75'}",,CHEMBL69358,,CHEMBL69358,8.92,0,http://www.openphacts.org/units/Nanomolar,119489,=,1,1,=,,IC50,nM,,1.2,CHEMBL203,Homo sapiens,Epidermal growth factor receptor,9606,,,IC50,uM,UO_0000065,,0.0012,511.9890000000001,4.213520000000002,6,4,115.04000000000002
,,393852,[],CHEMBL679944,Concentration needed to inhibit the phosphorylation of a 14-residue fragment of phospholipase C-gamma1 by Epidermal growth factor receptor (prepared from human A431 carcinoma cell vesicles by immunoaffinity chromatography),B,,,BAO_0000190,BAO_0000357,single protein format,Brc1cccc(Nc2ncnc3ccc4cc[nH]c4c23)c1,,,CHEMBL1132555,J Med Chem,1999,"{'bei': '26.26', 'le': '0.58', 'lle': '4.29', 'sei': '16.62'}",,CHEMBL153525,,CHEMBL153525,8.91,1,http://www.openphacts.org/units/Nanomolar,296373,=,1,1,=,,IC50,nM,,1.24,CHEMBL203,Homo sapiens,Epidermal growth factor receptor,9606,,,IC50,nM,UO_0000065,,1.24,339.1960000000001,4.617200000000001,3,2,53.6
,,123355,[],CHEMBL673925,Inhibition of phosphorylation of a polyglutamic acid/tyrosine random copolymer by EGFR enzyme (from human A431 carcinoma cell vesicles),B,,,BAO_0000190,BAO_0000357,single protein format,C=CS(=O)(=O)Nc1ccc2ncnc(Nc3cccc(Br)c3)c2c1,,,CHEMBL1134843,J Med Chem,2001,"{'bei': '21.85', 'le': '0.50', 'lle': '4.83', 'sei': '10.54'}",,CHEMBL136511,,CHEMBL136511,8.85,0,http://www.openphacts.org/units/Nanomolar,265473,=,1,1,=,,IC50,nM,,1.4,CHEMBL203,Homo sapiens,Epidermal growth factor receptor,9606,,,IC50 app,nM,UO_0000065,,1.4,405.2770000000001,4.0211000000000015,5,2,83.98
,,369173,[],CHEMBL677387,Inhibition of phosphorylation of polyglutamic acid/tyrosine random copolymer by epidermal growth factor receptor.,B,,,BAO_0000190,BAO_0000357,single protein format,CNc1cc2ncnc(Nc3cccc(C)c3)c2cn1,,,CHEMBL1130246,J Med Chem,1997,"{'bei': '33.37', 'le': '0.60', 'lle': '5.73', 'sei': '14.11'}",,CHEMBL127082,,CHEMBL127082,8.85,0,http://www.openphacts.org/units/Nanomolar,243822,=,1,1,=,,IC50,nM,,1.4,CHEMBL203,Homo sapiens,Epidermal growth factor receptor,9606,,,IC50,nM,UO_0000065,,1.4,265.32,3.118520000000001,5,2,62.730000000000004
,,353633,[],CHEMBL677387,Inhibition of phosphorylation of polyglutamic acid/tyrosine random copolymer by epidermal growth factor receptor.,B,,,BAO_0000190,BAO_0000357,single protein format,O=S(=O)(O)CCNc1cc2ncnc(Nc3cccc(Br)c3)c2cn1,,,CHEMBL1130246,J Med Chem,1997,"{'bei': '20.87', 'le': '0.48', 'lle': '6.02', 'sei': '7.56'}",,CHEMBL128467,,CHEMBL128467,8.85,0,http://www.openphacts.org/units/Nanomolar,243823,=,1,1,=,,IC50,nM,,1.4,CHEMBL203,Homo sapiens,Epidermal growth factor receptor,9606,,,IC50,nM,UO_0000065,,1.4,424.2800000000001,2.8306000000000004,7,3,117.10000000000001
,,124595,[],CHEMBL673925,Inhibition of phosphorylation of a polyglutamic acid/tyrosine random copolymer by EGFR enzyme (from human A431 carcinoma cell vesicles),B,,,BAO_0000190,BAO_0000357,single protein format,CN(C)CCCNC(=O)/C=C/C(=O)N(C)c1cc2c(Nc3cccc(Br)c3)ncnc2cn1,,,CHEMBL1134843,J Med Chem,2001,"{'bei': '17.25', 'le': '0.37', 'lle': '5.72', 'sei': '8.55'}",,CHEMBL136102,,CHEMBL136102,8.84,0,http://www.openphacts.org/units/Nanomolar,265476,=,1,1,=,,IC50,nM,,1.45,CHEMBL203,Homo sapiens,Epidermal growth factor receptor,9606,,,IC50 app,nM,UO_0000065,,1.45,512.412,3.117800000000001,7,2,103.35000000000001
,,389440,[],CHEMBL677387,Inhibition of phosphorylation of polyglutamic acid/tyrosine random copolymer by epidermal growth factor receptor.,B,,,BAO_0000190,BAO_0000357,single protein format,O=C(O)CNc1cc2ncnc(Nc3cccc(Br)c3)c2cn1,,,CHEMBL1130246,J Med Chem,1997,"{'bei': '23.58', 'le': '0.52', 'lle': '5.79', 'sei': '8.82'}",,CHEMBL338175,,CHEMBL338175,8.82,0,http://www.openphacts.org/units/Nanomolar,243817,=,1,1,=,,IC50,nM,,1.5,CHEMBL203,Homo sapiens,Epidermal growth factor receptor,9606,,,IC50,nM,UO_0000065,,1.5,374.1980000000001,3.027400000000001,6,3,100.03
,,121309,[],CHEMBL679947,"Inhibition of phosphorylation of phospholipase C gamma1 by Epidermal growth factor receptor, from human A431 carcinoma cell vesicles",F,,,BAO_0000190,BAO_0000019,assay format,Nc1ncc2ncnc(Nc3cccc(Br)c3)c2n1,,,CHEMBL1130057,J Med Chem,1997,,,CHEMBL53831,,CHEMBL53831,8.82,0,http://www.openphacts.org/units/Nanomolar,89143,=,1,1,=,,IC50,nM,,1.5,CHEMBL203,Homo sapiens,Epidermal growth factor receptor,9606,,,IC50,nM,UO_0000065,,1.5,317.15000000000003,2.5081000000000007,6,2,89.61
,,111935,[],CHEMBL673925,Inhibition of phosphorylation of a polyglutamic acid/tyrosine random copolymer by EGFR enzyme (from human A431 carcinoma cell vesicles),B,,,BAO_0000190,BAO_0000357,single protein format,CCOC(=O)/C=C/C(=O)Nc1cc2c(Nc3cccc(Br)c3)ncnc2cn1,,,CHEMBL1134843,J Med Chem,2001,"{'bei': '19.95', 'le': '0.43', 'lle': '5.23', 'sei': '8.32'}",,CHEMBL422292,,CHEMBL422292,8.82,0,http://www.openphacts.org/units/Nanomolar,265461,=,1,1,=,,IC50,nM,,1.5,CHEMBL203,Homo sapiens,Epidermal growth factor receptor,9606,,,IC50 app,nM,UO_0000065,,1.5,442.2730000000001,3.588700000000001,7,2,106.10000000000001
,,110479,[],CHEMBL673925,Inhibition of phosphorylation of a polyglutamic acid/tyrosine random copolymer by EGFR enzyme (from human A431 carcinoma cell vesicles),B,,,BAO_0000190,BAO_0000357,single protein format,C=CC(=O)Nc1cc2c(Nc3ccc(F)c(Cl)c3)ncnc2cc1OCCCN1CCOCC1.Cl.Cl,,,CHEMBL1134843,J Med Chem,2001,"{'bei': '18.16', 'le': '0.35', 'lle': '4.43', 'sei': '9.96'}",,CHEMBL545315,CANERTINIB DIHYDROCHLORIDE,CHEMBL31965,8.82,0,http://www.openphacts.org/units/Nanomolar,265491,=,1,1,=,,IC50,nM,,1.5,CHEMBL203,Homo sapiens,Epidermal growth factor receptor,9606,,,IC50 app,nM,UO_0000065,,1.5,558.8690000000005,5.235100000000005,7,2,88.61
,,133547,[],CHEMBL673925,Inhibition of phosphorylation of a polyglutamic acid/tyrosine random copolymer by EGFR enzyme (from human A431 carcinoma cell vesicles),B,,,BAO_0000190,BAO_0000357,single protein format,C=C=CC(=O)Nc1ccc2ncnc(Nc3cccc(Br)c3)c2c1,,,CHEMBL1134843,J Med Chem,2001,"{'bei': '23.07', 'le': '0.50', 'lle': '4.38', 'sei': '13.15'}",,CHEMBL343722,,CHEMBL343722,8.8,0,http://www.openphacts.org/units/Nanomolar,265466,=,1,1,=,,IC50,nM,,1.6,CHEMBL203,Homo sapiens,Epidermal growth factor receptor,9606,,,IC50 app,nM,UO_0000065,,1.6,381.23300000000006,4.415500000000002,4,2,66.91
,,120871,[],CHEMBL673925,Inhibition of phosphorylation of a polyglutamic acid/tyrosine random copolymer by EGFR enzyme (from human A431 carcinoma cell vesicles),B,,,BAO_0000190,BAO_0000357,single protein format,C=C(C)C(=O)Nc1cc2c(Nc3cccc(Br)c3)ncnc2cn1,,,CHEMBL1134843,J Med Chem,2001,"{'bei': '22.89', 'le': '0.50', 'lle': '4.75', 'sei': '11.02'}",,CHEMBL138363,,CHEMBL138363,8.8,0,http://www.openphacts.org/units/Nanomolar,265489,=,1,1,=,,IC50,nM,,1.6,CHEMBL203,Homo sapiens,Epidermal growth factor receptor,9606,,,IC50 app,nM,UO_0000065,,1.6,384.2370000000001,4.045500000000002,5,2,79.8
,,218693,[],CHEMBL677389,Inhibition of the phosphorylation of a random polyglutamic acid/tyrosine copolymer by human epidermal growth factor receptor(EGFR) prepared from human A431 carcinoma cells,B,,,BAO_0000190,BAO_0000219,cell-based format,OCC(O)Cn1ccc2cc3c(Nc4cccc(Br)c4)ncnc3cc21,,,CHEMBL1130030,J Med Chem,1997,"{'bei': '21.28', 'le': '0.46', 'lle': '5.36', 'sei': '10.57'}",,CHEMBL416611,,CHEMBL416611,8.8,0,http://www.openphacts.org/units/Nanomolar,60198,=,1,1,=,,IC50,nM,,1.6,CHEMBL203,Homo sapiens,Epidermal growth factor receptor,9606,,,IC50,nM,UO_0000065,,1.6,413.2750000000001,3.4438000000000013,6,3,83.2
,,133544,[],CHEMBL673925,Inhibition of phosphorylation of a polyglutamic acid/tyrosine random copolymer by EGFR enzyme (from human A431 carcinoma cell vesicles),B,,,BAO_0000190,BAO_0000357,single protein format,O=C(/C=C/C(F)(F)F)Nc1ccc2ncnc(Nc3cccc(Br)c3)c2c1,,,CHEMBL1134843,J Med Chem,2001,"{'bei': '20.03', 'le': '0.44', 'lle': '3.57', 'sei': '13.09'}",,CHEMBL135142,,CHEMBL135142,8.76,0,http://www.openphacts.org/units/Nanomolar,265468,=,1,1,=,,IC50,nM,,1.75,CHEMBL203,Homo sapiens,Epidermal growth factor receptor,9606,,,IC50 app,nM,UO_0000065,,1.75,437.21900000000016,5.192900000000002,4,2,66.91
,,423336,[],CHEMBL679944,Concentration needed to inhibit the phosphorylation of a 14-residue fragment of phospholipase C-gamma1 by Epidermal growth factor receptor (prepared from human A431 carcinoma cell vesicles by immunoaffinity chromatography),B,,,BAO_0000190,BAO_0000357,single protein format,Brc1cccc(Nc2ncnc3c2sc2ccccc23)c1,,,CHEMBL1132555,J Med Chem,1999,"{'bei': '24.55', 'le': '0.57', 'lle': '3.39', 'sei': '23.13'}",,CHEMBL356850,,CHEMBL356850,8.74,0,http://www.openphacts.org/units/Nanomolar,296401,=,1,1,=,,IC50,nM,,1.8,CHEMBL203,Homo sapiens,Epidermal growth factor receptor,9606,,,IC50,nM,UO_0000065,,1.8,356.24800000000005,5.350600000000002,4,1,37.81
,,58122,[],CHEMBL674637,Inhibitory activity towards tyrosine phosphorylation for the epidermal growth factor-receptor kinase,B,,,BAO_0000190,BAO_0000357,single protein format,Cc1cc(C(=O)N2CCOCC2)[nH]c1/C=C1\C(=O)Nc2ncnc(Nc3ccc4c(cnn4Cc4ccccc4)c3)c21,,,CHEMBL1134862,Bioorg Med Chem Lett,2002,"{'bei': '15.60', 'le': '0.28', 'lle': '4.52', 'sei': '6.72'}",,CHEMBL67003,,CHEMBL67003,8.74,0,http://www.openphacts.org/units/Nanomolar,119499,=,1,1,=,,IC50,nM,,1.8,CHEMBL203,Homo sapiens,Epidermal growth factor receptor,9606,,,IC50,uM,UO_0000065,,0.0018,560.6180000000002,4.219820000000002,8,3,130.06
,,386241,[],CHEMBL677387,Inhibition of phosphorylation of polyglutamic acid/tyrosine random copolymer by epidermal growth factor receptor.,B,,,BAO_0000190,BAO_0000357,single protein format,Brc1cccc(Nc2ncnc3cc(NCCCN4CCOCC4)ncc23)c1,,,CHEMBL1130246,J Med Chem,1997,"{'bei': '19.67', 'le': '0.43', 'lle': '5.05', 'sei': '11.60'}",,CHEMBL126623,,CHEMBL126623,8.72,0,http://www.openphacts.org/units/Nanomolar,243814,=,1,1,=,,IC50,nM,,1.9,CHEMBL203,Homo sapiens,Epidermal growth factor receptor,9606,,,IC50,nM,UO_0000065,,1.9,443.34900000000033,3.6651000000000016,7,2,75.2
,,419116,[],CHEMBL679944,Concentration needed to inhibit the phosphorylation of a 14-residue fragment of phospholipase C-gamma1 by Epidermal growth factor receptor (prepared from human A431 carcinoma cell vesicles by immunoaffinity chromatography),B,,,BAO_0000190,BAO_0000357,single protein format,Cc1cccc(Nc2ncnc3c2sc2ccc(N)cc23)c1,,,CHEMBL1132555,J Med Chem,1999,"{'bei': '28.32', 'le': '0.54', 'lle': '4.20', 'sei': '13.60'}",,CHEMBL155278,,CHEMBL155278,8.68,0,http://www.openphacts.org/units/Nanomolar,296395,=,1,1,=,,IC50,nM,,2.1,CHEMBL203,Homo sapiens,Epidermal growth factor receptor,9606,,,IC50,nM,UO_0000065,,2.1,306.39400000000006,4.478720000000003,5,2,63.83
,,127787,[],CHEMBL679947,"Inhibition of phosphorylation of phospholipase C gamma1 by Epidermal growth factor receptor, from human A431 carcinoma cell vesicles",F,,,BAO_0000190,BAO_0000019,assay format,Brc1cccc(Nc2ncnc3cnc(NCCCn4ccnc4)nc23)c1,,,CHEMBL1130057,J Med Chem,1997,,,CHEMBL51228,,CHEMBL51228,8.64,0,http://www.openphacts.org/units/Nanomolar,89152,=,1,1,=,,IC50,nM,,2.3,CHEMBL203,Homo sapiens,Epidermal growth factor receptor,9606,,,IC50,nM,UO_0000065,,2.3,425.2940000000002,3.6246,8,2,93.44
,,121310,[],CHEMBL679947,"Inhibition of phosphorylation of phospholipase C gamma1 by Epidermal growth factor receptor, from human A431 carcinoma cell vesicles",F,,,BAO_0000190,BAO_0000019,assay format,Cc1cccc(Nc2ncnc3cnc(NCCN4CCOCC4)nc23)c1,,,CHEMBL1130057,J Med Chem,1997,,,CHEMBL299881,,CHEMBL299881,8.64,0,http://www.openphacts.org/units/Nanomolar,89147,=,1,1,=,,IC50,nM,,2.3,CHEMBL203,Homo sapiens,Epidermal growth factor receptor,9606,,,IC50,nM,UO_0000065,,2.3,365.44100000000026,2.2159199999999997,8,2,88.09
,,136079,[],CHEMBL673925,Inhibition of phosphorylation of a polyglutamic acid/tyrosine random copolymer by EGFR enzyme (from human A431 carcinoma cell vesicles),B,,,BAO_0000190,BAO_0000357,single protein format,CN(C)CCCOC(=O)/C=C/C(=O)Nc1ccc2ncnc(Nc3cccc(Br)c3)c2c1,,,CHEMBL1134843,J Med Chem,2001,"{'bei': '17.30', 'le': '0.37', 'lle': '4.49', 'sei': '8.94'}",,CHEMBL140561,,CHEMBL140561,8.62,0,http://www.openphacts.org/units/Nanomolar,265482,=,1,1,=,,IC50,nM,,2.4,CHEMBL203,Homo sapiens,Epidermal growth factor receptor,9606,,,IC50 app,nM,UO_0000065,,2.4,498.38100000000014,4.125500000000002,7,2,96.45
,,189000,[],CHEMBL677389,Inhibition of the phosphorylation of a random polyglutamic acid/tyrosine copolymer by human epidermal growth factor receptor(EGFR) prepared from human A431 carcinoma cells,B,,,BAO_0000190,BAO_0000219,cell-based format,CN(C)Cc1c[nH]c2cc3ncnc(Nc4cccc(Br)c4)c3cc12,,,CHEMBL1130030,J Med Chem,1997,"{'bei': '21.66', 'le': '0.47', 'lle': '3.91', 'sei': '15.10'}",,CHEMBL287007,,CHEMBL287007,8.59,0,http://www.openphacts.org/units/Nanomolar,60191,=,1,1,=,,IC50,nM,,2.6,CHEMBL203,Homo sapiens,Epidermal growth factor receptor,9606,,,IC50,nM,UO_0000065,,2.6,396.2920000000001,4.6788000000000025,4,2,56.84
,,356555,[],CHEMBL677387,Inhibition of phosphorylation of polyglutamic acid/tyrosine random copolymer by epidermal growth factor receptor.,B,,,BAO_0000190,BAO_0000357,single protein format,CN(CCO)c1cc2ncnc(Nc3cccc(Br)c3)c2cn1,,,CHEMBL1130246,J Med Chem,1997,"{'bei': '22.94', 'le': '0.51', 'lle': '5.63', 'sei': '11.57'}",,CHEMBL341319,,CHEMBL341319,8.59,0,http://www.openphacts.org/units/Nanomolar,243800,=,1,1,=,,IC50,nM,,2.6,CHEMBL203,Homo sapiens,Epidermal growth factor receptor,9606,,,IC50,nM,UO_0000065,,2.6,374.2420000000001,2.9594000000000005,6,2,74.17
,,423344,[],CHEMBL679944,Concentration needed to inhibit the phosphorylation of a 14-residue fragment of phospholipase C-gamma1 by Epidermal growth factor receptor (prepared from human A431 carcinoma cell vesicles by immunoaffinity chromatography),B,,,BAO_0000190,BAO_0000357,single protein format,CO.Nc1cccc2c1sc1c(Nc3cccc(Br)c3)ncnc12,,,CHEMBL1132555,J Med Chem,1999,"{'bei': '23.08', 'le': '0.53', 'lle': '3.64', 'sei': '13.42'}",,CHEMBL151593,,CHEMBL1181018,8.57,0,http://www.openphacts.org/units/Nanomolar,296383,=,1,1,=,,IC50,nM,,2.7,CHEMBL203,Homo sapiens,Epidermal growth factor receptor,9606,,,IC50,nM,UO_0000065,,2.7,403.305,4.5413000000000014,6,3,84.06
,,122056,[],CHEMBL673925,Inhibition of phosphorylation of a polyglutamic acid/tyrosine random copolymer by EGFR enzyme (from human A431 carcinoma cell vesicles),B,,,BAO_0000190,BAO_0000357,single protein format,CCOC(=O)/C=C/C(=O)Nc1ccc2ncnc(Nc3cccc(Br)c3)c2c1,,,CHEMBL1134843,J Med Chem,2001,"{'bei': '19.42', 'le': '0.42', 'lle': '4.38', 'sei': '9.19'}",,CHEMBL344486,,CHEMBL344486,8.57,0,http://www.openphacts.org/units/Nanomolar,265462,=,1,1,=,,IC50,nM,,2.7,CHEMBL203,Homo sapiens,Epidermal growth factor receptor,9606,,,IC50 app,nM,UO_0000065,,2.7,441.2850000000001,4.193700000000002,6,2,93.21000000000001
,,118461,[],CHEMBL673925,Inhibition of phosphorylation of a polyglutamic acid/tyrosine random copolymer by EGFR enzyme (from human A431 carcinoma cell vesicles),B,,,BAO_0000190,BAO_0000357,single protein format,C=CC(=O)N(CCCN1CCOCC1)c1cc2c(Nc3cccc(Br)c3)ncnc2cn1,,,CHEMBL1134843,J Med Chem,2001,"{'bei': '17.23', 'le': '0.37', 'lle': '4.80', 'sei': '10.26'}",,CHEMBL137082,,CHEMBL137082,8.57,0,http://www.openphacts.org/units/Nanomolar,265484,=,1,1,=,,IC50,nM,,2.7,CHEMBL203,Homo sapiens,Epidermal growth factor receptor,9606,,,IC50 app,nM,UO_0000065,,2.7,497.39700000000005,3.7722000000000024,7,1,83.48
,,62047,[],CHEMBL674637,Inhibitory activity towards tyrosine phosphorylation for the epidermal growth factor-receptor kinase,B,,,BAO_0000190,BAO_0000357,single protein format,Cc1cc(C(=O)N2CCN(C)CC2)[nH]c1/C=C1\C(=O)Nc2ncnc(Nc3ccc(F)c(Cl)c3)c21,,,CHEMBL1134862,Bioorg Med Chem Lett,2002,"{'bei': '17.25', 'le': '0.33', 'lle': '5.02', 'sei': '8.05'}",,CHEMBL305246,,CHEMBL305246,8.55,0,http://www.openphacts.org/units/Nanomolar,119493,=,1,1,=,,IC50,nM,,2.8,CHEMBL203,Homo sapiens,Epidermal growth factor receptor,9606,,,IC50,uM,UO_0000065,,0.0028,495.9460000000001,3.5295200000000007,6,3,106.25
,,112518,[],CHEMBL679947,"Inhibition of phosphorylation of phospholipase C gamma1 by Epidermal growth factor receptor, from human A431 carcinoma cell vesicles",F,,,BAO_0000190,BAO_0000019,assay format,Brc1cccc(Nc2ncnc3cnc(NCCCN4CCOCC4)nc23)c1,,,CHEMBL1130057,J Med Chem,1997,,,CHEMBL417420,,CHEMBL417420,8.54,0,http://www.openphacts.org/units/Nanomolar,89153,=,1,1,=,,IC50,nM,,2.9,CHEMBL203,Homo sapiens,Epidermal growth factor receptor,9606,,,IC50,nM,UO_0000065,,2.9,444.3370000000004,3.0601000000000003,8,2,88.09
,,123785,[],CHEMBL679947,"Inhibition of phosphorylation of phospholipase C gamma1 by Epidermal growth factor receptor, from human A431 carcinoma cell vesicles",F,,,BAO_0000190,BAO_0000019,assay format,Cc1cccc(Nc2ncnc3cnc(NCCc4c[nH]cn4)nc23)c1,,,CHEMBL1130057,J Med Chem,1997,,,CHEMBL416307,,CHEMBL416307,8.52,0,http://www.openphacts.org/units/Nanomolar,89151,=,1,1,=,,IC50,nM,,3.0,CHEMBL203,Homo sapiens,Epidermal growth factor receptor,9606,,,IC50,nM,UO_0000065,,3.0,346.398,2.84952,7,3,104.30000000000001
,,125108,[],CHEMBL680030,Tested for inhibition of PLC gamma-derived substrate in Epidermal growth factor receptor stimulated A431 cells,F,,,BAO_0000190,BAO_0000219,cell-based format,CNc1ccc2ncnc(Nc3cccc(Br)c3)c2n1,,,CHEMBL1130057,J Med Chem,1997,,,CHEMBL53156,,CHEMBL53156,8.51,1,http://www.openphacts.org/units/Nanomolar,89157,=,1,1,=,,IC50,nM,,3.1,CHEMBL203,Homo sapiens,Epidermal growth factor receptor,9606,,,IC50,nM,UO_0000065,,3.1,330.1890000000001,3.5726000000000013,5,2,62.730000000000004
,,355097,[],CHEMBL677387,Inhibition of phosphorylation of polyglutamic acid/tyrosine random copolymer by epidermal growth factor receptor.,B,,,BAO_0000190,BAO_0000357,single protein format,CN(CC(O)CO)c1cc2ncnc(Nc3cccc(Br)c3)c2cn1,,,CHEMBL1130246,J Med Chem,1997,"{'bei': '21.01', 'le': '0.46', 'lle': '6.17', 'sei': '9.00'}",,CHEMBL340700,,CHEMBL340700,8.49,0,http://www.openphacts.org/units/Nanomolar,243836,=,1,1,=,,IC50,nM,,3.2,CHEMBL203,Homo sapiens,Epidermal growth factor receptor,9606,,,IC50,nM,UO_0000065,,3.2,404.2680000000001,2.3202999999999996,7,3,94.4
,,352155,[],CHEMBL677387,Inhibition of phosphorylation of polyglutamic acid/tyrosine random copolymer by epidermal growth factor receptor.,B,,,BAO_0000190,BAO_0000357,single protein format,Brc1cccc(Nc2ncnc3cc(NCCN4CCOCC4)ncc23)c1,,,CHEMBL1130246,J Med Chem,1997,"{'bei': '19.79', 'le': '0.43', 'lle': '5.21', 'sei': '11.30'}",,CHEMBL128987,,CHEMBL128987,8.49,0,http://www.openphacts.org/units/Nanomolar,243815,=,1,1,=,,IC50,nM,,3.2,CHEMBL203,Homo sapiens,Epidermal growth factor receptor,9606,,,IC50,nM,UO_0000065,,3.2,429.3220000000003,3.2750000000000012,7,2,75.2
,,384687,[],CHEMBL677387,Inhibition of phosphorylation of polyglutamic acid/tyrosine random copolymer by epidermal growth factor receptor.,B,,,BAO_0000190,BAO_0000357,single protein format,CN(CC(O)C(O)C(O)C(O)CO)c1cc2ncnc(Nc3cccc(Br)c3)c2cn1,,,CHEMBL1130246,J Med Chem,1997,"{'bei': '17.18', 'le': '0.37', 'lle': '8.09', 'sei': '5.48'}",,CHEMBL127611,,CHEMBL127611,8.49,0,http://www.openphacts.org/units/Nanomolar,243833,=,1,1,=,,IC50,nM,,3.2,CHEMBL203,Homo sapiens,Epidermal growth factor receptor,9606,,,IC50,nM,UO_0000065,,3.2,494.3460000000001,0.40300000000000075,10,6,155.09000000000003
,,106877,[],CHEMBL673925,Inhibition of phosphorylation of a polyglutamic acid/tyrosine random copolymer by EGFR enzyme (from human A431 carcinoma cell vesicles),B,,,BAO_0000190,BAO_0000357,single protein format,C=CC(=O)N(CCCN1CCOCC1)c1ccc2ncnc(Nc3cccc(Br)c3)c2c1,,,CHEMBL1134843,J Med Chem,2001,"{'bei': '17.09', 'le': '0.36', 'lle': '4.10', 'sei': '12.02'}",,CHEMBL139307,,CHEMBL139307,8.48,0,http://www.openphacts.org/units/Nanomolar,265483,=,1,1,=,,IC50,nM,,3.3,CHEMBL203,Homo sapiens,Epidermal growth factor receptor,9606,,,IC50 app,nM,UO_0000065,,3.3,496.40900000000005,4.377200000000003,6,1,70.59
,,202122,[],CHEMBL677389,Inhibition of the phosphorylation of a random polyglutamic acid/tyrosine copolymer by human epidermal growth factor receptor(EGFR) prepared from human A431 carcinoma cells,B,,,BAO_0000190,BAO_0000219,cell-based format,COC(=O)CN(C)Cc1c[nH]c2cc3ncnc(Nc4cccc(Br)c4)c3cc12,,,CHEMBL1130030,J Med Chem,1997,"{'bei': '18.64', 'le': '0.40', 'lle': '4.25', 'sei': '10.19'}",,CHEMBL39715,,CHEMBL39715,8.47,0,http://www.openphacts.org/units/Nanomolar,60208,=,1,1,=,,IC50,nM,,3.4,CHEMBL203,Homo sapiens,Epidermal growth factor receptor,9606,,,IC50,nM,UO_0000065,,3.4,454.32800000000015,4.222000000000002,6,2,83.14
,,352158,[],CHEMBL677386,Inhibition of epidermal growth factor receptor (EGFR) from human A431 carcinoma cells,B,,,BAO_0000190,BAO_0000219,cell-based format,Cc1cccc(Nc2ncnc3cc(NCCCn4ccnc4)ncc23)c1,,,CHEMBL1130246,J Med Chem,1997,"{'bei': '23.53', 'le': '0.43', 'lle': '4.68', 'sei': '10.50'}",,CHEMBL340898,,CHEMBL340898,8.46,0,http://www.openphacts.org/units/Nanomolar,243827,=,1,1,=,,IC50,nM,,3.5,CHEMBL203,Homo sapiens,Epidermal growth factor receptor,9606,,,IC50,nM,UO_0000065,,3.5,359.43700000000007,3.775520000000002,7,2,80.55
,,220991,[],CHEMBL677389,Inhibition of the phosphorylation of a random polyglutamic acid/tyrosine copolymer by human epidermal growth factor receptor(EGFR) prepared from human A431 carcinoma cells,B,,,BAO_0000190,BAO_0000219,cell-based format,OCCN(CCO)Cc1c[nH]c2cc3ncnc(Nc4cccc(Br)c4)c3cc12,,,CHEMBL1130030,J Med Chem,1997,"{'bei': '18.53', 'le': '0.40', 'lle': '5.06', 'sei': '8.69'}",,CHEMBL36164,,CHEMBL36164,8.46,0,http://www.openphacts.org/units/Nanomolar,60192,=,1,1,=,,IC50,nM,,3.5,CHEMBL203,Homo sapiens,Epidermal growth factor receptor,9606,,,IC50,nM,UO_0000065,,3.5,456.3440000000001,3.4038000000000004,6,4,97.3
,,185100,[],CHEMBL677389,Inhibition of the phosphorylation of a random polyglutamic acid/tyrosine copolymer by human epidermal growth factor receptor(EGFR) prepared from human A431 carcinoma cells,B,,,BAO_0000190,BAO_0000219,cell-based format,Brc1cccc(Nc2ncnc3cc4c(cnn4CCN4CCOCC4)cc23)c1,,,CHEMBL1130030,J Med Chem,1997,"{'bei': '18.60', 'le': '0.40', 'lle': '4.61', 'sei': '12.38'}",,CHEMBL38199,,CHEMBL38199,8.43,0,http://www.openphacts.org/units/Nanomolar,60189,=,1,1,=,,IC50,nM,,3.7,CHEMBL203,Homo sapiens,Epidermal growth factor receptor,9606,,,IC50,nM,UO_0000065,,3.7,453.34400000000034,3.817800000000002,7,1,68.10000000000001
,,191435,[],CHEMBL677389,Inhibition of the phosphorylation of a random polyglutamic acid/tyrosine copolymer by human epidermal growth factor receptor(EGFR) prepared from human A431 carcinoma cells,B,,,BAO_0000190,BAO_0000219,cell-based format,Brc1cccc(Nc2ncnc3cc4c(ccn4CCN4CCOCC4)cc23)c1,,,CHEMBL1130030,J Med Chem,1997,"{'bei': '18.64', 'le': '0.40', 'lle': '4.01', 'sei': '15.27'}",,CHEMBL40130,,CHEMBL40130,8.43,0,http://www.openphacts.org/units/Nanomolar,60195,=,1,1,=,,IC50,nM,,3.7,CHEMBL203,Homo sapiens,Epidermal growth factor receptor,9606,,,IC50,nM,UO_0000065,,3.7,452.35600000000034,4.422800000000003,6,1,55.21000000000001
,,108323,[],CHEMBL679947,"Inhibition of phosphorylation of phospholipase C gamma1 by Epidermal growth factor receptor, from human A431 carcinoma cell vesicles",F,,,BAO_0000190,BAO_0000019,assay format,COc1ncc2ncnc(Nc3cccc(Br)c3)c2n1,,,CHEMBL1130057,J Med Chem,1997,,,CHEMBL51854,,CHEMBL51854,8.42,0,http://www.openphacts.org/units/Nanomolar,89168,=,1,1,=,,IC50,nM,,3.8,CHEMBL203,Homo sapiens,Epidermal growth factor receptor,9606,,,IC50,nM,UO_0000065,,3.8,332.16100000000006,2.9345,6,1,72.82000000000001
,,366476,[],CHEMBL677387,Inhibition of phosphorylation of polyglutamic acid/tyrosine random copolymer by epidermal growth factor receptor.,B,,,BAO_0000190,BAO_0000357,single protein format,CNc1ccc2c(Nc3cccc(Br)c3)ncnc2c1,,,CHEMBL1130246,J Med Chem,1997,"{'bei': '25.51', 'le': '0.57', 'lle': '4.22', 'sei': '16.85'}",,CHEMBL92812,,CHEMBL92812,8.4,0,http://www.openphacts.org/units/Nanomolar,243816,=,1,1,=,,IC50,nM,,4.0,CHEMBL203,Homo sapiens,Epidermal growth factor receptor,9606,,,IC50,nM,UO_0000065,,4.0,329.201,4.177600000000002,4,2,49.84
,,106119,[],CHEMBL679947,"Inhibition of phosphorylation of phospholipase C gamma1 by Epidermal growth factor receptor, from human A431 carcinoma cell vesicles",F,,,BAO_0000190,BAO_0000019,assay format,Cc1cccc(Nc2ncnc3cnc(N(C)C)nc23)c1,,,CHEMBL1130057,J Med Chem,1997,,,CHEMBL52829,,CHEMBL52829,8.4,0,http://www.openphacts.org/units/Nanomolar,89148,=,1,1,=,,IC50,nM,,4.0,CHEMBL203,Homo sapiens,Epidermal growth factor receptor,9606,,,IC50,nM,UO_0000065,,4.0,280.33500000000004,2.53782,6,1,66.83000000000001
,,105738,[],CHEMBL673925,Inhibition of phosphorylation of a polyglutamic acid/tyrosine random copolymer by EGFR enzyme (from human A431 carcinoma cell vesicles),B,,,BAO_0000190,BAO_0000357,single protein format,C=CC(=O)N(CCN(C)C)c1cc2c(Nc3cccc(Br)c3)ncnc2cn1,,,CHEMBL1134843,J Med Chem,2001,"{'bei': '18.98', 'le': '0.41', 'lle': '4.77', 'sei': '11.28'}",,CHEMBL138691,,CHEMBL138691,8.38,0,http://www.openphacts.org/units/Nanomolar,265485,=,1,1,=,,IC50,nM,,4.2,CHEMBL203,Homo sapiens,Epidermal growth factor receptor,9606,,,IC50 app,nM,UO_0000065,,4.2,441.3330000000001,3.6115000000000013,6,1,74.25
,,132844,[],CHEMBL680030,Tested for inhibition of PLC gamma-derived substrate in Epidermal growth factor receptor stimulated A431 cells,F,,,BAO_0000190,BAO_0000219,cell-based format,COc1ccc2ncnc(Nc3cccc(Br)c3)c2n1,,,CHEMBL1130057,J Med Chem,1997,,,CHEMBL50519,,CHEMBL50519,8.37,1,http://www.openphacts.org/units/Nanomolar,89155,=,1,1,=,,IC50,nM,,4.3,CHEMBL203,Homo sapiens,Epidermal growth factor receptor,9606,,,IC50,nM,UO_0000065,,4.3,331.17300000000006,3.539500000000002,5,1,59.93000000000001
,,111131,[],CHEMBL679947,"Inhibition of phosphorylation of phospholipase C gamma1 by Epidermal growth factor receptor, from human A431 carcinoma cell vesicles",F,,,BAO_0000190,BAO_0000019,assay format,CNc1ncc2ncnc(Nc3cccc(C)c3)c2n1,,,CHEMBL1130057,J Med Chem,1997,,,CHEMBL52591,,CHEMBL52591,8.37,0,http://www.openphacts.org/units/Nanomolar,89149,=,1,1,=,,IC50,nM,,4.3,CHEMBL203,Homo sapiens,Epidermal growth factor receptor,9606,,,IC50,nM,UO_0000065,,4.3,266.308,2.5135200000000006,6,2,75.62
,,47933,[],CHEMBL674637,Inhibitory activity towards tyrosine phosphorylation for the epidermal growth factor-receptor kinase,B,,,BAO_0000190,BAO_0000357,single protein format,Cc1cc(C(=O)N2CCOCC2)[nH]c1/C=C1\C(=O)Nc2ncnc(Nc3ccc4c(ccn4Cc4ccccc4)c3)c21,,,CHEMBL1134862,Bioorg Med Chem Lett,2002,"{'bei': '14.91', 'le': '0.27', 'lle': '3.53', 'sei': '7.12'}",,CHEMBL67057,,CHEMBL67057,8.35,0,http://www.openphacts.org/units/Nanomolar,119500,=,1,1,=,,IC50,nM,,4.5,CHEMBL203,Homo sapiens,Epidermal growth factor receptor,9606,,,IC50,uM,UO_0000065,,0.0045,559.6300000000002,4.824820000000003,7,3,117.16999999999999
,,136084,[],CHEMBL673925,Inhibition of phosphorylation of a polyglutamic acid/tyrosine random copolymer by EGFR enzyme (from human A431 carcinoma cell vesicles),B,,,BAO_0000190,BAO_0000357,single protein format,C=C[S+]([O-])c1cc2c(Nc3cccc(Br)c3)ncnc2cn1,,,CHEMBL1134843,J Med Chem,2001,"{'bei': '22.22', 'le': '0.52', 'lle': '4.56', 'sei': '11.30'}",,CHEMBL345077,,CHEMBL345077,8.34,0,http://www.openphacts.org/units/Nanomolar,265470,=,1,1,=,,IC50,nM,,4.6,CHEMBL203,Homo sapiens,Epidermal growth factor receptor,9606,,,IC50 app,nM,UO_0000065,,4.6,375.25100000000003,3.782000000000002,5,1,73.75999999999999
,,58119,[],CHEMBL674637,Inhibitory activity towards tyrosine phosphorylation for the epidermal growth factor-receptor kinase,B,,,BAO_0000190,BAO_0000357,single protein format,Cc1cc(CCC(=O)O)[nH]c1/C=C1\C(=O)Nc2ncnc(Nc3ccc(F)c(Cl)c3)c21,,,CHEMBL1134862,Bioorg Med Chem Lett,2002,"{'bei': '18.85', 'le': '0.37', 'lle': '4.17', 'sei': '6.94'}",,CHEMBL308645,,CHEMBL308645,8.33,0,http://www.openphacts.org/units/Nanomolar,119483,=,1,1,=,,IC50,nM,,4.7,CHEMBL203,Homo sapiens,Epidermal growth factor receptor,9606,,,IC50,uM,UO_0000065,,0.0047,441.8500000000001,4.1591200000000015,5,4,120.0
,,369171,[],CHEMBL677387,Inhibition of phosphorylation of polyglutamic acid/tyrosine random copolymer by epidermal growth factor receptor.,B,,,BAO_0000190,BAO_0000357,single protein format,OCC(O)C(O)C(O)C(O)CNc1cc2ncnc(Nc3cccc(Br)c3)c2cn1,,,CHEMBL1130246,J Med Chem,1997,"{'bei': '17.32', 'le': '0.38', 'lle': '7.94', 'sei': '5.08'}",,CHEMBL129579,,CHEMBL129579,8.32,0,http://www.openphacts.org/units/Nanomolar,243834,=,1,1,=,,IC50,nM,,4.8,CHEMBL203,Homo sapiens,Epidermal growth factor receptor,9606,,,IC50,nM,UO_0000065,,4.8,480.31900000000013,0.37869999999999987,10,7,163.88
,,219940,[],CHEMBL677389,Inhibition of the phosphorylation of a random polyglutamic acid/tyrosine copolymer by human epidermal growth factor receptor(EGFR) prepared from human A431 carcinoma cells,B,,,BAO_0000190,BAO_0000219,cell-based format,Brc1cccc(Nc2ncnc3cc4[nH]cc(CN5CCOCC5)c4cc23)c1,,,CHEMBL1130030,J Med Chem,1997,"{'bei': '18.98', 'le': '0.41', 'lle': '3.87', 'sei': '12.59'}",,CHEMBL36967,,CHEMBL36967,8.32,0,http://www.openphacts.org/units/Nanomolar,60210,=,1,1,=,,IC50,nM,,4.8,CHEMBL203,Homo sapiens,Epidermal growth factor receptor,9606,,,IC50,nM,UO_0000065,,4.8,438.3290000000003,4.4494000000000025,5,2,66.07000000000001
,,353631,[],CHEMBL677387,Inhibition of phosphorylation of polyglutamic acid/tyrosine random copolymer by epidermal growth factor receptor.,B,,,BAO_0000190,BAO_0000357,single protein format,CN1CCN(CCCNc2cc3ncnc(Nc4cccc(Br)c4)c3cn2)CC1,,,CHEMBL1130246,J Med Chem,1997,"{'bei': '18.21', 'le': '0.39', 'lle': '4.73', 'sei': '12.01'}",,CHEMBL340484,,CHEMBL340484,8.31,0,http://www.openphacts.org/units/Nanomolar,243811,=,1,1,=,,IC50,nM,,4.9,CHEMBL203,Homo sapiens,Epidermal growth factor receptor,9606,,,IC50,nM,UO_0000065,,4.9,456.39200000000017,3.580300000000001,7,2,69.21000000000001
,,200770,[],CHEMBL677389,Inhibition of the phosphorylation of a random polyglutamic acid/tyrosine copolymer by human epidermal growth factor receptor(EGFR) prepared from human A431 carcinoma cells,B,,,BAO_0000190,BAO_0000219,cell-based format,O=C(O)Cn1ccc2cc3c(Nc4cccc(Br)c4)ncnc3cc21,,,CHEMBL1130030,J Med Chem,1997,"{'bei': '20.88', 'le': '0.45', 'lle': '4.11', 'sei': '10.36'}",,CHEMBL289162,,CHEMBL289162,8.29,0,http://www.openphacts.org/units/Nanomolar,60193,=,1,1,=,,IC50,nM,,5.1,CHEMBL203,Homo sapiens,Epidermal growth factor receptor,9606,,,IC50,nM,UO_0000065,,5.1,397.2320000000001,4.175200000000002,5,2,80.04
,,348082,[],CHEMBL677387,Inhibition of phosphorylation of polyglutamic acid/tyrosine random copolymer by epidermal growth factor receptor.,B,,,BAO_0000190,BAO_0000357,single protein format,Brc1cccc(Nc2ncnc3cc(NCCCCN4CCOCC4)ncc23)c1,,,CHEMBL1130246,J Med Chem,1997,"{'bei': '18.08', 'le': '0.39', 'lle': '4.21', 'sei': '10.99'}",,CHEMBL126384,,CHEMBL126384,8.27,0,http://www.openphacts.org/units/Nanomolar,243813,=,1,1,=,,IC50,nM,,5.4,CHEMBL203,Homo sapiens,Epidermal growth factor receptor,9606,,,IC50,nM,UO_0000065,,5.4,457.3760000000004,4.055200000000002,7,2,75.2
,,352160,[],CHEMBL677387,Inhibition of phosphorylation of polyglutamic acid/tyrosine random copolymer by epidermal growth factor receptor.,B,,,BAO_0000190,BAO_0000357,single protein format,Cc1cccc(Nc2ncnc3cc(NCCCCN(C)C)ncc23)c1,,,CHEMBL1130246,J Med Chem,1997,"{'bei': '23.59', 'le': '0.43', 'lle': '4.44', 'sei': '12.53'}",,CHEMBL338215,,CHEMBL338215,8.27,0,http://www.openphacts.org/units/Nanomolar,243821,=,1,1,=,,IC50,nM,,5.4,CHEMBL203,Homo sapiens,Epidermal growth factor receptor,9606,,,IC50,nM,UO_0000065,,5.4,350.4700000000001,3.8305200000000026,6,2,65.97
,,360725,[],CHEMBL677387,Inhibition of phosphorylation of polyglutamic acid/tyrosine random copolymer by epidermal growth factor receptor.,B,,,BAO_0000190,BAO_0000357,single protein format,Cc1cccc(Nc2ncnc3cc(NCCCN4CCN(C)CC4)ncc23)c1,,,CHEMBL1130246,J Med Chem,1997,"{'bei': '21.08', 'le': '0.39', 'lle': '5.12', 'sei': '11.92'}",,CHEMBL341522,,CHEMBL341522,8.25,0,http://www.openphacts.org/units/Nanomolar,243819,=,1,1,=,,IC50,nM,,5.6,CHEMBL203,Homo sapiens,Epidermal growth factor receptor,9606,,,IC50,nM,UO_0000065,,5.6,391.52300000000025,3.1262200000000018,7,2,69.21000000000001
,,66033,[],CHEMBL674637,Inhibitory activity towards tyrosine phosphorylation for the epidermal growth factor-receptor kinase,B,,,BAO_0000190,BAO_0000357,single protein format,Cc1cc(C(=O)N2CC(C)NC(C)C2)[nH]c1/C=C1\C(=O)Nc2ncnc(Nc3ccc(F)c(Cl)c3)c21,,,CHEMBL1134862,Bioorg Med Chem Lett,2002,"{'bei': '16.14', 'le': '0.31', 'lle': '4.27', 'sei': '7.15'}",,CHEMBL69071,,CHEMBL69071,8.23,0,http://www.openphacts.org/units/Nanomolar,119488,=,1,1,=,,IC50,nM,,5.9,CHEMBL203,Homo sapiens,Epidermal growth factor receptor,9606,,,IC50,uM,UO_0000065,,0.0059,509.97300000000024,3.9643200000000016,6,4,115.04
,,50668,[],CHEMBL674637,Inhibitory activity towards tyrosine phosphorylation for the epidermal growth factor-receptor kinase,B,,,BAO_0000190,BAO_0000357,single protein format,Cc1cc(C(=O)NCCN2CCOCC2)[nH]c1/C=C1\C(=O)Nc2ncnc(Nc3ccc(F)c(Cl)c3)c21,,,CHEMBL1134862,Bioorg Med Chem Lett,2002,"{'bei': '15.57', 'le': '0.30', 'lle': '4.99', 'sei': '6.59'}",,CHEMBL69629,,CHEMBL69629,8.19,0,http://www.openphacts.org/units/Nanomolar,119487,=,1,1,=,,IC50,nM,,6.5,CHEMBL203,Homo sapiens,Epidermal growth factor receptor,9606,,,IC50,uM,UO_0000065,,0.0065,525.9720000000001,3.203920000000001,7,4,124.27000000000001
,,356556,[],CHEMBL677387,Inhibition of phosphorylation of polyglutamic acid/tyrosine random copolymer by epidermal growth factor receptor.,B,,,BAO_0000190,BAO_0000357,single protein format,NNc1cc2ncnc(Nc3cccc(Br)c3)c2cn1,,,CHEMBL1130246,J Med Chem,1997,"{'bei': '24.61', 'le': '0.56', 'lle': '5.33', 'sei': '9.18'}",,CHEMBL340508,,CHEMBL340508,8.15,0,http://www.openphacts.org/units/Nanomolar,243808,=,1,1,=,,IC50,nM,,7.1,CHEMBL203,Homo sapiens,Epidermal growth factor receptor,9606,,,IC50,nM,UO_0000065,,7.1,331.177,2.8165000000000004,6,3,88.75
,,383411,[],CHEMBL677386,Inhibition of epidermal growth factor receptor (EGFR) from human A431 carcinoma cells,B,,,BAO_0000190,BAO_0000219,cell-based format,Cc1cccc(Nc2ncnc3cc(NCCc4c[nH]cn4)ncc23)c1,,,CHEMBL1130246,J Med Chem,1997,"{'bei': '23.57', 'le': '0.43', 'lle': '4.69', 'sei': '8.91'}",,CHEMBL340399,,CHEMBL340399,8.14,0,http://www.openphacts.org/units/Nanomolar,243818,=,1,1,=,,IC50,nM,,7.2,CHEMBL203,Homo sapiens,Epidermal growth factor receptor,9606,,,IC50,nM,UO_0000065,,7.2,345.41,3.4545200000000014,6,3,91.41
,,367856,[],CHEMBL677387,Inhibition of phosphorylation of polyglutamic acid/tyrosine random copolymer by epidermal growth factor receptor.,B,,,BAO_0000190,BAO_0000357,single protein format,CN(C)CCCCNc1cc2ncnc(Nc3cccc(Br)c3)c2cn1,,,CHEMBL1130246,J Med Chem,1997,"{'bei': '19.58', 'le': '0.43', 'lle': '3.85', 'sei': '12.32'}",,CHEMBL129825,,CHEMBL129825,8.13,0,http://www.openphacts.org/units/Nanomolar,243830,=,1,1,=,,IC50,nM,,7.4,CHEMBL203,Homo sapiens,Epidermal growth factor receptor,9606,,,IC50,nM,UO_0000065,,7.4,415.3390000000001,4.284600000000003,6,2,65.97
,,209193,[],CHEMBL677389,Inhibition of the phosphorylation of a random polyglutamic acid/tyrosine copolymer by human epidermal growth factor receptor(EGFR) prepared from human A431 carcinoma cells,B,,,BAO_0000190,BAO_0000219,cell-based format,CN(C)CCN(C)Cc1c[nH]c2cc3ncnc(Nc4cccc(Br)c4)c3cc12,,,CHEMBL1130030,J Med Chem,1997,"{'bei': '17.92', 'le': '0.38', 'lle': '3.51', 'sei': '13.52'}",,CHEMBL39811,,CHEMBL39811,8.12,0,http://www.openphacts.org/units/Nanomolar,60209,=,1,1,=,,IC50,nM,,7.5,CHEMBL203,Homo sapiens,Epidermal growth factor receptor,9606,,,IC50,nM,UO_0000065,,7.5,453.38800000000015,4.6106000000000025,5,2,60.08
,,144687,[],CHEMBL680030,Tested for inhibition of PLC gamma-derived substrate in Epidermal growth factor receptor stimulated A431 cells,F,,,BAO_0000190,BAO_0000219,cell-based format,Nc1ccc2ncnc(Nc3cccc(Br)c3)c2n1,,,CHEMBL1130057,J Med Chem,1997,,,CHEMBL300217,,CHEMBL300217,8.12,1,http://www.openphacts.org/units/Nanomolar,89158,=,1,1,=,,IC50,nM,,7.6,CHEMBL203,Homo sapiens,Epidermal growth factor receptor,9606,,,IC50,nM,UO_0000065,,7.6,316.16200000000003,3.113100000000001,5,2,76.72
,,424490,[],CHEMBL679944,Concentration needed to inhibit the phosphorylation of a 14-residue fragment of phospholipase C-gamma1 by Epidermal growth factor receptor (prepared from human A431 carcinoma cell vesicles by immunoaffinity chromatography),B,,,BAO_0000190,BAO_0000357,single protein format,CCNc1cc2sc3c(Nc4cccc(Br)c4)ncnc3c2cc1F.CCO,,,CHEMBL1132555,J Med Chem,1999,"{'bei': '19.42', 'le': '0.44', 'lle': '2.18', 'sei': '16.26'}",,CHEMBL357570,,CHEMBL1184588,8.1,0,http://www.openphacts.org/units/Nanomolar,296389,=,1,1,=,,IC50,nM,,7.9,CHEMBL203,Homo sapiens,Epidermal growth factor receptor,9606,,,IC50,nM,UO_0000065,,7.9,463.37600000000015,5.920100000000004,6,3,70.07000000000001
,,272862,[],CHEMBL680015,Inhibition of EGFR,B,,,BAO_0000190,BAO_0000357,single protein format,CS(=O)(=O)CCNc1nc(-c2ccc3ncnc(Nc4ccc(OCc5ccccc5)c(Cl)c4)c3c2)cs1,,,CHEMBL1136583,Bioorg Med Chem Lett,2003,"{'bei': '14.30', 'le': '0.29', 'lle': '1.91', 'sei': '7.63'}",,CHEMBL160846,,CHEMBL160846,8.1,0,http://www.openphacts.org/units/Nanomolar,309600,=,1,1,=,,IC50,nM,,8.0,CHEMBL203,Homo sapiens,Epidermal growth factor receptor,9606,,,IC50,uM,UO_0000065,,0.008,566.1080000000003,6.185800000000005,9,2,106.10000000000001
,,376359,[],CHEMBL677387,Inhibition of phosphorylation of polyglutamic acid/tyrosine random copolymer by epidermal growth factor receptor.,B,,,BAO_0000190,BAO_0000357,single protein format,CN(C)CCCCCNc1cc2ncnc(Nc3cccc(Br)c3)c2cn1,,,CHEMBL1130246,J Med Chem,1997,"{'bei': '18.81', 'le': '0.41', 'lle': '3.41', 'sei': '12.24'}",,CHEMBL129824,,CHEMBL129824,8.08,0,http://www.openphacts.org/units/Nanomolar,243829,=,1,1,=,,IC50,nM,,8.4,CHEMBL203,Homo sapiens,Epidermal growth factor receptor,9606,,,IC50,nM,UO_0000065,,8.4,429.3660000000001,4.674700000000003,6,2,65.97
,,210400,[],CHEMBL677389,Inhibition of the phosphorylation of a random polyglutamic acid/tyrosine copolymer by human epidermal growth factor receptor(EGFR) prepared from human A431 carcinoma cells,B,,,BAO_0000190,BAO_0000219,cell-based format,Brc1cccc(Nc2ncnc3cc4c(cnn4CCCN4CCOCC4)cc23)c1,,,CHEMBL1130030,J Med Chem,1997,"{'bei': '17.24', 'le': '0.37', 'lle': '3.85', 'sei': '11.83'}",,CHEMBL39355,,CHEMBL39355,8.06,0,http://www.openphacts.org/units/Nanomolar,60194,=,1,1,=,,IC50,nM,,8.8,CHEMBL203,Homo sapiens,Epidermal growth factor receptor,9606,,,IC50,nM,UO_0000065,,8.8,467.3710000000004,4.207900000000002,7,1,68.10000000000001
,,369172,[],CHEMBL677387,Inhibition of phosphorylation of polyglutamic acid/tyrosine random copolymer by epidermal growth factor receptor.,B,,,BAO_0000190,BAO_0000357,single protein format,CN(C)CCCNc1cc2ncnc(Nc3cccc(Br)c3)c2cn1,,,CHEMBL1130246,J Med Chem,1997,"{'bei': '20.07', 'le': '0.44', 'lle': '4.17', 'sei': '12.21'}",,CHEMBL126893,,CHEMBL126893,8.06,0,http://www.openphacts.org/units/Nanomolar,243831,=,1,1,=,,IC50,nM,,8.8,CHEMBL203,Homo sapiens,Epidermal growth factor receptor,9606,,,IC50,nM,UO_0000065,,8.8,401.31200000000007,3.8945000000000016,6,2,65.97
,,132358,[],CHEMBL673925,Inhibition of phosphorylation of a polyglutamic acid/tyrosine random copolymer by EGFR enzyme (from human A431 carcinoma cell vesicles),B,,,BAO_0000190,BAO_0000357,single protein format,O=C(/C=C/c1ccccc1)Nc1cc2c(Nc3cccc(Br)c3)ncnc2cn1,,,CHEMBL1134843,J Med Chem,2001,"{'bei': '18.02', 'le': '0.38', 'lle': '2.86', 'sei': '10.08'}",,CHEMBL434828,,CHEMBL434828,8.04,0,http://www.openphacts.org/units/Nanomolar,265465,=,1,1,=,,IC50,nM,,9.1,CHEMBL203,Homo sapiens,Epidermal growth factor receptor,9606,,,IC50 app,nM,UO_0000065,,9.1,446.3080000000001,5.182800000000003,5,2,79.8
,,352157,[],CHEMBL677387,Inhibition of phosphorylation of polyglutamic acid/tyrosine random copolymer by epidermal growth factor receptor.,B,,,BAO_0000190,BAO_0000357,single protein format,OCCN(CCO)CCNc1cc2ncnc(Nc3cccc(Br)c3)c2cn1,,,CHEMBL1130246,J Med Chem,1997,"{'bei': '17.96', 'le': '0.39', 'lle': '5.81', 'sei': '7.55'}",,CHEMBL435993,,CHEMBL435993,8.04,0,http://www.openphacts.org/units/Nanomolar,243810,=,1,1,=,,IC50,nM,,9.2,CHEMBL203,Homo sapiens,Epidermal growth factor receptor,9606,,,IC50,nM,UO_0000065,,9.2,447.3370000000001,2.229399999999999,8,4,106.43
,,348083,[],CHEMBL677387,Inhibition of phosphorylation of polyglutamic acid/tyrosine random copolymer by epidermal growth factor receptor.,B,,,BAO_0000190,BAO_0000357,single protein format,Cc1cccc(Nc2ncnc3cc(NCCCN4CCOCC4)ncc23)c1,,,CHEMBL1130246,J Med Chem,1997,"{'bei': '21.22', 'le': '0.39', 'lle': '4.82', 'sei': '10.68'}",,CHEMBL129509,,CHEMBL129509,8.03,0,http://www.openphacts.org/units/Nanomolar,243820,=,1,1,=,,IC50,nM,,9.3,CHEMBL203,Homo sapiens,Epidermal growth factor receptor,9606,,,IC50,nM,UO_0000065,,9.3,378.48000000000025,3.2110200000000013,7,2,75.2
,,423343,[],CHEMBL679944,Concentration needed to inhibit the phosphorylation of a 14-residue fragment of phospholipase C-gamma1 by Epidermal growth factor receptor (prepared from human A431 carcinoma cell vesicles by immunoaffinity chromatography),B,,,BAO_0000190,BAO_0000357,single protein format,CCO.Nc1ccc2sc3c(Nc4ccccc4)ncnc3c2c1,,,CHEMBL1132555,J Med Chem,1999,"{'bei': '27.45', 'le': '0.52', 'lle': '3.86', 'sei': '12.58'}",,CHEMBL357367,,CHEMBL1184579,8.03,0,http://www.openphacts.org/units/Nanomolar,296396,=,1,1,=,,IC50,nM,,9.4,CHEMBL203,Homo sapiens,Epidermal growth factor receptor,9606,,,IC50,nM,UO_0000065,,9.4,338.43600000000004,4.168900000000002,6,3,84.06
,,130237,[],CHEMBL680030,Tested for inhibition of PLC gamma-derived substrate in Epidermal growth factor receptor stimulated A431 cells,F,,,BAO_0000190,BAO_0000219,cell-based format,CN(C)c1ccc2ncnc(Nc3cccc(Br)c3)c2n1,,,CHEMBL1130057,J Med Chem,1997,,,CHEMBL53796,,CHEMBL53796,8.02,1,http://www.openphacts.org/units/Nanomolar,89156,=,1,1,=,,IC50,nM,,9.6,CHEMBL203,Homo sapiens,Epidermal growth factor receptor,9606,,,IC50,nM,UO_0000065,,9.6,344.216,3.5969000000000015,5,1,53.940000000000005
,,394911,[],CHEMBL674026,Inhibition of EGFR kinase,B,,,BAO_0000190,BAO_0000357,single protein format,COc1nccc(-c2c(-c3ccc(F)cc3)ncn2C2CCNCC2)n1,,,CHEMBL1134743,Bioorg Med Chem Lett,2001,,,CHEMBL95692,SB-242235,CHEMBL95692,8.0,0,http://www.openphacts.org/units/Nanomolar,180418,>,1,1,>,,IC50,nM,,10.0,CHEMBL203,Homo sapiens,Epidermal growth factor receptor,9606,,,IC50,nM,UO_0000065,,10.0,353.4010000000002,3.079300000000001,6,1,64.86000000000001
,,283629,[],CHEMBL680015,Inhibition of EGFR,B,,,BAO_0000190,BAO_0000357,single protein format,CS(=O)(=O)CCNc1nc(-c2ccc3ncnc(Nc4ccc(OCc5cccc(F)c5)c(Cl)c4)c3c2)cs1,,,CHEMBL1136583,Bioorg Med Chem Lett,2003,"{'bei': '13.70', 'le': '0.28', 'lle': '1.68', 'sei': '7.54'}",,CHEMBL155761,,CHEMBL155761,8.0,0,http://www.openphacts.org/units/Nanomolar,309601,=,1,1,=,,IC50,nM,,10.0,CHEMBL203,Homo sapiens,Epidermal growth factor receptor,9606,,,IC50,uM,UO_0000065,,0.01,584.0980000000002,6.324900000000005,9,2,106.10000000000001
,,190221,[],CHEMBL674106,Inhibitory activity against epidermal growth factor receptor,B,,,BAO_0000190,BAO_0000357,single protein format,CS(=O)(=O)CCNCc1ccc(-c2ccc3ncnc(Nc4ccc(OCc5cccc(F)c5)c(Cl)c4)c3c2)o1,,,CHEMBL1146682,Bioorg Med Chem Lett,2004,"{'bei': '13.77', 'le': '0.27', 'lle': '1.86', 'sei': '7.52'}",,CHEMBL554,LAPATINIB,CHEMBL554,8.0,0,http://www.openphacts.org/units/Nanomolar,15408,=,1,1,=,,IC50,nM,,10.0,CHEMBL203,Homo sapiens,Epidermal growth factor receptor,9606,,,IC50,uM,UO_0000065,,0.01,581.0690000000002,6.139100000000005,8,2,106.35000000000001
,,383413,[],CHEMBL677387,Inhibition of phosphorylation of polyglutamic acid/tyrosine random copolymer by epidermal growth factor receptor.,B,,,BAO_0000190,BAO_0000357,single protein format,Nc1cc2ncnc(Nc3cccc(Br)c3)c2cn1,,,CHEMBL1130246,J Med Chem,1997,"{'bei': '25.30', 'le': '0.58', 'lle': '4.89', 'sei': '10.43'}",,CHEMBL52076,,CHEMBL52076,8.0,1,http://www.openphacts.org/units/Nanomolar,243806,=,1,1,=,,IC50,nM,,10.0,CHEMBL203,Homo sapiens,Epidermal growth factor receptor,9606,,,IC50,nM,UO_0000065,,10.0,316.16200000000003,3.113100000000001,5,2,76.72
,,396601,[],CHEMBL679944,Concentration needed to inhibit the phosphorylation of a 14-residue fragment of phospholipase C-gamma1 by Epidermal growth factor receptor (prepared from human A431 carcinoma cell vesicles by immunoaffinity chromatography),B,,,BAO_0000190,BAO_0000357,single protein format,Cc1cccc(Nc2ncnc3c2sc2ccc([N+](=O)[O-])cc23)c1.Cl,,,CHEMBL1132555,J Med Chem,1999,"{'bei': '23.66', 'le': '0.45', 'lle': '3.16', 'sei': '9.83'}",,CHEMBL544867,,CHEMBL1193456,7.96,0,http://www.openphacts.org/units/Nanomolar,296399,=,1,1,=,,IC50,nM,,11.0,CHEMBL203,Homo sapiens,Epidermal growth factor receptor,9606,,,IC50,nM,UO_0000065,,11.0,372.83700000000005,5.226520000000003,6,1,80.95
,,61241,[],CHEMBL677833,In vitro inhibition of Epidermal growth factor receptor tyrosine kinase isolated from A431 (human carcinoma).,B,,,BAO_0000190,BAO_0000357,single protein format,CN(C)/N=N/c1ccc2ncnc(Nc3cccc(Br)c3)c2c1,,,CHEMBL1145114,J Med Chem,2003,"{'bei': '21.44', 'le': '0.47', 'lle': '3.26', 'sei': '12.10'}",,CHEMBL134312,,CHEMBL134312,7.96,0,http://www.openphacts.org/units/Nanomolar,262242,=,1,1,=,,IC50,nM,,11.0,CHEMBL203,Homo sapiens,Epidermal growth factor receptor,9606,,,IC50,uM,UO_0000065,,0.011,371.242,4.696200000000003,5,1,65.77
,,203325,[],CHEMBL674106,Inhibitory activity against epidermal growth factor receptor,B,,,BAO_0000190,BAO_0000357,single protein format,C#Cc1cccc(Nc2ncnc3ccc(OCCCCNCCS(C)(=O)=O)cc23)c1,,,CHEMBL1146682,Bioorg Med Chem Lett,2004,"{'bei': '18.15', 'le': '0.35', 'lle': '4.81', 'sei': '8.54'}",,CHEMBL517907,GW680191X,CHEMBL517907,7.96,0,http://www.openphacts.org/units/Nanomolar,15415,=,1,1,=,,IC50,nM,,11.0,CHEMBL203,Homo sapiens,Epidermal growth factor receptor,9606,,,IC50,nM,UO_0000065,,11.0,438.5530000000002,3.1479000000000017,7,2,93.21000000000001
,,419114,[],CHEMBL679944,Concentration needed to inhibit the phosphorylation of a 14-residue fragment of phospholipase C-gamma1 by Epidermal growth factor receptor (prepared from human A431 carcinoma cell vesicles by immunoaffinity chromatography),B,,,BAO_0000190,BAO_0000357,single protein format,Brc1cccc(Nc2ncnc3ccsc23)c1,,,CHEMBL1132555,J Med Chem,1999,"{'bei': '25.99', 'le': '0.64', 'lle': '3.76', 'sei': '21.05'}",,CHEMBL345294,,CHEMBL345294,7.96,0,http://www.openphacts.org/units/Nanomolar,296409,=,1,1,=,,IC50,nM,,11.0,CHEMBL203,Homo sapiens,Epidermal growth factor receptor,9606,,,IC50,nM,UO_0000065,,11.0,306.18800000000005,4.197400000000001,4,1,37.81
,,383125,[],CHEMBL680028,Inhibition of autophosphorylation of cytoplasmic domain of epidermal growth factor receptor,B,,,BAO_0000190,BAO_0000357,single protein format,CN(C)C/C=C/C(=O)Nc1ccc2ncnc(Nc3cccc(Br)c3)c2c1,,,CHEMBL1145020,J Med Chem,2003,"{'bei': '18.67', 'le': '0.40', 'lle': '3.77', 'sei': '11.35'}",,CHEMBL94061,,CHEMBL94061,7.96,1,http://www.openphacts.org/units/Nanomolar,308373,=,1,1,=,,IC50,nM,,11.0,CHEMBL203,Homo sapiens,Epidermal growth factor receptor,9606,,,IC50,uM,UO_0000065,,0.011,426.3180000000001,4.192200000000002,5,2,70.15
,,139014,[],CHEMBL680030,Tested for inhibition of PLC gamma-derived substrate in Epidermal growth factor receptor stimulated A431 cells,F,,,BAO_0000190,BAO_0000219,cell-based format,CNc1ccc2ncnc(Nc3cccc(Br)c3)c2c1,,,CHEMBL1130057,J Med Chem,1997,,,CHEMBL50344,,CHEMBL50344,7.96,0,http://www.openphacts.org/units/Nanomolar,89160,=,1,1,=,,IC50,nM,,11.0,CHEMBL203,Homo sapiens,Epidermal growth factor receptor,9606,,,IC50,nM,UO_0000065,,11.0,329.2010000000001,4.177600000000002,4,2,49.84
,,199602,[],CHEMBL677389,Inhibition of the phosphorylation of a random polyglutamic acid/tyrosine copolymer by human epidermal growth factor receptor(EGFR) prepared from human A431 carcinoma cells,B,,,BAO_0000190,BAO_0000219,cell-based format,OCC(O)Cn1ncc2cc3c(Nc4cccc(Br)c4)ncnc3cc21,,,CHEMBL1130030,J Med Chem,1997,"{'bei': '19.12', 'le': '0.42', 'lle': '5.08', 'sei': '8.24'}",,CHEMBL37543,,CHEMBL37543,7.92,0,http://www.openphacts.org/units/Nanomolar,60215,=,1,1,=,,IC50,nM,,12.0,CHEMBL203,Homo sapiens,Epidermal growth factor receptor,9606,,,IC50,nM,UO_0000065,,12.0,414.26300000000015,2.8388,7,3,96.09
,,370697,[],CHEMBL677387,Inhibition of phosphorylation of polyglutamic acid/tyrosine random copolymer by epidermal growth factor receptor.,B,,,BAO_0000190,BAO_0000357,single protein format,OCCN(CCO)c1cc2ncnc(Nc3cccc(Br)c3)c2cn1,,,CHEMBL1130246,J Med Chem,1997,"{'bei': '19.59', 'le': '0.43', 'lle': '5.60', 'sei': '8.39'}",,CHEMBL128759,,CHEMBL128759,7.92,0,http://www.openphacts.org/units/Nanomolar,243835,=,1,1,=,,IC50,nM,,12.0,CHEMBL203,Homo sapiens,Epidermal growth factor receptor,9606,,,IC50,nM,UO_0000065,,12.0,404.2680000000001,2.3218999999999994,7,3,94.4
,,405890,[],CHEMBL679944,Concentration needed to inhibit the phosphorylation of a 14-residue fragment of phospholipase C-gamma1 by Epidermal growth factor receptor (prepared from human A431 carcinoma cell vesicles by immunoaffinity chromatography),B,,,BAO_0000190,BAO_0000357,single protein format,Cl.O=[N+]([O-])c1ccc2sc3c(Nc4cccc(Br)c4)ncnc3c2c1,,,CHEMBL1132555,J Med Chem,1999,"{'bei': '19.71', 'le': '0.45', 'lle': '2.65', 'sei': '9.77'}",,CHEMBL553351,,CHEMBL1194821,7.91,0,http://www.openphacts.org/units/Nanomolar,296397,=,1,1,=,,IC50,nM,,12.3,CHEMBL203,Homo sapiens,Epidermal growth factor receptor,9606,,,IC50,nM,UO_0000065,,12.3,437.7060000000001,5.680600000000002,6,1,80.95
,,428393,[],CHEMBL679944,Concentration needed to inhibit the phosphorylation of a 14-residue fragment of phospholipase C-gamma1 by Epidermal growth factor receptor (prepared from human A431 carcinoma cell vesicles by immunoaffinity chromatography),B,,,BAO_0000190,BAO_0000357,single protein format,COc1cccc2c1sc1c(Nc3cccc(Br)c3)ncnc12.Cl,,,CHEMBL1132555,J Med Chem,1999,"{'bei': '20.45', 'le': '0.47', 'lle': '2.54', 'sei': '16.79'}",,CHEMBL555921,,CHEMBL1196100,7.9,0,http://www.openphacts.org/units/Nanomolar,296385,=,1,1,=,,IC50,nM,,12.6,CHEMBL203,Homo sapiens,Epidermal growth factor receptor,9606,,,IC50,nM,UO_0000065,,12.6,422.73500000000007,5.781000000000003,5,1,47.04
,,53212,[],CHEMBL674637,Inhibitory activity towards tyrosine phosphorylation for the epidermal growth factor-receptor kinase,B,,,BAO_0000190,BAO_0000357,single protein format,CCN1CCN(C(=O)c2cc(C)c(/C=C3\C(=O)Nc4ncnc(Nc5ccc(F)c(Cl)c5)c43)[nH]2)CC1,,,CHEMBL1134862,Bioorg Med Chem Lett,2002,"{'bei': '15.46', 'le': '0.30', 'lle': '3.97', 'sei': '7.42'}",,CHEMBL66570,,CHEMBL66570,7.89,0,http://www.openphacts.org/units/Nanomolar,119490,=,1,1,=,,IC50,nM,,13.0,CHEMBL203,Homo sapiens,Epidermal growth factor receptor,9606,,,IC50,uM,UO_0000065,,0.013,509.97300000000024,3.919620000000001,6,3,106.25
,,115064,[],CHEMBL679947,"Inhibition of phosphorylation of phospholipase C gamma1 by Epidermal growth factor receptor, from human A431 carcinoma cell vesicles",F,,,BAO_0000190,BAO_0000019,assay format,CNc1ncc2ncnc(Nc3ccccc3)c2n1,,,CHEMBL1130057,J Med Chem,1997,,,CHEMBL53310,,CHEMBL53310,7.89,0,http://www.openphacts.org/units/Nanomolar,89141,=,1,1,=,,IC50,nM,,13.0,CHEMBL203,Homo sapiens,Epidermal growth factor receptor,9606,,,IC50,nM,UO_0000065,,13.0,252.28100000000003,2.2051,6,2,75.62
,,376358,[],CHEMBL677387,Inhibition of phosphorylation of polyglutamic acid/tyrosine random copolymer by epidermal growth factor receptor.,B,,,BAO_0000190,BAO_0000357,single protein format,OCC(CO)Nc1cc2ncnc(Nc3cccc(Br)c3)c2cn1,,,CHEMBL1130246,J Med Chem,1997,"{'bei': '20.13', 'le': '0.45', 'lle': '5.55', 'sei': '7.61'}",,CHEMBL125568,,CHEMBL125568,7.85,0,http://www.openphacts.org/units/Nanomolar,243804,=,1,1,=,,IC50,nM,,14.0,CHEMBL203,Homo sapiens,Epidermal growth factor receptor,9606,,,IC50,nM,UO_0000065,,14.0,390.24100000000004,2.2959999999999994,7,4,103.19
,,42300,[],CHEMBL677833,In vitro inhibition of Epidermal growth factor receptor tyrosine kinase isolated from A431 (human carcinoma).,B,,,BAO_0000190,BAO_0000357,single protein format,CN(C)/N=N/c1ccc2ncnc(Nc3cccc(Cl)c3)c2c1,,,CHEMBL1145114,J Med Chem,2003,"{'bei': '24.03', 'le': '0.47', 'lle': '3.26', 'sei': '11.94'}",,CHEMBL136491,,CHEMBL136491,7.85,0,http://www.openphacts.org/units/Nanomolar,262243,=,1,1,=,,IC50,nM,,14.0,CHEMBL203,Homo sapiens,Epidermal growth factor receptor,9606,,,IC50,uM,UO_0000065,,0.014,326.791,4.587100000000003,5,1,65.77
,,386249,[],CHEMBL677387,Inhibition of phosphorylation of polyglutamic acid/tyrosine random copolymer by epidermal growth factor receptor.,B,,,BAO_0000190,BAO_0000357,single protein format,CN(CC(=O)O)c1cc2ncnc(Nc3cccc(Br)c3)c2cn1,,,CHEMBL1130246,J Med Chem,1997,"{'bei': '20.08', 'le': '0.44', 'lle': '4.75', 'sei': '8.54'}",,CHEMBL126903,,CHEMBL126903,7.8,0,http://www.openphacts.org/units/Nanomolar,243824,=,1,1,=,,IC50,nM,,16.0,CHEMBL203,Homo sapiens,Epidermal growth factor receptor,9606,,,IC50,nM,UO_0000065,,16.0,388.225,3.051700000000001,6,2,91.24000000000001
,,295888,[],CHEMBL677890,Inhibitory activity against protein tyrosine kinase of Epidermal growth factor receptor was determined,B,,,BAO_0000190,BAO_0000357,single protein format,CN[C@H]1C[C@@H]2O[C@](C)([C@H]1OC)n1c3ccccc3c3c4c(c5c6ccccc6n2c5c31)C(=O)N[C@@H]4O,,,CHEMBL1127758,Bioorg Med Chem Lett,1994,"{'bei': '16.10', 'le': '0.29', 'lle': '3.93', 'sei': '8.66'}",,CHEMBL338049,,CHEMBL338049,7.77,0,http://www.openphacts.org/units/Nanomolar,249302,=,1,1,=,,IC50,nM,,17.0,CHEMBL203,Homo sapiens,Epidermal growth factor receptor,9606,,,IC50,uM,UO_0000065,,0.017,482.54000000000025,3.844900000000002,7,3,89.68
,,109692,[],CHEMBL679947,"Inhibition of phosphorylation of phospholipase C gamma1 by Epidermal growth factor receptor, from human A431 carcinoma cell vesicles",F,,,BAO_0000190,BAO_0000019,assay format,Cc1cccc(Nc2ncnc3cnc(N)nc23)c1,,,CHEMBL1130057,J Med Chem,1997,,,CHEMBL298931,,CHEMBL298931,7.77,0,http://www.openphacts.org/units/Nanomolar,89150,=,1,1,=,,IC50,nM,,17.0,CHEMBL203,Homo sapiens,Epidermal growth factor receptor,9606,,,IC50,nM,UO_0000065,,17.0,252.28100000000003,2.0540199999999995,6,2,89.61
,,62054,[],CHEMBL674637,Inhibitory activity towards tyrosine phosphorylation for the epidermal growth factor-receptor kinase,B,,,BAO_0000190,BAO_0000357,single protein format,C#Cc1cccc(Nc2ncnc3c2/C(=C/c2[nH]c(C(=O)NCCN4CCOCC4)cc2C)C(=O)N3)c1,,,CHEMBL1134862,Bioorg Med Chem Lett,2002,"{'bei': '15.57', 'le': '0.29', 'lle': '5.35', 'sei': '6.23'}",,CHEMBL69966,,CHEMBL69966,7.75,0,http://www.openphacts.org/units/Nanomolar,119503,=,1,1,=,,IC50,nM,,18.0,CHEMBL203,Homo sapiens,Epidermal growth factor receptor,9606,,,IC50,uM,UO_0000065,,0.018,497.5590000000004,2.3927199999999997,7,4,124.27000000000001
,,281325,[],CHEMBL677890,Inhibitory activity against protein tyrosine kinase of Epidermal growth factor receptor was determined,B,,,BAO_0000190,BAO_0000357,single protein format,CO[C@H]1[C@@H]([N+](C)(C)C)C[C@@H]2O[C@@]1(C)n1c3ccccc3c3c4c(c5c6ccccc6n2c5c31)C(=O)NC4,,,CHEMBL1127758,Bioorg Med Chem Lett,1994,"{'bei': '15.58', 'le': '0.29', 'lle': '2.88', 'sei': '13.45'}",,CHEMBL335648,,CHEMBL335648,7.72,0,http://www.openphacts.org/units/Nanomolar,249324,=,1,1,=,,IC50,nM,,19.0,CHEMBL203,Homo sapiens,Epidermal growth factor receptor,9606,,,IC50,uM,UO_0000065,,0.019,495.6030000000003,4.840800000000004,5,1,57.42
,,198300,[],CHEMBL674106,Inhibitory activity against epidermal growth factor receptor,B,,,BAO_0000190,BAO_0000357,single protein format,CS(=O)(=O)CCNCCCCOc1ccc2ncnc(Nc3ccc(F)c(Cl)c3)c2c1,,,CHEMBL1146682,Bioorg Med Chem Lett,2004,"{'bei': '16.49', 'le': '0.34', 'lle': '3.74', 'sei': '8.26'}",,CHEMBL460731,,CHEMBL460731,7.7,0,http://www.openphacts.org/units/Nanomolar,15414,=,1,1,=,,IC50,nM,,20.0,CHEMBL203,Homo sapiens,Epidermal growth factor receptor,9606,,,IC50,nM,UO_0000065,,20.0,466.96600000000007,3.959100000000002,7,2,93.21000000000001
,,397800,[],CHEMBL679944,Concentration needed to inhibit the phosphorylation of a 14-residue fragment of phospholipase C-gamma1 by Epidermal growth factor receptor (prepared from human A431 carcinoma cell vesicles by immunoaffinity chromatography),B,,,BAO_0000190,BAO_0000357,single protein format,COc1cccc2sc3c(Nc4cccc(Br)c4)ncnc3c12.Cl,,,CHEMBL1132555,J Med Chem,1999,"{'bei': '19.93', 'le': '0.46', 'lle': '2.34', 'sei': '16.37'}",,CHEMBL542755,,CHEMBL1191631,7.7,0,http://www.openphacts.org/units/Nanomolar,296382,=,1,1,=,,IC50,nM,,20.0,CHEMBL203,Homo sapiens,Epidermal growth factor receptor,9606,,,IC50,nM,UO_0000065,,20.0,422.73500000000007,5.781000000000003,5,1,47.04
,,401724,[],CHEMBL679944,Concentration needed to inhibit the phosphorylation of a 14-residue fragment of phospholipase C-gamma1 by Epidermal growth factor receptor (prepared from human A431 carcinoma cell vesicles by immunoaffinity chromatography),B,,,BAO_0000190,BAO_0000357,single protein format,CN(C)c1ccc2sc3c(Nc4cccc(Br)c4)ncnc3c2c1,,,CHEMBL1132555,J Med Chem,1999,"{'bei': '19.29', 'le': '0.44', 'lle': '2.28', 'sei': '18.77'}",,CHEMBL153739,,CHEMBL153739,7.7,0,http://www.openphacts.org/units/Nanomolar,296386,=,1,1,=,,IC50,nM,,19.8,CHEMBL203,Homo sapiens,Epidermal growth factor receptor,9606,,,IC50,nM,UO_0000065,,19.8,399.31700000000006,5.416600000000003,5,1,41.05
,,199604,[],CHEMBL677389,Inhibition of the phosphorylation of a random polyglutamic acid/tyrosine copolymer by human epidermal growth factor receptor(EGFR) prepared from human A431 carcinoma cells,B,,,BAO_0000190,BAO_0000219,cell-based format,CN(C)CCCn1ccc2cc3c(Nc4cccc(Br)c4)ncnc3cc21,,,CHEMBL1130030,J Med Chem,1997,"{'bei': '18.09', 'le': '0.39', 'lle': '2.64', 'sei': '16.70'}",,CHEMBL287289,,CHEMBL287289,7.68,0,http://www.openphacts.org/units/Nanomolar,60196,=,1,1,=,,IC50,nM,,21.0,CHEMBL203,Homo sapiens,Epidermal growth factor receptor,9606,,,IC50,nM,UO_0000065,,21.0,424.3460000000001,5.042300000000004,5,1,45.980000000000004
,,46694,[],CHEMBL674637,Inhibitory activity towards tyrosine phosphorylation for the epidermal growth factor-receptor kinase,B,,,BAO_0000190,BAO_0000357,single protein format,O=C1Nc2ncnc(Nc3ccc(F)c(Cl)c3)c2/C1=C/c1ccc(C(=O)NCCN2CCOCC2)[nH]1,,,CHEMBL1134862,Bioorg Med Chem Lett,2002,"{'bei': '14.96', 'le': '0.29', 'lle': '4.76', 'sei': '6.16'}",,CHEMBL302552,,CHEMBL302552,7.66,0,http://www.openphacts.org/units/Nanomolar,119505,=,1,1,=,,IC50,nM,,22.0,CHEMBL203,Homo sapiens,Epidermal growth factor receptor,9606,,,IC50,uM,UO_0000065,,0.022,511.9450000000004,2.895500000000001,7,4,124.26999999999998
,,411983,[],CHEMBL679944,Concentration needed to inhibit the phosphorylation of a 14-residue fragment of phospholipase C-gamma1 by Epidermal growth factor receptor (prepared from human A431 carcinoma cell vesicles by immunoaffinity chromatography),B,,,BAO_0000190,BAO_0000357,single protein format,Clc1cccc(Nc2ncnc3ccccc23)c1,,,CHEMBL1132555,J Med Chem,1999,"{'bei': '29.87', 'le': '0.58', 'lle': '3.61', 'sei': '20.20'}",,CHEMBL329672,,CHEMBL329672,7.64,1,http://www.openphacts.org/units/Nanomolar,296410,=,1,1,=,,IC50,nM,,23.0,CHEMBL203,Homo sapiens,Epidermal growth factor receptor,9606,,,IC50,nM,UO_0000065,,23.0,255.708,4.0268000000000015,3,1,37.81
,,210448,[],CHEMBL674106,Inhibitory activity against epidermal growth factor receptor,B,,,BAO_0000190,BAO_0000357,single protein format,CS(=O)(=O)CCNCCCCOc1ccc2ncnc(Nc3ccc4c(cnn4Cc4cccc(F)c4)c3)c2c1,,,CHEMBL1146682,Bioorg Med Chem Lett,2004,"{'bei': '13.54', 'le': '0.26', 'lle': '2.92', 'sei': '6.86'}",,CHEMBL493428,,CHEMBL493428,7.62,0,http://www.openphacts.org/units/Nanomolar,15411,=,1,1,=,,IC50,nM,,24.0,CHEMBL203,Homo sapiens,Epidermal growth factor receptor,9606,,,IC50,nM,UO_0000065,,24.0,562.6710000000002,4.703700000000003,9,2,111.03
,,70342,[],CHEMBL677833,In vitro inhibition of Epidermal growth factor receptor tyrosine kinase isolated from A431 (human carcinoma).,B,,,BAO_0000190,BAO_0000357,single protein format,Cc1cccc(Nc2ncnc3ccc(/N=N/N(C)C)cc23)c1,,,CHEMBL1145114,J Med Chem,2003,"{'bei': '24.87', 'le': '0.45', 'lle': '3.38', 'sei': '11.59'}",,CHEMBL133023,,CHEMBL133023,7.62,0,http://www.openphacts.org/units/Nanomolar,262244,=,1,1,=,,IC50,nM,,24.0,CHEMBL203,Homo sapiens,Epidermal growth factor receptor,9606,,,IC50,uM,UO_0000065,,0.024,306.3730000000001,4.2421200000000026,5,1,65.77
,,67606,[],CHEMBL677833,In vitro inhibition of Epidermal growth factor receptor tyrosine kinase isolated from A431 (human carcinoma).,B,,,BAO_0000190,BAO_0000357,single protein format,Brc1cccc(Nc2ncnc3ccc(N/N=N/Cc4ccccc4)cc23)c1,,,CHEMBL1145114,J Med Chem,2003,"{'bei': '17.54', 'le': '0.37', 'lle': '1.48', 'sei': '10.20'}",,CHEMBL424093,,CHEMBL424093,7.6,0,http://www.openphacts.org/units/Nanomolar,262240,=,1,1,=,,IC50,nM,,25.0,CHEMBL203,Homo sapiens,Epidermal growth factor receptor,9606,,,IC50,uM,UO_0000065,,0.025,433.31300000000016,6.115200000000003,5,2,74.56
,,199646,[],CHEMBL674106,Inhibitory activity against epidermal growth factor receptor,B,,,BAO_0000190,BAO_0000357,single protein format,CS(=O)(=O)CCNCCCCOc1ccc2ncnc(Nc3ccc(OCc4cccc(F)c4)c(Cl)c3)c2c1,,,CHEMBL1146682,Bioorg Med Chem Lett,2004,"{'bei': '13.21', 'le': '0.27', 'lle': '2.03', 'sei': '7.39'}",,CHEMBL514436,,CHEMBL514436,7.57,0,http://www.openphacts.org/units/Nanomolar,15412,=,1,1,=,,IC50,nM,,27.0,CHEMBL203,Homo sapiens,Epidermal growth factor receptor,9606,,,IC50,nM,UO_0000065,,27.0,573.0900000000001,5.5381000000000045,8,2,102.44000000000001
,,192570,[],CHEMBL677389,Inhibition of the phosphorylation of a random polyglutamic acid/tyrosine copolymer by human epidermal growth factor receptor(EGFR) prepared from human A431 carcinoma cells,B,,,BAO_0000190,BAO_0000219,cell-based format,Brc1cccc(Nc2ncnc3ccccc23)c1,,,CHEMBL1130030,J Med Chem,1997,"{'bei': '25.22', 'le': '0.57', 'lle': '3.43', 'sei': '20.02'}",,CHEMBL290096,,CHEMBL290096,7.57,1,http://www.openphacts.org/units/Nanomolar,60206,=,1,1,=,,IC50,nM,,27.0,CHEMBL203,Homo sapiens,Epidermal growth factor receptor,9606,,,IC50,nM,UO_0000065,,27.0,300.15900000000005,4.135900000000001,3,1,37.81
,,416872,[],CHEMBL679944,Concentration needed to inhibit the phosphorylation of a 14-residue fragment of phospholipase C-gamma1 by Epidermal growth factor receptor (prepared from human A431 carcinoma cell vesicles by immunoaffinity chromatography),B,,,BAO_0000190,BAO_0000357,single protein format,Brc1cccc(Nc2ncnc3ccc4[nH]cnc4c23)c1,,,CHEMBL1132555,J Med Chem,1999,"{'bei': '22.16', 'le': '0.49', 'lle': '3.53', 'sei': '11.34'}",,CHEMBL153170,,CHEMBL153170,7.54,1,http://www.openphacts.org/units/Nanomolar,296374,=,1,1,=,,IC50,nM,,29.0,CHEMBL203,Homo sapiens,Epidermal growth factor receptor,9606,,,IC50,nM,UO_0000065,,29.0,340.1840000000001,4.012200000000001,4,2,66.49000000000001
,,54402,[],CHEMBL674637,Inhibitory activity towards tyrosine phosphorylation for the epidermal growth factor-receptor kinase,B,,,BAO_0000190,BAO_0000357,single protein format,Cc1cc(C(=O)O)[nH]c1/C=C1\C(=O)Nc2ncnc(Nc3ccc(F)c(Cl)c3)c21,,,CHEMBL1134862,Bioorg Med Chem Lett,2002,"{'bei': '18.22', 'le': '0.35', 'lle': '3.70', 'sei': '6.28'}",,CHEMBL305194,,CHEMBL305194,7.54,0,http://www.openphacts.org/units/Nanomolar,119486,=,1,1,=,,IC50,nM,,29.0,CHEMBL203,Homo sapiens,Epidermal growth factor receptor,9606,,,IC50,uM,UO_0000065,,0.029,413.7960000000001,3.8401200000000006,5,4,120.0
,,141112,[],CHEMBL680030,Tested for inhibition of PLC gamma-derived substrate in Epidermal growth factor receptor stimulated A431 cells,F,,,BAO_0000190,BAO_0000219,cell-based format,COc1ccc2ncnc(Nc3cccc(Br)c3)c2c1,,,CHEMBL1130057,J Med Chem,1997,,,CHEMBL52197,,CHEMBL52197,7.52,1,http://www.openphacts.org/units/Nanomolar,89146,=,1,1,=,,IC50,nM,,30.0,CHEMBL203,Homo sapiens,Epidermal growth factor receptor,9606,,,IC50,nM,UO_0000065,,30.0,330.18500000000006,4.1445000000000025,4,1,47.040000000000006
,,107306,[],CHEMBL680019,Inhibitory concentration was evaluated against epidermal growth factor receptor (EGFr) tyrosine kinase,B,,,BAO_0000190,BAO_0000357,single protein format,COc1cccc(Nc2ncc3cc(-c4c(Cl)cccc4Cl)c(=O)n(C)c3n2)c1,,,CHEMBL1131066,J Med Chem,1998,"{'bei': '17.61', 'le': '0.35', 'lle': '2.47', 'sei': '10.90'}",,CHEMBL111197,,CHEMBL111197,7.52,0,http://www.openphacts.org/units/Nanomolar,210190,=,1,1,=,,IC50,nM,,30.0,CHEMBL203,Homo sapiens,Epidermal growth factor receptor,9606,,,IC50,uM,UO_0000065,,0.03,427.2910000000001,5.054500000000003,6,1,69.03999999999999
,,280104,[],CHEMBL677890,Inhibitory activity against protein tyrosine kinase of Epidermal growth factor receptor was determined,B,,,BAO_0000190,BAO_0000357,single protein format,CO[C@H]1[C@@H](N(C)CC(=O)O)C[C@@H]2O[C@@]1(C)n1c3ccccc3c3c4c(c5c6ccccc6n2c5c31)C(=O)NC4,,,CHEMBL1127758,Bioorg Med Chem Lett,1994,"{'bei': '14.31', 'le': '0.26', 'lle': '3.36', 'sei': '7.67'}",,CHEMBL132348,,CHEMBL132348,7.51,0,http://www.openphacts.org/units/Nanomolar,249320,=,1,1,=,,IC50,nM,,31.0,CHEMBL203,Homo sapiens,Epidermal growth factor receptor,9606,,,IC50,uM,UO_0000065,,0.031,524.5770000000002,4.1510000000000025,7,2,97.96000000000001
,,407148,[],CHEMBL679944,Concentration needed to inhibit the phosphorylation of a 14-residue fragment of phospholipase C-gamma1 by Epidermal growth factor receptor (prepared from human A431 carcinoma cell vesicles by immunoaffinity chromatography),B,,,BAO_0000190,BAO_0000357,single protein format,Brc1cccc(Nc2[nH]cnc3nc4ccccc4c2-3)c1,,,CHEMBL1132555,J Med Chem,1999,"{'bei': '22.14', 'le': '0.49', 'lle': '2.94', 'sei': '14.01'}",,CHEMBL423224,,CHEMBL423224,7.51,0,http://www.openphacts.org/units/Nanomolar,296362,=,1,1,=,,IC50,nM,,31.0,CHEMBL203,Homo sapiens,Epidermal growth factor receptor,9606,,,IC50,nM,UO_0000065,,31.0,339.1960000000001,4.568800000000001,3,2,53.6
,,284919,[],CHEMBL680015,Inhibition of EGFR,B,,,BAO_0000190,BAO_0000357,single protein format,CS(=O)(=O)CCNc1nc(-c2ccc3ncnc(Nc4ccc(F)c(Cl)c4)c3c2)cs1,,,CHEMBL1136583,Bioorg Med Chem Lett,2003,"{'bei': '15.60', 'le': '0.33', 'lle': '2.71', 'sei': '7.70'}",,CHEMBL157084,,CHEMBL157084,7.46,0,http://www.openphacts.org/units/Nanomolar,309597,=,1,1,=,,IC50,nM,,35.0,CHEMBL203,Homo sapiens,Epidermal growth factor receptor,9606,,,IC50,uM,UO_0000065,,0.035,477.9740000000001,4.7459000000000024,8,2,96.87
,,418071,[],CHEMBL679944,Concentration needed to inhibit the phosphorylation of a 14-residue fragment of phospholipase C-gamma1 by Epidermal growth factor receptor (prepared from human A431 carcinoma cell vesicles by immunoaffinity chromatography),B,,,BAO_0000190,BAO_0000357,single protein format,Brc1cccc(Nc2ncnc3sccc23)c1,,,CHEMBL1132555,J Med Chem,1999,"{'bei': '24.35', 'le': '0.60', 'lle': '3.26', 'sei': '19.72'}",,CHEMBL355982,,CHEMBL355982,7.46,0,http://www.openphacts.org/units/Nanomolar,296356,=,1,1,=,,IC50,nM,,35.0,CHEMBL203,Homo sapiens,Epidermal growth factor receptor,9606,,,IC50,nM,UO_0000065,,35.0,306.18800000000005,4.197400000000001,4,1,37.81
,,140014,[],CHEMBL679947,"Inhibition of phosphorylation of phospholipase C gamma1 by Epidermal growth factor receptor, from human A431 carcinoma cell vesicles",F,,,BAO_0000190,BAO_0000019,assay format,CN(C)CCNc1ncc2ncnc(Nc3cccc(Br)c3)c2n1,,,CHEMBL1130057,J Med Chem,1997,,,CHEMBL54067,,CHEMBL54067,7.46,0,http://www.openphacts.org/units/Nanomolar,89145,=,1,1,=,,IC50,nM,,35.0,CHEMBL203,Homo sapiens,Epidermal growth factor receptor,9606,,,IC50,nM,UO_0000065,,35.0,388.2730000000001,2.8994,7,2,78.86
,,66490,[],CHEMBL677833,In vitro inhibition of Epidermal growth factor receptor tyrosine kinase isolated from A431 (human carcinoma).,B,,,BAO_0000190,BAO_0000357,single protein format,CN(C)CC/N=N/Nc1ccc2ncnc(Nc3cccc(Br)c3)c2c1,,,CHEMBL1145114,J Med Chem,2003,"{'bei': '17.91', 'le': '0.39', 'lle': '2.94', 'sei': '9.54'}",,CHEMBL137534,,CHEMBL137534,7.42,0,http://www.openphacts.org/units/Nanomolar,262237,=,1,1,=,,IC50,nM,,38.0,CHEMBL203,Homo sapiens,Epidermal growth factor receptor,9606,,,IC50,uM,UO_0000065,,0.038,414.3110000000001,4.476600000000003,6,2,77.80000000000001
,,63852,[],CHEMBL677833,In vitro inhibition of Epidermal growth factor receptor tyrosine kinase isolated from A431 (human carcinoma).,B,,,BAO_0000190,BAO_0000357,single protein format,C/N=N/Nc1ccc2ncnc(Nc3cccc(Br)c3)c2c1,,,CHEMBL1145114,J Med Chem,2003,"{'bei': '20.74', 'le': '0.46', 'lle': '2.87', 'sei': '9.94'}",,CHEMBL137617,,CHEMBL137617,7.41,0,http://www.openphacts.org/units/Nanomolar,262231,=,1,1,=,,IC50,nM,,39.0,CHEMBL203,Homo sapiens,Epidermal growth factor receptor,9606,,,IC50,uM,UO_0000065,,0.039,357.2150000000001,4.544800000000002,5,2,74.56
,,32270,[],CHEMBL621151,Inhibition of autophosphorylation of human epidermal growth factor-receptor (EGF-R) expressed in A431 cells,F,,,BAO_0000190,BAO_0000219,cell-based format,Cc1cc(C(=O)N2CCOCC2)[nH]c1/C=C1\C(=O)Nc2ncnc(Nc3ccc(F)c(Cl)c3)c21,,,CHEMBL1134862,Bioorg Med Chem Lett,2002,,,CHEMBL69960,,CHEMBL69960,7.4,0,http://www.openphacts.org/units/Nanomolar,119494,=,1,1,=,,IC50,nM,,40.0,CHEMBL203,Homo sapiens,Epidermal growth factor receptor,9606,,,IC50,uM,UO_0000065,,0.04,482.9030000000001,3.614320000000001,6,3,112.24
,,409491,[],CHEMBL679944,Concentration needed to inhibit the phosphorylation of a 14-residue fragment of phospholipase C-gamma1 by Epidermal growth factor receptor (prepared from human A431 carcinoma cell vesicles by immunoaffinity chromatography),B,,,BAO_0000190,BAO_0000357,single protein format,Brc1cccc(Nc2ncnc3c2sc2ncsc23)c1.CO,,,CHEMBL1132555,J Med Chem,1999,"{'bei': '20.37', 'le': '0.51', 'lle': '2.59', 'sei': '14.59'}",,CHEMBL346863,,CHEMBL1184382,7.4,0,http://www.openphacts.org/units/Nanomolar,296378,=,1,1,=,,IC50,nM,,40.0,CHEMBL203,Homo sapiens,Epidermal growth factor receptor,9606,,,IC50,nM,UO_0000065,,40.0,395.3070000000001,4.415600000000002,7,2,70.93
,,205655,[],CHEMBL677389,Inhibition of the phosphorylation of a random polyglutamic acid/tyrosine copolymer by human epidermal growth factor receptor(EGFR) prepared from human A431 carcinoma cells,B,,,BAO_0000190,BAO_0000219,cell-based format,CN(C)CCn1ncc2cc3c(Nc4cccc(Br)c4)ncnc3cc21,,,CHEMBL1130030,J Med Chem,1997,"{'bei': '17.99', 'le': '0.39', 'lle': '3.35', 'sei': '12.57'}",,CHEMBL287832,,CHEMBL287832,7.4,0,http://www.openphacts.org/units/Nanomolar,60212,=,1,1,=,,IC50,nM,,40.0,CHEMBL203,Homo sapiens,Epidermal growth factor receptor,9606,,,IC50,nM,UO_0000065,,40.0,411.30700000000013,4.047200000000002,6,1,58.870000000000005
,,352154,[],CHEMBL677387,Inhibition of phosphorylation of polyglutamic acid/tyrosine random copolymer by epidermal growth factor receptor.,B,,,BAO_0000190,BAO_0000357,single protein format,CN(C)CCN(C)c1cc2ncnc(Nc3cccc(Br)c3)c2cn1,,,CHEMBL1130246,J Med Chem,1997,"{'bei': '18.43', 'le': '0.40', 'lle': '3.87', 'sei': '12.94'}",,CHEMBL126137,,CHEMBL126137,7.4,0,http://www.openphacts.org/units/Nanomolar,243828,=,1,1,=,,IC50,nM,,40.0,CHEMBL203,Homo sapiens,Epidermal growth factor receptor,9606,,,IC50,nM,UO_0000065,,40.0,401.31200000000007,3.5287000000000015,6,1,57.18000000000001
,,202120,[],CHEMBL677389,Inhibition of the phosphorylation of a random polyglutamic acid/tyrosine copolymer by human epidermal growth factor receptor(EGFR) prepared from human A431 carcinoma cells,B,,,BAO_0000190,BAO_0000219,cell-based format,CN(C)CCn1ccc2cc3c(Nc4cccc(Br)c4)ncnc3cc21,,,CHEMBL1130030,J Med Chem,1997,"{'bei': '18.00', 'le': '0.39', 'lle': '2.74', 'sei': '16.07'}",,CHEMBL37373,,CHEMBL37373,7.39,0,http://www.openphacts.org/units/Nanomolar,60197,=,1,1,=,,IC50,nM,,41.0,CHEMBL203,Homo sapiens,Epidermal growth factor receptor,9606,,,IC50,nM,UO_0000065,,41.0,410.3190000000001,4.652200000000003,5,1,45.980000000000004
,,32260,[],CHEMBL674637,Inhibitory activity towards tyrosine phosphorylation for the epidermal growth factor-receptor kinase,B,,,BAO_0000190,BAO_0000357,single protein format,Cc1cc(C)c(/C=C2\C(=O)Nc3ncnc(Nc4ccc(F)c(Cl)c4)c32)[nH]1,,,CHEMBL1134862,Bioorg Med Chem Lett,2002,"{'bei': '19.25', 'le': '0.37', 'lle': '2.94', 'sei': '8.93'}",,CHEMBL68920,,CHEMBL68920,7.39,0,http://www.openphacts.org/units/Nanomolar,119482,=,1,1,=,,IC50,nM,,41.0,CHEMBL203,Homo sapiens,Epidermal growth factor receptor,9606,,,IC50,uM,UO_0000065,,0.041,383.814,4.450340000000002,4,3,82.69999999999999
,,289639,[],CHEMBL677890,Inhibitory activity against protein tyrosine kinase of Epidermal growth factor receptor was determined,B,,,BAO_0000190,BAO_0000357,single protein format,CC[N+](C)(C)[C@H]1C[C@@H]2O[C@](C)([C@H]1OC)n1c3ccccc3c3c4c(c5c6ccccc6n2c5c31)C(=O)NC4,,,CHEMBL1127758,Bioorg Med Chem Lett,1994,"{'bei': '14.45', 'le': '0.26', 'lle': '2.14', 'sei': '12.83'}",,CHEMBL340611,,CHEMBL340611,7.37,0,http://www.openphacts.org/units/Nanomolar,249322,=,1,1,=,,IC50,nM,,43.0,CHEMBL203,Homo sapiens,Epidermal growth factor receptor,9606,,,IC50,uM,UO_0000065,,0.043,509.6300000000003,5.2309000000000045,5,1,57.42
,,379120,[],CHEMBL677387,Inhibition of phosphorylation of polyglutamic acid/tyrosine random copolymer by epidermal growth factor receptor.,B,,,BAO_0000190,BAO_0000357,single protein format,CN(C)CCNc1cc2ncnc(Nc3cccc(Br)c3)c2cn1,,,CHEMBL1130246,J Med Chem,1997,"{'bei': '18.97', 'le': '0.42', 'lle': '3.85', 'sei': '11.14'}",,CHEMBL128432,,CHEMBL128432,7.35,0,http://www.openphacts.org/units/Nanomolar,243832,=,1,1,=,,IC50,nM,,45.0,CHEMBL203,Homo sapiens,Epidermal growth factor receptor,9606,,,IC50,nM,UO_0000065,,45.0,387.2850000000001,3.5044000000000013,6,2,65.97
,,407150,[],CHEMBL679944,Concentration needed to inhibit the phosphorylation of a 14-residue fragment of phospholipase C-gamma1 by Epidermal growth factor receptor (prepared from human A431 carcinoma cell vesicles by immunoaffinity chromatography),B,,,BAO_0000190,BAO_0000357,single protein format,Nc1ccc2sc3c(Nc4cccc(C(F)(F)F)c4)ncnc3c2c1,,,CHEMBL1132555,J Med Chem,1999,"{'bei': '20.33', 'le': '0.40', 'lle': '2.14', 'sei': '11.48'}",,CHEMBL347282,,CHEMBL347282,7.33,0,http://www.openphacts.org/units/Nanomolar,296394,=,1,1,=,,IC50,nM,,47.0,CHEMBL203,Homo sapiens,Epidermal growth factor receptor,9606,,,IC50,nM,UO_0000065,,47.0,360.3640000000001,5.189100000000002,5,2,63.83
,,427152,[],CHEMBL679944,Concentration needed to inhibit the phosphorylation of a 14-residue fragment of phospholipase C-gamma1 by Epidermal growth factor receptor (prepared from human A431 carcinoma cell vesicles by immunoaffinity chromatography),B,,,BAO_0000190,BAO_0000357,single protein format,Cl.O=[N+]([O-])c1ccc2c(c1)sc1c(Nc3cccc(Br)c3)ncnc12,,,CHEMBL1132555,J Med Chem,1999,"{'bei': '18.24', 'le': '0.42', 'lle': '2.06', 'sei': '9.04'}",,CHEMBL540590,,CHEMBL1190313,7.32,0,http://www.openphacts.org/units/Nanomolar,296392,=,1,1,=,,IC50,nM,,48.0,CHEMBL203,Homo sapiens,Epidermal growth factor receptor,9606,,,IC50,nM,UO_0000065,,48.0,437.7060000000001,5.680600000000002,6,1,80.95
,,316942,[],CHEMBL691873,Inhibition of human endothelial cell growth stimulate by endothelial growth factor,F,,,BAO_0000190,BAO_0000219,cell-based format,COc1cc2c(Nc3ccc(Br)cc3F)ncnc2cc1OCCn1ccnn1,,,CHEMBL1135889,J Med Chem,2002,,,CHEMBL281872,ZD-4190 FREE BASE,CHEMBL281872,7.3,0,http://www.openphacts.org/units/Nanomolar,35685,=,1,1,=,,IC50,nM,,50.0,CHEMBL203,Homo sapiens,Epidermal growth factor receptor,9606,,,IC50,uM,UO_0000065,,0.05,459.2790000000002,3.954100000000003,8,1,86.98
,,191433,[],CHEMBL677389,Inhibition of the phosphorylation of a random polyglutamic acid/tyrosine copolymer by human epidermal growth factor receptor(EGFR) prepared from human A431 carcinoma cells,B,,,BAO_0000190,BAO_0000219,cell-based format,O=C(O)Cn1ncc2cc3c(Nc4cccc(Br)c4)ncnc3cc21,,,CHEMBL1130030,J Med Chem,1997,"{'bei': '18.27', 'le': '0.40', 'lle': '3.71', 'sei': '7.83'}",,CHEMBL36819,,CHEMBL36819,7.28,0,http://www.openphacts.org/units/Nanomolar,60211,=,1,1,=,,IC50,nM,,53.0,CHEMBL203,Homo sapiens,Epidermal growth factor receptor,9606,,,IC50,nM,UO_0000065,,53.0,398.2200000000001,3.5702000000000016,6,2,92.92999999999999
,,418075,[],CHEMBL679944,Concentration needed to inhibit the phosphorylation of a 14-residue fragment of phospholipase C-gamma1 by Epidermal growth factor receptor (prepared from human A431 carcinoma cell vesicles by immunoaffinity chromatography),B,,,BAO_0000190,BAO_0000357,single protein format,Cl.O=[N+]([O-])c1ccc2sc3c(Nc4ccccc4)ncnc3c2c1,,,CHEMBL1132555,J Med Chem,1999,"{'bei': '22.45', 'le': '0.43', 'lle': '2.74', 'sei': '8.94'}",,CHEMBL544868,,CHEMBL1193457,7.24,0,http://www.openphacts.org/units/Nanomolar,296400,=,1,1,=,,IC50,nM,,58.0,CHEMBL203,Homo sapiens,Epidermal growth factor receptor,9606,,,IC50,nM,UO_0000065,,58.0,358.81000000000006,4.918100000000003,6,1,80.95
,,45872,[],CHEMBL677833,In vitro inhibition of Epidermal growth factor receptor tyrosine kinase isolated from A431 (human carcinoma).,B,,,BAO_0000190,BAO_0000357,single protein format,Brc1cccc(Nc2ncnc3ccc(N/N=N/CCN4CCOCC4)cc23)c1,,,CHEMBL1145114,J Med Chem,2003,"{'bei': '15.76', 'le': '0.34', 'lle': '2.94', 'sei': '8.27'}",,CHEMBL137364,,CHEMBL137364,7.19,0,http://www.openphacts.org/units/Nanomolar,262236,=,1,1,=,,IC50,nM,,64.0,CHEMBL203,Homo sapiens,Epidermal growth factor receptor,9606,,,IC50,uM,UO_0000065,,0.064,456.34800000000035,4.247200000000003,7,2,87.03
,,127740,[],CHEMBL680019,Inhibitory concentration was evaluated against epidermal growth factor receptor (EGFr) tyrosine kinase,B,,,BAO_0000190,BAO_0000357,single protein format,COc1ccccc1Nc1ncc2cc(-c3c(Cl)cccc3Cl)c(=O)n(C)c2n1,,,CHEMBL1131066,J Med Chem,1998,"{'bei': '16.80', 'le': '0.34', 'lle': '2.13', 'sei': '10.40'}",,CHEMBL320705,,CHEMBL320705,7.18,0,http://www.openphacts.org/units/Nanomolar,210191,=,1,1,=,,IC50,nM,,66.0,CHEMBL203,Homo sapiens,Epidermal growth factor receptor,9606,,,IC50,uM,UO_0000065,,0.066,427.2910000000001,5.054500000000003,6,1,69.03999999999999
,,189084,[],CHEMBL674106,Inhibitory activity against epidermal growth factor receptor,B,,,BAO_0000190,BAO_0000357,single protein format,COc1ccc2ncnc(Nc3ccc(OCc4ccccc4)cc3)c2c1,,,CHEMBL1146682,Bioorg Med Chem Lett,2004,"{'bei': '20.05', 'le': '0.36', 'lle': '2.21', 'sei': '12.74'}",,CHEMBL15202,,CHEMBL15202,7.17,0,http://www.openphacts.org/units/Nanomolar,15405,=,1,1,=,,IC50,nM,,68.0,CHEMBL203,Homo sapiens,Epidermal growth factor receptor,9606,,,IC50,nM,UO_0000065,,68.0,357.41300000000007,4.961000000000003,5,1,56.27000000000001
,,406680,[],CHEMBL621024,Inhibition of epidermal growth factor receptor (EGF-R) autophosphorylation in A431 cells,F,,,BAO_0000190,BAO_0000219,cell-based format,COc1cc2ncnc(Oc3cccc(Br)c3)c2cc1OC,,,CHEMBL1152084,Bioorg Med Chem Lett,1997,,,CHEMBL98798,,CHEMBL98798,7.16,0,http://www.openphacts.org/units/Nanomolar,185636,=,1,1,=,,IC50,nM,,70.0,CHEMBL203,Homo sapiens,Epidermal growth factor receptor,9606,,,IC50,uM,UO_0000065,,0.07,361.1950000000001,4.201800000000003,5,0,53.47000000000001
,,340165,[],CHEMBL691873,Inhibition of human endothelial cell growth stimulate by endothelial growth factor,F,,,BAO_0000190,BAO_0000219,cell-based format,COc1cc2c(Nc3cc(O)c(Cl)cc3F)ncnc2cc1OCC1CCN(C)CC1.Cl,,,CHEMBL1135889,J Med Chem,2002,,,CHEMBL2448066,,CHEMBL24409,7.16,0,http://www.openphacts.org/units/Nanomolar,35683,=,1,1,=,,IC50,nM,,70.0,CHEMBL203,Homo sapiens,Epidermal growth factor receptor,9606,,,IC50,uM,UO_0000065,,0.07,483.37100000000027,5.022500000000004,7,2,79.74
,,71575,[],CHEMBL677833,In vitro inhibition of Epidermal growth factor receptor tyrosine kinase isolated from A431 (human carcinoma).,B,,,BAO_0000190,BAO_0000357,single protein format,COCC/N=N/Nc1ccc2ncnc(Nc3cccc(Br)c3)c2c1,,,CHEMBL1145114,J Med Chem,2003,"{'bei': '17.82', 'le': '0.39', 'lle': '2.59', 'sei': '8.53'}",,CHEMBL136674,,CHEMBL136674,7.15,0,http://www.openphacts.org/units/Nanomolar,262241,=,1,1,=,,IC50,nM,,71.0,CHEMBL203,Homo sapiens,Epidermal growth factor receptor,9606,,,IC50,uM,UO_0000065,,0.071,401.2680000000001,4.561400000000003,6,2,83.79
,,275243,[],CHEMBL680015,Inhibition of EGFR,B,,,BAO_0000190,BAO_0000357,single protein format,CS(=O)(=O)CCNc1nc(-c2ccc3ncnc(Nc4ccc5c(cnn5Cc5ccccc5)c4)c3c2)cs1,,,CHEMBL1136583,Bioorg Med Chem Lett,2003,"{'bei': '12.86', 'le': '0.25', 'lle': '1.80', 'sei': '6.23'}",,CHEMBL160303,,CHEMBL160303,7.15,0,http://www.openphacts.org/units/Nanomolar,309602,=,1,1,=,,IC50,nM,,71.0,CHEMBL203,Homo sapiens,Epidermal growth factor receptor,9606,,,IC50,uM,UO_0000065,,0.071,555.6890000000003,5.351400000000004,10,2,114.69
,,425685,[],CHEMBL679944,Concentration needed to inhibit the phosphorylation of a 14-residue fragment of phospholipase C-gamma1 by Epidermal growth factor receptor (prepared from human A431 carcinoma cell vesicles by immunoaffinity chromatography),B,,,BAO_0000190,BAO_0000357,single protein format,Brc1cccc(Nc2ncnc3c2[nH]c2ccccc23)c1.Cl,,,CHEMBL1132555,J Med Chem,1999,"{'bei': '21.06', 'le': '0.46', 'lle': '2.52', 'sei': '13.33'}",,CHEMBL6195771,,CHEMBL5198809,7.14,0,http://www.openphacts.org/units/Nanomolar,296370,=,1,1,=,,IC50,nM,,72.0,CHEMBL203,Homo sapiens,Epidermal growth factor receptor,9606,,,IC50,nM,UO_0000065,,72.0,375.6570000000001,5.039000000000002,3,2,53.6
,,189082,[],CHEMBL674106,Inhibitory activity against epidermal growth factor receptor,B,,,BAO_0000190,BAO_0000357,single protein format,CS(=O)(=O)CCNCCCCOc1ccc2ncnc(Nc3ccc(OCc4ccccc4)cc3)c2c1,,,CHEMBL1146682,Bioorg Med Chem Lett,2004,"{'bei': '13.70', 'le': '0.26', 'lle': '2.38', 'sei': '6.96'}",,CHEMBL15346,,CHEMBL15346,7.13,0,http://www.openphacts.org/units/Nanomolar,15418,=,1,1,=,,IC50,nM,,74.0,CHEMBL203,Homo sapiens,Epidermal growth factor receptor,9606,,,IC50,nM,UO_0000065,,74.0,520.6550000000002,4.745600000000003,8,2,102.44000000000001
,,191495,[],CHEMBL674106,Inhibitory activity against epidermal growth factor receptor,B,,,BAO_0000190,BAO_0000357,single protein format,O=C(NCCCCOc1ccc2ncnc(Nc3ccc(OCc4ccccc4)cc3)c2c1)C(F)(F)F,,,CHEMBL1146682,Bioorg Med Chem Lett,2004,"{'bei': '13.97', 'le': '0.26', 'lle': '1.34', 'sei': '8.35'}",,CHEMBL14627,,CHEMBL14627,7.13,0,http://www.openphacts.org/units/Nanomolar,15407,=,1,1,=,,IC50,nM,,74.0,CHEMBL203,Homo sapiens,Epidermal growth factor receptor,9606,,,IC50,nM,UO_0000065,,74.0,510.5160000000002,5.789900000000005,6,2,85.37
,,121735,[],CHEMBL683041,Inhibition of Epidermal Growth Factor Receptor (EGFR) autophosphorylation,B,,,BAO_0000190,BAO_0000357,single protein format,C=CC(=O)Nc1cc2c(Nc3ccc(F)c(Cl)c3)ncnc2cc1OCCCN1CCOCC1,,,CHEMBL1135208,Bioorg Med Chem Lett,2002,"{'bei': '14.67', 'le': '0.29', 'lle': '2.74', 'sei': '8.05'}",,CHEMBL31965,CANERTINIB,CHEMBL31965,7.13,0,http://www.openphacts.org/units/Nanomolar,182229,=,1,1,=,,IC50,nM,,74.0,CHEMBL203,Homo sapiens,Epidermal growth factor receptor,9606,,,IC50,uM,UO_0000065,,0.074,485.9470000000004,4.391500000000003,7,2,88.61
,,330836,[],CHEMBL677388,Inhibition of epidermal growth factor receptor kinase activity at a concentration of 2 uM of ATP,B,,,BAO_0000190,BAO_0000357,single protein format,COc1cc2c(Nc3ccc(Cl)cc3F)ncnc2cc1OCCCN1CCN(C)CC1.Cl,,,CHEMBL1135889,J Med Chem,2002,"{'bei': '15.49', 'le': '0.30', 'lle': '2.93', 'sei': '11.35'}",,CHEMBL1744347,,CHEMBL431696,7.12,0,http://www.openphacts.org/units/Nanomolar,35663,=,1,1,=,,IC50,nM,,75.0,CHEMBL203,Homo sapiens,Epidermal growth factor receptor,9606,,,IC50,uM,UO_0000065,,0.075,496.4140000000004,4.612600000000006,7,1,62.75
,,137444,[],CHEMBL680019,Inhibitory concentration was evaluated against epidermal growth factor receptor (EGFr) tyrosine kinase,B,,,BAO_0000190,BAO_0000357,single protein format,Cn1c(=O)c(-c2c(Cl)cccc2Cl)cc2cnc(Nc3ccc(CCCC(=O)O)cc3)nc21,,,CHEMBL1131066,J Med Chem,1998,"{'bei': '14.68', 'le': '0.29', 'lle': '1.65', 'sei': '7.31'}",,CHEMBL113070,,CHEMBL113070,7.1,0,http://www.openphacts.org/units/Nanomolar,210149,=,1,1,=,,IC50,nM,,80.0,CHEMBL203,Homo sapiens,Epidermal growth factor receptor,9606,,,IC50,uM,UO_0000065,,0.08,483.3550000000003,5.453200000000004,6,2,97.11
,,125565,[],CHEMBL683041,Inhibition of Epidermal Growth Factor Receptor (EGFR) autophosphorylation,B,,,BAO_0000190,BAO_0000357,single protein format,C=CC(=O)Nc1cc2c(Nc3ccc(F)c(Cl)c3)c(C#N)cnc2cc1OCCCN1CCOCC1,,,CHEMBL1135208,Bioorg Med Chem Lett,2002,"{'bei': '13.92', 'le': '0.27', 'lle': '2.23', 'sei': '7.13'}",,CHEMBL95774,,CHEMBL95774,7.1,0,http://www.openphacts.org/units/Nanomolar,182225,=,1,1,=,,IC50,nM,,80.0,CHEMBL203,Homo sapiens,Epidermal growth factor receptor,9606,,,IC50,uM,UO_0000065,,0.08,509.96900000000045,4.868180000000005,7,2,99.51
,,400167,[],CHEMBL679944,Concentration needed to inhibit the phosphorylation of a 14-residue fragment of phospholipase C-gamma1 by Epidermal growth factor receptor (prepared from human A431 carcinoma cell vesicles by immunoaffinity chromatography),B,,,BAO_0000190,BAO_0000357,single protein format,COc1ccc2c(c1)sc1c(Nc3cccc(Br)c3)ncnc12,,,CHEMBL1132555,J Med Chem,1999,"{'bei': '18.37', 'le': '0.42', 'lle': '1.74', 'sei': '15.09'}",,CHEMBL346846,,CHEMBL346846,7.1,0,http://www.openphacts.org/units/Nanomolar,296388,=,1,1,=,,IC50,nM,,80.0,CHEMBL203,Homo sapiens,Epidermal growth factor receptor,9606,,,IC50,nM,UO_0000065,,80.0,386.27400000000006,5.359200000000003,5,1,47.04
,,415280,[],CHEMBL674693,Inhibition of Epidermal growth factor receptor (EGF-R) tyrosine kinase activity ,B,,,BAO_0000190,BAO_0000357,single protein format,Nc1ncnc2c1c(-c1cccc(O)c1)cn2C1CCCC1,,,CHEMBL1134829,Bioorg Med Chem Lett,2001,"{'bei': '24.11', 'le': '0.44', 'lle': '3.60', 'sei': '9.22'}",,CHEMBL169390,,CHEMBL169390,7.1,0,http://www.openphacts.org/units/Nanomolar,333368,=,1,1,=,,IC50,nM,,80.0,CHEMBL203,Homo sapiens,Epidermal growth factor receptor,9606,,,IC50,uM,UO_0000065,,0.08,294.3580000000001,3.5012000000000016,5,2,76.96000000000001
,,321873,[],CHEMBL691873,Inhibition of human endothelial cell growth stimulate by endothelial growth factor,F,,,BAO_0000190,BAO_0000219,cell-based format,COc1cc2c(Nc3ccc(Cl)cc3F)ncnc2cc1OC/C=C/CN1CCCC1.Cl,,,CHEMBL1135889,J Med Chem,2002,,,CHEMBL1744349,,CHEMBL28148,7.1,0,http://www.openphacts.org/units/Nanomolar,35670,=,1,1,=,,IC50,nM,,80.0,CHEMBL203,Homo sapiens,Epidermal growth factor receptor,9606,,,IC50,uM,UO_0000065,,0.08,479.3830000000003,5.627100000000006,6,1,59.51
,,347654,[],CHEMBL680028,Inhibition of autophosphorylation of cytoplasmic domain of epidermal growth factor receptor,B,,,BAO_0000190,BAO_0000357,single protein format,CCOc1cc2ncc(C#N)c(Nc3ccc(F)c(Cl)c3)c2cc1NC(=O)/C=C/CN(C)C,,,CHEMBL1145020,J Med Chem,2003,"{'bei': '15.17', 'le': '0.29', 'lle': '2.00', 'sei': '7.86'}",,CHEMBL607707,PELITINIB,CHEMBL607707,7.1,1,http://www.openphacts.org/units/Nanomolar,308351,=,1,1,=,,IC50,nM,,80.0,CHEMBL203,Homo sapiens,Epidermal growth factor receptor,9606,,,IC50,uM,UO_0000065,,0.08,467.9320000000002,5.097580000000004,6,2,90.27999999999999
,,204578,[],CHEMBL674106,Inhibitory activity against epidermal growth factor receptor,B,,,BAO_0000190,BAO_0000357,single protein format,C=CCOc1ccc2ncnc(Nc3ccc(OCc4ccccc4)cc3)c2c1,,,CHEMBL1146682,Bioorg Med Chem Lett,2004,"{'bei': '18.52', 'le': '0.33', 'lle': '1.58', 'sei': '12.62'}",,CHEMBL540701,,CHEMBL540701,7.1,0,http://www.openphacts.org/units/Nanomolar,15417,=,1,1,=,,IC50,nM,,79.0,CHEMBL203,Homo sapiens,Epidermal growth factor receptor,9606,,,IC50,nM,UO_0000065,,79.0,383.4510000000001,5.517200000000004,5,1,56.27000000000001
,,334919,[],CHEMBL691873,Inhibition of human endothelial cell growth stimulate by endothelial growth factor,F,,,BAO_0000190,BAO_0000219,cell-based format,COc1cc2c(Nc3ccc(Br)cc3F)ncnc2cc1OCCC1CCNCC1,,,CHEMBL1135889,J Med Chem,2002,,,CHEMBL26641,,CHEMBL26641,7.1,0,http://www.openphacts.org/units/Nanomolar,35666,=,1,1,=,,IC50,nM,,80.0,CHEMBL203,Homo sapiens,Epidermal growth factor receptor,9606,,,IC50,uM,UO_0000065,,0.08,475.36200000000036,5.052100000000005,6,2,68.3
,,274082,[],CHEMBL680015,Inhibition of EGFR,B,,,BAO_0000190,BAO_0000357,single protein format,CS(=O)(=O)CCNc1nc(-c2ccc3ncnc(Nc4ccc(OCc5ccccc5)cc4)c3c2)cs1,,,CHEMBL1136583,Bioorg Med Chem Lett,2003,"{'bei': '13.33', 'le': '0.26', 'lle': '1.56', 'sei': '6.68'}",,CHEMBL422347,,CHEMBL422347,7.09,0,http://www.openphacts.org/units/Nanomolar,309598,=,1,1,=,,IC50,nM,,82.0,CHEMBL203,Homo sapiens,Epidermal growth factor receptor,9606,,,IC50,uM,UO_0000065,,0.082,531.6630000000002,5.532400000000004,9,2,106.10000000000001
,,118874,[],CHEMBL679947,"Inhibition of phosphorylation of phospholipase C gamma1 by Epidermal growth factor receptor, from human A431 carcinoma cell vesicles",F,,,BAO_0000190,BAO_0000019,assay format,Clc1ncc2ncnc(Nc3cccc(Br)c3)c2n1,,,CHEMBL1130057,J Med Chem,1997,,,CHEMBL53311,,CHEMBL53311,7.09,0,http://www.openphacts.org/units/Nanomolar,89142,=,1,1,=,,IC50,nM,,82.0,CHEMBL203,Homo sapiens,Epidermal growth factor receptor,9606,,,IC50,nM,UO_0000065,,82.0,336.58000000000004,3.579300000000001,5,1,63.59
,,130236,[],CHEMBL680030,Tested for inhibition of PLC gamma-derived substrate in Epidermal growth factor receptor stimulated A431 cells,F,,,BAO_0000190,BAO_0000219,cell-based format,CN(C)c1ccc2ncnc(Nc3cccc(Br)c3)c2c1,,,CHEMBL1130057,J Med Chem,1997,,,CHEMBL52015,,CHEMBL52015,7.08,1,http://www.openphacts.org/units/Nanomolar,89159,=,1,1,=,,IC50,nM,,84.0,CHEMBL203,Homo sapiens,Epidermal growth factor receptor,9606,,,IC50,nM,UO_0000065,,84.0,343.228,4.201900000000003,4,1,41.050000000000004
,,418892,[],CHEMBL674026,Inhibition of EGFR kinase,B,,,BAO_0000190,BAO_0000357,single protein format,COc1nccc(-c2c(-c3ccc(F)cc3)ncn2[C@H]2CC[C@H](O)CC2)n1,,,CHEMBL1134743,Bioorg Med Chem Lett,2001,"{'bei': '19.22', 'le': '0.36', 'lle': '3.45', 'sei': '9.69'}",,CHEMBL97162,,CHEMBL97162,7.08,0,http://www.openphacts.org/units/Nanomolar,180422,=,1,1,=,,IC50,nM,,83.0,CHEMBL203,Homo sapiens,Epidermal growth factor receptor,9606,,,IC50,nM,UO_0000065,,83.0,368.4120000000002,3.6308000000000016,6,1,73.06
,,342471,[],CHEMBL691873,Inhibition of human endothelial cell growth stimulate by endothelial growth factor,F,,,BAO_0000190,BAO_0000219,cell-based format,COc1cc2c(Nc3ccc(Br)cc3F)ncnc2cc1OC/C=C/CN1CCCC1.Cl,,,CHEMBL1135889,J Med Chem,2002,,,CHEMBL1202478,,CHEMBL25630,7.05,0,http://www.openphacts.org/units/Nanomolar,35669,=,1,1,=,,IC50,nM,,90.0,CHEMBL203,Homo sapiens,Epidermal growth factor receptor,9606,,,IC50,uM,UO_0000065,,0.09,523.8340000000004,5.7362000000000055,6,1,59.51
,,113793,[],CHEMBL680019,Inhibitory concentration was evaluated against epidermal growth factor receptor (EGFr) tyrosine kinase,B,,,BAO_0000190,BAO_0000357,single protein format,Cn1c(=O)c(-c2c(Cl)cccc2Cl)cc2cnc(Nc3cccc(CO)c3)nc21,,,CHEMBL1131066,J Med Chem,1998,"{'bei': '16.49', 'le': '0.33', 'lle': '2.51', 'sei': '8.80'}",,CHEMBL327127,,CHEMBL327127,7.05,0,http://www.openphacts.org/units/Nanomolar,210186,=,1,1,=,,IC50,nM,,90.0,CHEMBL203,Homo sapiens,Epidermal growth factor receptor,9606,,,IC50,uM,UO_0000065,,0.09,427.29100000000017,4.538200000000003,6,2,80.04
,,325577,[],CHEMBL691873,Inhibition of human endothelial cell growth stimulate by endothelial growth factor,F,,,BAO_0000190,BAO_0000219,cell-based format,COc1cc2c(Nc3ccc(Br)cc3F)ncnc2cc1OCCCN1CCN(C)CC1.Cl,,,CHEMBL1135889,J Med Chem,2002,,,CHEMBL1202477,,CHEMBL279072,7.05,0,http://www.openphacts.org/units/Nanomolar,35674,=,1,1,=,,IC50,nM,,90.0,CHEMBL203,Homo sapiens,Epidermal growth factor receptor,9606,,,IC50,uM,UO_0000065,,0.09,540.8650000000005,4.721700000000006,7,1,62.75
,,375986,[],CHEMBL680028,Inhibition of autophosphorylation of cytoplasmic domain of epidermal growth factor receptor,B,,,BAO_0000190,BAO_0000357,single protein format,COc1cc2ncc(C#N)c(Nc3cccc(Br)c3)c2cc1NC(=O)C#CCN(C)C,,,CHEMBL1145020,J Med Chem,2003,"{'bei': '14.73', 'le': '0.31', 'lle': '2.93', 'sei': '7.80'}",,CHEMBL116853,,CHEMBL116853,7.05,0,http://www.openphacts.org/units/Nanomolar,308356,=,1,1,=,,IC50,nM,,90.0,CHEMBL203,Homo sapiens,Epidermal growth factor receptor,9606,,,IC50,uM,UO_0000065,,0.09,478.35000000000025,4.124680000000002,6,2,90.27999999999999
,,127421,[],CHEMBL673925,Inhibition of phosphorylation of a polyglutamic acid/tyrosine random copolymer by EGFR enzyme (from human A431 carcinoma cell vesicles),B,,,BAO_0000190,BAO_0000357,single protein format,O=S(=O)(CCO)c1cc2c(Nc3cccc(Br)c3)ncnc2cn1,,,CHEMBL1134843,J Med Chem,2001,"{'bei': '17.18', 'le': '0.40', 'lle': '4.73', 'sei': '6.69'}",,CHEMBL335440,,CHEMBL335440,7.03,0,http://www.openphacts.org/units/Nanomolar,265472,=,1,1,=,,IC50,nM,,93.5,CHEMBL203,Homo sapiens,Epidermal growth factor receptor,9606,,,IC50 app,nM,UO_0000065,,93.5,409.2650000000001,2.2969,7,2,105.07000000000001
,,203329,[],CHEMBL674106,Inhibitory activity against epidermal growth factor receptor,B,,,BAO_0000190,BAO_0000357,single protein format,CS(=O)(=O)CCNCCCCOc1ccc2ncnc(Nc3ccc(S(=O)(=O)c4ccccc4)cc3)c2c1,,,CHEMBL1146682,Bioorg Med Chem Lett,2004,"{'bei': '12.68', 'le': '0.25', 'lle': '3.03', 'sei': '5.52'}",,CHEMBL460732,,CHEMBL460732,7.03,0,http://www.openphacts.org/units/Nanomolar,15413,=,1,1,=,,IC50,nM,,93.0,CHEMBL203,Homo sapiens,Epidermal growth factor receptor,9606,,,IC50,nM,UO_0000065,,93.0,554.6940000000002,3.9994000000000023,9,2,127.35
,,183887,[],CHEMBL674106,Inhibitory activity against epidermal growth factor receptor,B,,,BAO_0000190,BAO_0000357,single protein format,Oc1ccc2ncnc(Nc3ccc(OCc4ccccc4)cc3)c2c1,,,CHEMBL1146682,Bioorg Med Chem Lett,2004,"{'bei': '20.41', 'le': '0.37', 'lle': '2.35', 'sei': '10.42'}",,CHEMBL14932,,CHEMBL14932,7.01,0,http://www.openphacts.org/units/Nanomolar,15404,=,1,1,=,,IC50,nM,,98.0,CHEMBL203,Homo sapiens,Epidermal growth factor receptor,9606,,,IC50,nM,UO_0000065,,98.0,343.386,4.658000000000003,5,2,67.27000000000001
,,307861,[],CHEMBL691873,Inhibition of human endothelial cell growth stimulate by endothelial growth factor,F,,,BAO_0000190,BAO_0000219,cell-based format,COc1cc2c(Nc3ccc(Cl)cc3F)ncnc2cc1OCC1CCNCC1.Cl,,,CHEMBL1135889,J Med Chem,2002,,,CHEMBL2448064,,CHEMBL26456,7.0,0,http://www.openphacts.org/units/Nanomolar,35681,=,1,1,=,,IC50,nM,,100.0,CHEMBL203,Homo sapiens,Epidermal growth factor receptor,9606,,,IC50,uM,UO_0000065,,0.1,453.3450000000003,4.974700000000005,6,2,68.3
,,328373,[],CHEMBL677388,Inhibition of epidermal growth factor receptor kinase activity at a concentration of 2 uM of ATP,B,,,BAO_0000190,BAO_0000357,single protein format,COc1cc2c(Nc3ccc(Br)cc3F)ncnc2cc1OC[C@H]1CCCN(C)C1,,,CHEMBL1135889,J Med Chem,2002,"{'bei': '14.73', 'le': '0.32', 'lle': '2.00', 'sei': '11.76'}",,CHEMBL1907944,,CHEMBL1907944,7.0,0,http://www.openphacts.org/units/Nanomolar,35664,=,1,1,=,,IC50,nM,,100.0,CHEMBL203,Homo sapiens,Epidermal growth factor receptor,9606,,,IC50,uM,UO_0000065,,0.1,475.36200000000036,5.004200000000005,6,1,59.51
,,44690,[],CHEMBL677833,In vitro inhibition of Epidermal growth factor receptor tyrosine kinase isolated from A431 (human carcinoma).,B,,,BAO_0000190,BAO_0000357,single protein format,C/N=N/Nc1ccc2ncnc(Nc3cccc(Cl)c3)c2c1,,,CHEMBL1145114,J Med Chem,2003,"{'bei': '22.38', 'le': '0.43', 'lle': '2.56', 'sei': '9.39'}",,CHEMBL133024,,CHEMBL133024,7.0,0,http://www.openphacts.org/units/Nanomolar,262245,=,1,1,=,,IC50,nM,,100.0,CHEMBL203,Homo sapiens,Epidermal growth factor receptor,9606,,,IC50,uM,UO_0000065,,0.1,312.76400000000007,4.435700000000002,5,2,74.56
,,285883,[],CHEMBL677890,Inhibitory activity against protein tyrosine kinase of Epidermal growth factor receptor was determined,B,,,BAO_0000190,BAO_0000357,single protein format,CN[C@@H]1C[C@H]2O[C@@](C)([C@@H]1OC)n1c3ccccc3c3c4c(c5c6ccccc6n2c5c31)C(=O)NC4,,,CHEMBL1127758,Bioorg Med Chem Lett,1994,"{'bei': '15.00', 'le': '0.27', 'lle': '2.65', 'sei': '10.08'}",,CHEMBL388978,STAUROSPORINE,CHEMBL388978,7.0,0,http://www.openphacts.org/units/Nanomolar,249284,=,1,1,=,,IC50,nM,,100.0,CHEMBL203,Homo sapiens,Epidermal growth factor receptor,9606,,,IC50,uM,UO_0000065,,0.1,466.5410000000003,4.354000000000003,6,2,69.45
,,316989,[],CHEMBL677388,Inhibition of epidermal growth factor receptor kinase activity at a concentration of 2 uM of ATP,B,,,BAO_0000190,BAO_0000357,single protein format,COc1cc2c(Nc3ccc(Cl)cc3F)ncnc2cc1OC[C@@H]1CCCN(C)C1,,,CHEMBL1135889,J Med Chem,2002,"{'bei': '16.24', 'le': '0.32', 'lle': '2.10', 'sei': '11.76'}",,CHEMBL1907763,,CHEMBL1907763,7.0,0,http://www.openphacts.org/units/Nanomolar,35675,=,1,1,=,,IC50,nM,,100.0,CHEMBL203,Homo sapiens,Epidermal growth factor receptor,9606,,,IC50,uM,UO_0000065,,0.1,430.91100000000034,4.895100000000005,6,1,59.51
,,318311,[],CHEMBL691873,Inhibition of human endothelial cell growth stimulate by endothelial growth factor,F,,,BAO_0000190,BAO_0000219,cell-based format,COc1cc2/c(=N/c3ccc(Br)cc3F)nc[nH]c2cc1OCC1CCN(C)CC1,,,CHEMBL1135889,J Med Chem,2002,,,CHEMBL24828,VANDETANIB,CHEMBL24828,7.0,0,http://www.openphacts.org/units/Nanomolar,35680,=,1,1,=,,IC50,nM,,100.0,CHEMBL203,Homo sapiens,Epidermal growth factor receptor,9606,,,IC50,uM,UO_0000065,,0.1,475.3620000000003,4.426100000000003,5,1,62.74
,,316996,[],CHEMBL677388,Inhibition of epidermal growth factor receptor kinase activity at a concentration of 2 uM of ATP,B,,,BAO_0000190,BAO_0000357,single protein format,COc1cc2c(Nc3ccc(Cl)cc3F)ncnc2cc1OCCCN1CCOCC1,,,CHEMBL1135889,J Med Chem,2002,"{'bei': '15.66', 'le': '0.31', 'lle': '2.72', 'sei': '10.18'}",,CHEMBL24137,,CHEMBL24137,7.0,0,http://www.openphacts.org/units/Nanomolar,35662,=,1,1,=,,IC50,nM,,100.0,CHEMBL203,Homo sapiens,Epidermal growth factor receptor,9606,,,IC50,uM,UO_0000065,,0.1,446.9100000000004,4.275600000000004,7,1,68.74
,,321890,[],CHEMBL691873,Inhibition of human endothelial cell growth stimulate by endothelial growth factor,F,,,BAO_0000190,BAO_0000219,cell-based format,COc1cc2c(Nc3ccc(Cl)cc3F)ncnc2cc1OCC1CCN(C)CC1.Cl,,,CHEMBL1135889,J Med Chem,2002,,,CHEMBL2448065,,CHEMBL26572,7.0,0,http://www.openphacts.org/units/Nanomolar,35659,=,1,1,=,,IC50,nM,,100.0,CHEMBL203,Homo sapiens,Epidermal growth factor receptor,9606,,,IC50,uM,UO_0000065,,0.1,467.37200000000036,5.316900000000006,6,1,59.51
,,324438,[],CHEMBL691873,Inhibition of human endothelial cell growth stimulate by endothelial growth factor,F,,,BAO_0000190,BAO_0000219,cell-based format,COc1cc2c(Nc3ccc(Cl)cc3F)ncnc2cc1OCCCN1CCCC1.Cl,,,CHEMBL1135889,J Med Chem,2002,,,CHEMBL2448067,,CHEMBL24133,7.0,0,http://www.openphacts.org/units/Nanomolar,35671,=,1,1,=,,IC50,nM,,100.0,CHEMBL203,Homo sapiens,Epidermal growth factor receptor,9606,,,IC50,uM,UO_0000065,,0.1,467.37200000000036,5.461000000000006,6,1,59.51
,,340150,[],CHEMBL691873,Inhibition of human endothelial cell growth stimulate by endothelial growth factor,F,,,BAO_0000190,BAO_0000219,cell-based format,COCCOc1cc2ncnc(Nc3ccc(Cl)cc3F)c2cc1OC,,,CHEMBL1135889,J Med Chem,2002,,,CHEMBL286160,,CHEMBL286160,7.0,0,http://www.openphacts.org/units/Nanomolar,35655,=,1,1,=,,IC50,nM,,100.0,CHEMBL203,Homo sapiens,Epidermal growth factor receptor,9606,,,IC50,uM,UO_0000065,,0.1,377.80300000000017,4.1997000000000035,6,1,65.5
,,200875,[],CHEMBL674106,Inhibitory activity against epidermal growth factor receptor,B,,,BAO_0000190,BAO_0000357,single protein format,CS(=O)(=O)CCNCCCOc1ccc2ncnc(Nc3ccc(OCc4ccccc4)cc3)c2c1,,,CHEMBL1146682,Bioorg Med Chem Lett,2004,"{'bei': '13.78', 'le': '0.26', 'lle': '2.62', 'sei': '6.82'}",,CHEMBL14952,,CHEMBL14952,6.98,0,http://www.openphacts.org/units/Nanomolar,15406,=,1,1,=,,IC50,nM,,104.0,CHEMBL203,Homo sapiens,Epidermal growth factor receptor,9606,,,IC50,nM,UO_0000065,,104.0,506.6280000000002,4.355500000000003,8,2,102.44000000000001
,,266500,[],CHEMBL677890,Inhibitory activity against protein tyrosine kinase of Epidermal growth factor receptor was determined,B,,,BAO_0000190,BAO_0000357,single protein format,CO[C@H]1[C@@H](N(C)C(=O)c2ccc(C(=O)O)cc2)C[C@@H]2O[C@@]1(C)n1c3ccccc3c3c4c(c5c6ccccc6n2c5c31)C(=O)NC4,,,CHEMBL1127758,Bioorg Med Chem Lett,1994,"{'bei': '11.32', 'le': '0.21', 'lle': '1.35', 'sei': '6.05'}",,CHEMBL435809,,CHEMBL435809,6.96,0,http://www.openphacts.org/units/Nanomolar,249292,=,1,1,=,,IC50,nM,,110.0,CHEMBL203,Homo sapiens,Epidermal growth factor receptor,9606,,,IC50,uM,UO_0000065,,0.11,614.658,5.605000000000006,7,2,115.03
,,34041,[],CHEMBL674643,Inhibitory concentration of EGF dependent autophosphorylation of epidermal growth factor receptor kinase,B,,,BAO_0000190,BAO_0000357,single protein format,N#CC(C#N)=C(N)/C(C#N)=C/c1ccc(O)cc1,,,CHEMBL1124610,J Med Chem,1989,"{'bei': '29.22', 'le': '0.52', 'lle': '5.34', 'sei': '5.87'}",,CHEMBL76589,,CHEMBL76589,6.9,0,http://www.openphacts.org/units/Nanomolar,137232,=,1,1,=,,IC50,nM,,125.0,CHEMBL203,Homo sapiens,Epidermal growth factor receptor,9606,,,IC50,uM,UO_0000065,,0.125,236.234,1.55914,5,2,117.61999999999999
,,366137,[],CHEMBL680028,Inhibition of autophosphorylation of cytoplasmic domain of epidermal growth factor receptor,B,,,BAO_0000190,BAO_0000357,single protein format,CCCN(CC#CC(=O)Nc1ccc2ncc(C#N)c(Nc3cccc(Br)c3)c2c1)CCC,,,CHEMBL1145020,J Med Chem,2003,"{'bei': '13.65', 'le': '0.28', 'lle': '1.21', 'sei': '8.50'}",,CHEMBL115187,,CHEMBL115187,6.89,0,http://www.openphacts.org/units/Nanomolar,308360,=,1,1,=,,IC50,nM,,130.0,CHEMBL203,Homo sapiens,Epidermal growth factor receptor,9606,,,IC50,uM,UO_0000065,,0.13,504.4320000000002,5.676480000000005,5,2,81.05000000000001
,,414368,[],CHEMBL679944,Concentration needed to inhibit the phosphorylation of a 14-residue fragment of phospholipase C-gamma1 by Epidermal growth factor receptor (prepared from human A431 carcinoma cell vesicles by immunoaffinity chromatography),B,,,BAO_0000190,BAO_0000357,single protein format,Cl.Cn1c2ccccc2c2ncnc(Nc3cccc(Br)c3)c21,,,CHEMBL1132555,J Med Chem,1999,"{'bei': '19.48', 'le': '0.43', 'lle': '2.25', 'sei': '16.10'}",,CHEMBL553137,,CHEMBL1194711,6.88,0,http://www.openphacts.org/units/Nanomolar,296369,=,1,1,=,,IC50,nM,,132.0,CHEMBL203,Homo sapiens,Epidermal growth factor receptor,9606,,,IC50,nM,UO_0000065,,132.0,389.6840000000001,5.049400000000002,4,1,42.74
,,418072,[],CHEMBL679944,Concentration needed to inhibit the phosphorylation of a 14-residue fragment of phospholipase C-gamma1 by Epidermal growth factor receptor (prepared from human A431 carcinoma cell vesicles by immunoaffinity chromatography),B,,,BAO_0000190,BAO_0000357,single protein format,Nc1nc(Nc2cccc(Br)c2)c2c(n1)[nH]c1ccccc12,,,CHEMBL1132555,J Med Chem,1999,"{'bei': '19.29', 'le': '0.42', 'lle': '2.63', 'sei': '8.58'}",,CHEMBL345988,,CHEMBL345988,6.83,0,http://www.openphacts.org/units/Nanomolar,296406,=,1,1,=,,IC50,nM,,147.0,CHEMBL203,Homo sapiens,Epidermal growth factor receptor,9606,,,IC50,nM,UO_0000065,,147.0,354.211,4.199400000000001,4,3,79.62
,,271231,[],CHEMBL675521,Inhibition of Epidermal growth factor receptor (EGFr) tyrosine kinase,B,,,BAO_0000190,BAO_0000357,single protein format,CN1CCN(CCCNc2ncc3cc(-c4c(Cl)cccc4Cl)c(NC(=O)NC(C)(C)C)nc3n2)CC1,,,CHEMBL1130094,J Med Chem,1997,"{'bei': '12.51', 'le': '0.25', 'lle': '1.85', 'sei': '6.94'}",,CHEMBL57347,,CHEMBL57347,6.82,0,http://www.openphacts.org/units/Nanomolar,133217,=,1,1,=,,IC50,nM,,150.0,CHEMBL203,Homo sapiens,Epidermal growth factor receptor,9606,,,IC50,uM,UO_0000065,,0.15,545.519,4.968000000000003,7,3,98.31
,,323345,[],CHEMBL691873,Inhibition of human endothelial cell growth stimulate by endothelial growth factor,F,,,BAO_0000190,BAO_0000219,cell-based format,COc1cc2c(Nc3ccc(Br)cc3F)ncnc2cc1OC[C@@H]1CCCN(C)C1,,,CHEMBL1135889,J Med Chem,2002,,,CHEMBL1907764,,CHEMBL1907764,6.82,0,http://www.openphacts.org/units/Nanomolar,35665,=,1,1,=,,IC50,nM,,150.0,CHEMBL203,Homo sapiens,Epidermal growth factor receptor,9606,,,IC50,uM,UO_0000065,,0.15,475.36200000000036,5.004200000000005,6,1,59.51
,,375981,[],CHEMBL680028,Inhibition of autophosphorylation of cytoplasmic domain of epidermal growth factor receptor,B,,,BAO_0000190,BAO_0000357,single protein format,COCC1CCCN1CC#CC(=O)Nc1ccc2ncc(C#N)c(Nc3cccc(Br)c3)c2c1,,,CHEMBL1145020,J Med Chem,2003,"{'bei': '13.16', 'le': '0.27', 'lle': '2.15', 'sei': '7.56'}",,CHEMBL157128,,CHEMBL157128,6.82,0,http://www.openphacts.org/units/Nanomolar,308361,=,1,1,=,,IC50,nM,,150.0,CHEMBL203,Homo sapiens,Epidermal growth factor receptor,9606,,,IC50,uM,UO_0000065,,0.15,518.4150000000002,4.665280000000004,6,2,90.28
,,321881,[],CHEMBL691873,Inhibition of human endothelial cell growth stimulate by endothelial growth factor,F,,,BAO_0000190,BAO_0000219,cell-based format,COc1cc2c(Nc3ccc(Br)cc3F)ncnc2cc1OCCC1CCN(C)CC1,,,CHEMBL1135889,J Med Chem,2002,,,CHEMBL24979,,CHEMBL24979,6.82,0,http://www.openphacts.org/units/Nanomolar,35667,=,1,1,=,,IC50,nM,,150.0,CHEMBL203,Homo sapiens,Epidermal growth factor receptor,9606,,,IC50,uM,UO_0000065,,0.15,489.3890000000004,5.394300000000006,6,1,59.51
,,122509,[],CHEMBL680019,Inhibitory concentration was evaluated against epidermal growth factor receptor (EGFr) tyrosine kinase,B,,,BAO_0000190,BAO_0000357,single protein format,Cn1c(=O)c(-c2c(Cl)cccc2Cl)cc2cnc(Nc3cccc(O)c3)nc21,,,CHEMBL1131066,J Med Chem,1998,"{'bei': '16.51', 'le': '0.33', 'lle': '2.07', 'sei': '8.53'}",,CHEMBL321193,,CHEMBL321193,6.82,0,http://www.openphacts.org/units/Nanomolar,210188,=,1,1,=,,IC50,nM,,150.0,CHEMBL203,Homo sapiens,Epidermal growth factor receptor,9606,,,IC50,uM,UO_0000065,,0.15,413.2640000000001,4.751500000000003,6,2,80.04
,,421929,[],CHEMBL679944,Concentration needed to inhibit the phosphorylation of a 14-residue fragment of phospholipase C-gamma1 by Epidermal growth factor receptor (prepared from human A431 carcinoma cell vesicles by immunoaffinity chromatography),B,,,BAO_0000190,BAO_0000357,single protein format,Cl.O=[N+]([O-])c1cccc2c1sc1c(Nc3cccc(Br)c3)ncnc12,,,CHEMBL1132555,J Med Chem,1999,"{'bei': '16.95', 'le': '0.39', 'lle': '1.54', 'sei': '8.40'}",,CHEMBL540082,,CHEMBL1190080,6.8,0,http://www.openphacts.org/units/Nanomolar,296384,=,1,1,=,,IC50,nM,,158.0,CHEMBL203,Homo sapiens,Epidermal growth factor receptor,9606,,,IC50,nM,UO_0000065,,158.0,437.7060000000001,5.680600000000002,6,1,80.95
,,285893,[],CHEMBL677890,Inhibitory activity against protein tyrosine kinase of Epidermal growth factor receptor was determined,B,,,BAO_0000190,BAO_0000357,single protein format,CO[C@H]1[C@@H](N(C)C(=O)CCC(=O)O)C[C@@H]2O[C@@]1(C)n1c3ccccc3c3c4c(c5c6ccccc6n2c5c31)C(=O)NC4,,,CHEMBL1127758,Bioorg Med Chem Lett,1994,"{'bei': '11.99', 'le': '0.22', 'lle': '2.34', 'sei': '5.91'}",,CHEMBL337027,,CHEMBL337027,6.8,0,http://www.openphacts.org/units/Nanomolar,249296,=,1,1,=,,IC50,nM,,160.0,CHEMBL203,Homo sapiens,Epidermal growth factor receptor,9606,,,IC50,uM,UO_0000065,,0.16,566.6140000000001,4.457800000000002,7,2,115.03
,,458336,[],CHEMBL677878,Concentration required for inhibition of epidermal growth factor receptor (EGF-R) by tyrosine kinase enzyme activity,B,,,BAO_0000190,BAO_0000357,single protein format,NC(=O)CN1CCC(n2cc(-c3cccc(O)c3)c3c(N)ncnc32)CC1,,,CHEMBL1134003,Bioorg Med Chem Lett,2001,"{'bei': '18.47', 'le': '0.34', 'lle': '5.26', 'sei': '5.49'}",,CHEMBL263528,,CHEMBL263528,6.77,0,http://www.openphacts.org/units/Nanomolar,333580,=,1,1,=,,IC50,nM,,170.0,CHEMBL203,Homo sapiens,Epidermal growth factor receptor,9606,,,IC50,uM,UO_0000065,,0.17,366.4250000000002,1.5083,7,3,123.29
,,328344,[],CHEMBL691873,Inhibition of human endothelial cell growth stimulate by endothelial growth factor,F,,,BAO_0000190,BAO_0000219,cell-based format,COc1cc2c(Nc3ccc(Br)cc3F)ncnc2cc1OCC1CCN(C)CC1.Cl,,,CHEMBL1135889,J Med Chem,2002,,,CHEMBL533849,,CHEMBL24828,6.77,0,http://www.openphacts.org/units/Nanomolar,35684,=,1,1,=,,IC50,nM,,170.0,CHEMBL203,Homo sapiens,Epidermal growth factor receptor,9606,,,IC50,uM,UO_0000065,,0.17,511.8230000000004,5.4260000000000055,6,1,59.51
,,69854,[],CHEMBL674637,Inhibitory activity towards tyrosine phosphorylation for the epidermal growth factor-receptor kinase,B,,,BAO_0000190,BAO_0000357,single protein format,Cc1[nH]c(/C=C2\C(=O)Nc3ncnc(Nc4ccc(F)c(Cl)c4)c32)c(C)c1CCC(=O)O,,,CHEMBL1134862,Bioorg Med Chem Lett,2002,"{'bei': '14.79', 'le': '0.29', 'lle': '2.27', 'sei': '5.62'}",,CHEMBL305782,,CHEMBL305782,6.75,0,http://www.openphacts.org/units/Nanomolar,119485,=,1,1,=,,IC50,nM,,180.0,CHEMBL203,Homo sapiens,Epidermal growth factor receptor,9606,,,IC50,uM,UO_0000065,,0.18,455.8770000000003,4.467540000000002,5,4,120.00000000000001
,,424483,[],CHEMBL679944,Concentration needed to inhibit the phosphorylation of a 14-residue fragment of phospholipase C-gamma1 by Epidermal growth factor receptor (prepared from human A431 carcinoma cell vesicles by immunoaffinity chromatography),B,,,BAO_0000190,BAO_0000357,single protein format,c1ccc(CNc2ncnc3c2sc2ccccc23)cc1,,,CHEMBL1132555,J Med Chem,1999,"{'bei': '23.06', 'le': '0.44', 'lle': '2.26', 'sei': '17.77'}",,CHEMBL153419,,CHEMBL153419,6.72,0,http://www.openphacts.org/units/Nanomolar,296403,=,1,1,=,,IC50,nM,,191.0,CHEMBL203,Homo sapiens,Epidermal growth factor receptor,9606,,,IC50,nM,UO_0000065,,191.0,291.379,4.456600000000003,4,1,37.81
,,361550,[],CHEMBL680028,Inhibition of autophosphorylation of cytoplasmic domain of epidermal growth factor receptor,B,,,BAO_0000190,BAO_0000357,single protein format,COc1cc2ncc(C#N)c(Nc3cccc(Br)c3)c2cc1OC,,,CHEMBL1145020,J Med Chem,2003,"{'bei': '17.49', 'le': '0.38', 'lle': '2.09', 'sei': '10.01'}",,CHEMBL111038,,CHEMBL111038,6.72,0,http://www.openphacts.org/units/Nanomolar,308375,=,1,1,=,,IC50,nM,,190.0,CHEMBL203,Homo sapiens,Epidermal growth factor receptor,9606,,,IC50,uM,UO_0000065,,0.19,384.2330000000001,4.629780000000003,5,1,67.17
,,130156,[],CHEMBL680019,Inhibitory concentration was evaluated against epidermal growth factor receptor (EGFr) tyrosine kinase,B,,,BAO_0000190,BAO_0000357,single protein format,Cn1c(=O)c(-c2c(Cl)cccc2Cl)cc2cnc(Nc3cccc(C(=O)O)c3)nc21,,,CHEMBL1131066,J Med Chem,1998,"{'bei': '15.23', 'le': '0.31', 'lle': '1.98', 'sei': '6.92'}",,CHEMBL109631,,CHEMBL109631,6.72,0,http://www.openphacts.org/units/Nanomolar,210148,=,1,1,=,,IC50,nM,,190.0,CHEMBL203,Homo sapiens,Epidermal growth factor receptor,9606,,,IC50,uM,UO_0000065,,0.19,441.27400000000017,4.744100000000002,6,2,97.11
,,49320,[],CHEMBL674637,Inhibitory activity towards tyrosine phosphorylation for the epidermal growth factor-receptor kinase,B,,,BAO_0000190,BAO_0000357,single protein format,CCN(CC)CCNC(=O)c1c(C)[nH]c(/C=C2\C(=O)Nc3ncnc(Nc4ccc(F)c(Cl)c4)c32)c1C,,,CHEMBL1134862,Bioorg Med Chem Lett,2002,"{'bei': '12.74', 'le': '0.25', 'lle': '2.18', 'sei': '5.82'}",,CHEMBL432903,,CHEMBL432903,6.7,0,http://www.openphacts.org/units/Nanomolar,119484,=,1,1,=,,IC50,nM,,200.0,CHEMBL203,Homo sapiens,Epidermal growth factor receptor,9606,,,IC50,uM,UO_0000065,,0.2,526.0160000000002,4.5219400000000025,6,4,115.04
,,309319,[],CHEMBL691873,Inhibition of human endothelial cell growth stimulate by endothelial growth factor,F,,,BAO_0000190,BAO_0000219,cell-based format,COc1cc2c(Nc3ccc(Cl)cc3F)ncnc2cc1OCCN(C)c1ccncc1,,,CHEMBL1135889,J Med Chem,2002,,,CHEMBL25579,,CHEMBL25579,6.7,0,http://www.openphacts.org/units/Nanomolar,35668,=,1,1,=,,IC50,nM,,200.0,CHEMBL203,Homo sapiens,Epidermal growth factor receptor,9606,,,IC50,uM,UO_0000065,,0.2,453.90500000000026,5.084700000000005,7,1,72.4
,,63847,[],CHEMBL677833,In vitro inhibition of Epidermal growth factor receptor tyrosine kinase isolated from A431 (human carcinoma).,B,,,BAO_0000190,BAO_0000357,single protein format,C/N=N/Nc1ccc2ncnc(Nc3cccc(C)c3)c2c1,,,CHEMBL1145114,J Med Chem,2003,"{'bei': '22.91', 'le': '0.42', 'lle': '2.61', 'sei': '8.98'}",,CHEMBL137189,,CHEMBL137189,6.7,0,http://www.openphacts.org/units/Nanomolar,262230,=,1,1,=,,IC50,nM,,200.0,CHEMBL203,Homo sapiens,Epidermal growth factor receptor,9606,,,IC50,uM,UO_0000065,,0.2,292.34600000000006,4.090720000000002,5,2,74.56
,,56107,[],CHEMBL677833,In vitro inhibition of Epidermal growth factor receptor tyrosine kinase isolated from A431 (human carcinoma).,B,,,BAO_0000190,BAO_0000357,single protein format,Nc1ccc2ncnc(Nc3cccc(Cl)c3)c2c1,,,CHEMBL1145114,J Med Chem,2003,"{'bei': '24.75', 'le': '0.48', 'lle': '3.09', 'sei': '10.50'}",,CHEMBL343352,,CHEMBL343352,6.7,0,http://www.openphacts.org/units/Nanomolar,262228,=,1,1,=,,IC50,nM,,200.0,CHEMBL203,Homo sapiens,Epidermal growth factor receptor,9606,,,IC50,uM,UO_0000065,,0.2,270.72300000000007,3.609000000000001,4,2,63.83
,,107298,[],CHEMBL680019,Inhibitory concentration was evaluated against epidermal growth factor receptor (EGFr) tyrosine kinase,B,,,BAO_0000190,BAO_0000357,single protein format,CCn1c(=O)c(-c2c(Cl)cccc2Cl)cc2cnc(Nc3ccccc3)nc21,,,CHEMBL1131066,J Med Chem,1998,"{'bei': '16.29', 'le': '0.33', 'lle': '1.17', 'sei': '11.20'}",,CHEMBL322298,,CHEMBL322298,6.7,0,http://www.openphacts.org/units/Nanomolar,210171,=,1,1,=,,IC50,nM,,200.0,CHEMBL203,Homo sapiens,Epidermal growth factor receptor,9606,,,IC50,uM,UO_0000065,,0.2,411.2920000000001,5.528800000000003,5,1,59.81
,,338678,[],CHEMBL691873,Inhibition of human endothelial cell growth stimulate by endothelial growth factor,F,,,BAO_0000190,BAO_0000219,cell-based format,COc1cc2c(Nc3ccc(Cl)cc3F)ncnc2cc1OCCC1CCN(C)CC1,,,CHEMBL1135889,J Med Chem,2002,,,CHEMBL25425,,CHEMBL25425,6.7,0,http://www.openphacts.org/units/Nanomolar,35676,=,1,1,=,,IC50,nM,,200.0,CHEMBL203,Homo sapiens,Epidermal growth factor receptor,9606,,,IC50,uM,UO_0000065,,0.2,444.9380000000004,5.285200000000006,6,1,59.51
,,324429,[],CHEMBL677388,Inhibition of epidermal growth factor receptor kinase activity at a concentration of 2 uM of ATP,B,,,BAO_0000190,BAO_0000357,single protein format,COc1cc2c(Nc3ccc(Cl)cc3F)ncnc2cc1OCCN1CCN(C)CC1,,,CHEMBL1135889,J Med Chem,2002,"{'bei': '15.02', 'le': '0.30', 'lle': '2.90', 'sei': '10.68'}",,CHEMBL283088,,CHEMBL283088,6.7,0,http://www.openphacts.org/units/Nanomolar,35673,=,1,1,=,,IC50,nM,,200.0,CHEMBL203,Homo sapiens,Epidermal growth factor receptor,9606,,,IC50,uM,UO_0000065,,0.2,445.9260000000004,3.8007000000000035,7,1,62.75
,,338671,[],CHEMBL691873,Inhibition of human endothelial cell growth stimulate by endothelial growth factor,F,,,BAO_0000190,BAO_0000219,cell-based format,COc1cc2c(Nc3cc(O)c(C)cc3F)ncnc2cc1OCC1CCN(C)CC1.Cl,,,CHEMBL1135889,J Med Chem,2002,,,CHEMBL1202473,,CHEMBL24625,6.7,0,http://www.openphacts.org/units/Nanomolar,35657,=,1,1,=,,IC50,nM,,200.0,CHEMBL203,Homo sapiens,Epidermal growth factor receptor,9606,,,IC50,uM,UO_0000065,,0.2,462.95300000000026,4.677520000000005,7,2,79.74
,,288457,[],CHEMBL677890,Inhibitory activity against protein tyrosine kinase of Epidermal growth factor receptor was determined,B,,,BAO_0000190,BAO_0000357,single protein format,CN[C@H]1C[C@@H]2O[C@](C)([C@H]1OC)n1c3ccccc3c3c4c(c5c6ccccc6n2c5c31)C(=O)NC4=O,,,CHEMBL1127758,Bioorg Med Chem Lett,1994,"{'bei': '13.94', 'le': '0.25', 'lle': '2.71', 'sei': '7.74'}",,CHEMBL337026,,CHEMBL337026,6.7,0,http://www.openphacts.org/units/Nanomolar,249288,=,1,1,=,,IC50,nM,,200.0,CHEMBL203,Homo sapiens,Epidermal growth factor receptor,9606,,,IC50,uM,UO_0000065,,0.2,480.5240000000003,3.994200000000002,7,2,86.52000000000001
,,49323,[],CHEMBL674637,Inhibitory activity towards tyrosine phosphorylation for the epidermal growth factor-receptor kinase,B,,,BAO_0000190,BAO_0000357,single protein format,Cc1cc(/C=C2\C(=O)Nc3ncnc(Nc4ccc(F)c(Cl)c4)c32)[nH]c1C(=O)N1CCN(C)CC1,,,CHEMBL1134862,Bioorg Med Chem Lett,2002,"{'bei': '13.46', 'le': '0.26', 'lle': '3.15', 'sei': '6.28'}",,CHEMBL69964,,CHEMBL69964,6.68,0,http://www.openphacts.org/units/Nanomolar,119492,=,1,1,=,,IC50,nM,,210.0,CHEMBL203,Homo sapiens,Epidermal growth factor receptor,9606,,,IC50,uM,UO_0000065,,0.21,495.94600000000037,3.5295200000000015,6,3,106.24999999999997
,,135135,[],CHEMBL680019,Inhibitory concentration was evaluated against epidermal growth factor receptor (EGFr) tyrosine kinase,B,,,BAO_0000190,BAO_0000357,single protein format,CN1CCN(CCCCNc2ncc3cc(-c4c(Cl)cccc4Cl)c(=O)n(C)c3n2)CC1,,,CHEMBL1131066,J Med Chem,1998,"{'bei': '14.05', 'le': '0.29', 'lle': '2.94', 'sei': '10.07'}",,CHEMBL104244,,CHEMBL104244,6.68,0,http://www.openphacts.org/units/Nanomolar,210160,=,1,1,=,,IC50,nM,,210.0,CHEMBL203,Homo sapiens,Epidermal growth factor receptor,9606,,,IC50,uM,UO_0000065,,0.21,475.42400000000026,3.7418000000000013,7,1,66.28999999999999
,,276578,[],CHEMBL677890,Inhibitory activity against protein tyrosine kinase of Epidermal growth factor receptor was determined,B,,,BAO_0000190,BAO_0000357,single protein format,CO[C@H]1[C@@H](N(C)C(=O)CN)C[C@@H]2O[C@@]1(C)n1c3ccccc3c3c4c(c5c6ccccc6n2c5c31)C(=O)NC4,,,CHEMBL1127758,Bioorg Med Chem Lett,1994,"{'bei': '12.72', 'le': '0.23', 'lle': '3.11', 'sei': '6.42'}",,CHEMBL338935,,CHEMBL338935,6.66,0,http://www.openphacts.org/units/Nanomolar,249303,=,1,1,=,,IC50,nM,,220.0,CHEMBL203,Homo sapiens,Epidermal growth factor receptor,9606,,,IC50,uM,UO_0000065,,0.22,523.5930000000002,3.551700000000003,7,2,103.75
,,127736,[],CHEMBL680019,Inhibitory concentration was evaluated against epidermal growth factor receptor (EGFr) tyrosine kinase,B,,,BAO_0000190,BAO_0000357,single protein format,Cn1c(=O)c(-c2c(Cl)cccc2Cl)cc2cnc(Nc3ccc(CC(=O)O)cc3)nc21,,,CHEMBL1131066,J Med Chem,1998,"{'bei': '14.62', 'le': '0.29', 'lle': '1.99', 'sei': '6.86'}",,CHEMBL50647,,CHEMBL50647,6.66,0,http://www.openphacts.org/units/Nanomolar,210158,=,1,1,=,,IC50,nM,,220.0,CHEMBL203,Homo sapiens,Epidermal growth factor receptor,9606,,,IC50,uM,UO_0000065,,0.22,455.3010000000002,4.673000000000004,6,2,97.11
,,125063,[],CHEMBL680019,Inhibitory concentration was evaluated against epidermal growth factor receptor (EGFr) tyrosine kinase,B,,,BAO_0000190,BAO_0000357,single protein format,COc1ccc(Nc2ncc3cc(-c4c(Cl)cccc4Cl)c(=O)n(C)c3n2)cc1,,,CHEMBL1131066,J Med Chem,1998,"{'bei': '15.58', 'le': '0.31', 'lle': '1.61', 'sei': '9.64'}",,CHEMBL104153,,CHEMBL104153,6.66,0,http://www.openphacts.org/units/Nanomolar,210189,=,1,1,=,,IC50,nM,,220.0,CHEMBL203,Homo sapiens,Epidermal growth factor receptor,9606,,,IC50,uM,UO_0000065,,0.22,427.2910000000001,5.054500000000003,6,1,69.03999999999999
,,45867,[],CHEMBL677833,In vitro inhibition of Epidermal growth factor receptor tyrosine kinase isolated from A431 (human carcinoma).,B,,,BAO_0000190,BAO_0000357,single protein format,Brc1cccc(Nc2ncnc3ccc(N/N=N/Cc4ccccn4)cc23)c1,,,CHEMBL1145114,J Med Chem,2003,"{'bei': '15.25', 'le': '0.32', 'lle': '1.11', 'sei': '7.57'}",,CHEMBL138125,,CHEMBL138125,6.62,0,http://www.openphacts.org/units/Nanomolar,262239,=,1,1,=,,IC50,nM,,238.0,CHEMBL203,Homo sapiens,Epidermal growth factor receptor,9606,,,IC50,uM,UO_0000065,,0.238,434.30100000000016,5.510200000000003,6,2,87.45
,,284487,[],CHEMBL675521,Inhibition of Epidermal growth factor receptor (EGFr) tyrosine kinase,B,,,BAO_0000190,BAO_0000357,single protein format,CCN(CC)CCCCNc1ncc2cc(-c3c(Cl)cccc3Cl)c(NC(=O)NC(C)(C)C)nc2n1,,,CHEMBL1130094,J Med Chem,1997,"{'bei': '12.43', 'le': '0.25', 'lle': '0.17', 'sei': '6.96'}",,CHEMBL45827,,CHEMBL45827,6.62,0,http://www.openphacts.org/units/Nanomolar,133220,=,1,1,=,,IC50,nM,,240.0,CHEMBL203,Homo sapiens,Epidermal growth factor receptor,9606,,,IC50,uM,UO_0000065,,0.24,532.5200000000002,6.452500000000005,6,3,95.07
,,410436,[],CHEMBL674693,Inhibition of Epidermal growth factor receptor (EGF-R) tyrosine kinase activity ,B,,,BAO_0000190,BAO_0000357,single protein format,Nc1ncnc2c1c(-c1ccc(O)cc1)cn2C1CCCC1,,,CHEMBL1134829,Bioorg Med Chem Lett,2001,"{'bei': '22.43', 'le': '0.41', 'lle': '3.10', 'sei': '8.58'}",,CHEMBL169570,,CHEMBL169570,6.6,0,http://www.openphacts.org/units/Nanomolar,333370,=,1,1,=,,IC50,nM,,250.0,CHEMBL203,Homo sapiens,Epidermal growth factor receptor,9606,,,IC50,uM,UO_0000065,,0.25,294.3580000000001,3.5012000000000016,5,2,76.96000000000001
,,385794,[],CHEMBL680028,Inhibition of autophosphorylation of cytoplasmic domain of epidermal growth factor receptor,B,,,BAO_0000190,BAO_0000357,single protein format,CC(C)N(CC#CC(=O)Nc1ccc2ncc(C#N)c(Nc3cccc(Br)c3)c2c1)C(C)C,,,CHEMBL1145020,J Med Chem,2003,"{'bei': '13.09', 'le': '0.27', 'lle': '0.93', 'sei': '8.15'}",,CHEMBL113900,,CHEMBL113900,6.6,0,http://www.openphacts.org/units/Nanomolar,308359,=,1,1,=,,IC50,nM,,250.0,CHEMBL203,Homo sapiens,Epidermal growth factor receptor,9606,,,IC50,uM,UO_0000065,,0.25,504.43200000000013,5.6732800000000045,5,2,81.05000000000001
,,112452,[],CHEMBL680019,Inhibitory concentration was evaluated against epidermal growth factor receptor (EGFr) tyrosine kinase,B,,,BAO_0000190,BAO_0000357,single protein format,COc1ccc(Nc2ncc3cc(-c4c(Cl)cccc4Cl)c(=O)n(C)c3n2)cc1C,,,CHEMBL1131066,J Med Chem,1998,"{'bei': '14.96', 'le': '0.30', 'lle': '1.24', 'sei': '9.56'}",,CHEMBL113023,,CHEMBL113023,6.6,0,http://www.openphacts.org/units/Nanomolar,210185,=,1,1,=,,IC50,nM,,250.0,CHEMBL203,Homo sapiens,Epidermal growth factor receptor,9606,,,IC50,uM,UO_0000065,,0.25,441.31800000000015,5.3629200000000035,6,1,69.03999999999999
,,203323,[],CHEMBL674106,Inhibitory activity against epidermal growth factor receptor,B,,,BAO_0000190,BAO_0000357,single protein format,CS(=O)(=O)CCN(CCCCOc1ccc2ncnc(Nc3ccc(OCc4ccccc4)cc3)c2c1)C(=O)C(F)(F)F,,,CHEMBL1146682,Bioorg Med Chem Lett,2004,"{'bei': '10.67', 'le': '0.21', 'lle': '1.03', 'sei': '5.94'}",,CHEMBL273789,,CHEMBL273789,6.58,0,http://www.openphacts.org/units/Nanomolar,15419,=,1,1,=,,IC50,nM,,263.0,CHEMBL203,Homo sapiens,Epidermal growth factor receptor,9606,,,IC50,nM,UO_0000065,,263.0,616.6620000000004,5.546900000000005,8,1,110.72
,,405889,[],CHEMBL679944,Concentration needed to inhibit the phosphorylation of a 14-residue fragment of phospholipase C-gamma1 by Epidermal growth factor receptor (prepared from human A431 carcinoma cell vesicles by immunoaffinity chromatography),B,,,BAO_0000190,BAO_0000357,single protein format,c1ccc(Nc2[nH]cnc3nc4ccccc4c2-3)cc1,,,CHEMBL1132555,J Med Chem,1999,"{'bei': '25.27', 'le': '0.45', 'lle': '2.77', 'sei': '12.27'}",,CHEMBL150280,,CHEMBL150280,6.58,0,http://www.openphacts.org/units/Nanomolar,296363,=,1,1,=,,IC50,nM,,264.0,CHEMBL203,Homo sapiens,Epidermal growth factor receptor,9606,,,IC50,nM,UO_0000065,,264.0,260.3,3.806300000000001,3,2,53.6
,,138953,[],CHEMBL680019,Inhibitory concentration was evaluated against epidermal growth factor receptor (EGFr) tyrosine kinase,B,,,BAO_0000190,BAO_0000357,single protein format,Cn1c(=O)c(-c2c(Cl)cccc2Cl)cc2cnc(Nc3ccccc3)nc21,,,CHEMBL1131066,J Med Chem,1998,"{'bei': '16.58', 'le': '0.33', 'lle': '1.54', 'sei': '11.01'}",,CHEMBL301612,,CHEMBL301612,6.58,0,http://www.openphacts.org/units/Nanomolar,210172,=,1,1,=,,IC50,nM,,260.0,CHEMBL203,Homo sapiens,Epidermal growth factor receptor,9606,,,IC50,uM,UO_0000065,,0.26,397.2650000000001,5.045900000000003,5,1,59.81
,,301082,[],CHEMBL677890,Inhibitory activity against protein tyrosine kinase of Epidermal growth factor receptor was determined,B,,,BAO_0000190,BAO_0000357,single protein format,CN[C@H]1C[C@@H]2O[C@](C)([C@H]1OC)n1c3ccccc3c3c4c(c5c6ccccc6n2c5c31)[C@H](O)NC4=O,,,CHEMBL1127758,Bioorg Med Chem Lett,1994,"{'bei': '13.65', 'le': '0.25', 'lle': '2.75', 'sei': '7.34'}",,CHEMBL338155,,CHEMBL338155,6.58,0,http://www.openphacts.org/units/Nanomolar,249300,=,1,1,=,,IC50,nM,,260.0,CHEMBL203,Homo sapiens,Epidermal growth factor receptor,9606,,,IC50,uM,UO_0000065,,0.26,482.54000000000025,3.844900000000002,7,3,89.68
,,430775,[],CHEMBL679944,Concentration needed to inhibit the phosphorylation of a 14-residue fragment of phospholipase C-gamma1 by Epidermal growth factor receptor (prepared from human A431 carcinoma cell vesicles by immunoaffinity chromatography),B,,,BAO_0000190,BAO_0000357,single protein format,Brc1cccc(Nc2ncnc3c2ccc2[nH]cnc23)c1,,,CHEMBL1132555,J Med Chem,1999,"{'bei': '19.30', 'le': '0.43', 'lle': '2.56', 'sei': '9.87'}",,CHEMBL155100,,CHEMBL155100,6.57,1,http://www.openphacts.org/units/Nanomolar,296372,=,1,1,=,,IC50,nM,,272.0,CHEMBL203,Homo sapiens,Epidermal growth factor receptor,9606,,,IC50,nM,UO_0000065,,272.0,340.184,4.012200000000002,4,2,66.49000000000001
,,445004,[],CHEMBL677878,Concentration required for inhibition of epidermal growth factor receptor (EGF-R) by tyrosine kinase enzyme activity,B,,,BAO_0000190,BAO_0000357,single protein format,COc1cccc(-c2cn(C3CCN(CCN(C)CCO)CC3)c3ncnc(N)c23)c1,,,CHEMBL1134003,Bioorg Med Chem Lett,2001,"{'bei': '15.38', 'le': '0.29', 'lle': '4.28', 'sei': '7.05'}",,CHEMBL168661,,CHEMBL168661,6.53,0,http://www.openphacts.org/units/Nanomolar,333573,=,1,1,=,,IC50,nM,,295.0,CHEMBL203,Homo sapiens,Epidermal growth factor receptor,9606,,,IC50,uM,UO_0000065,,0.295,424.5490000000002,2.2500999999999998,8,2,92.67
,,326805,[],CHEMBL677388,Inhibition of epidermal growth factor receptor kinase activity at a concentration of 2 uM of ATP,B,,,BAO_0000190,BAO_0000357,single protein format,COc1cc2c(Nc3c(F)cc(Br)cc3F)ncnc2cc1OCC1CCN(C)CC1,,,CHEMBL1135889,J Med Chem,2002,"{'bei': '13.22', 'le': '0.29', 'lle': '1.38', 'sei': '10.96'}",,CHEMBL416191,,CHEMBL416191,6.52,0,http://www.openphacts.org/units/Nanomolar,35658,=,1,1,=,,IC50,nM,,300.0,CHEMBL203,Homo sapiens,Epidermal growth factor receptor,9606,,,IC50,uM,UO_0000065,,0.3,493.3520000000003,5.143300000000004,6,1,59.51
,,125676,[],CHEMBL679549,Inhibitory activity against recombinant tyrosine kinase EGF-R (EGF-R ICD),B,,,BAO_0000190,BAO_0000357,single protein format,O=C1NC(=O)c2cc(Nc3ccccc3)c(Nc3ccccc3)cc21,,,CHEMBL1127678,J Med Chem,1994,"{'bei': '19.80', 'le': '0.36', 'lle': '2.46', 'sei': '9.29'}",,CHEMBL268868,DAPH,CHEMBL268868,6.52,0,http://www.openphacts.org/units/Nanomolar,2988,=,1,1,=,,IC50,nM,,300.0,CHEMBL203,Homo sapiens,Epidermal growth factor receptor,9606,,,IC50,uM,UO_0000065,,0.3,329.35900000000004,4.057400000000001,4,3,70.23
,,332173,[],CHEMBL691873,Inhibition of human endothelial cell growth stimulate by endothelial growth factor,F,,,BAO_0000190,BAO_0000219,cell-based format,COc1cc2c(Nc3ccc(Cl)cc3F)ncnc2cc1OCCN1CCOCC1,,,CHEMBL1135889,J Med Chem,2002,,,CHEMBL25610,,CHEMBL25610,6.52,0,http://www.openphacts.org/units/Nanomolar,35672,=,1,1,=,,IC50,nM,,300.0,CHEMBL203,Homo sapiens,Epidermal growth factor receptor,9606,,,IC50,uM,UO_0000065,,0.3,432.8830000000004,3.885500000000004,7,1,68.74
,,316977,[],CHEMBL691873,Inhibition of human endothelial cell growth stimulate by endothelial growth factor,F,,,BAO_0000190,BAO_0000219,cell-based format,COc1cc2c(Nc3c(F)cc(Cl)cc3F)ncnc2cc1OCC1CCN(C)CC1,,,CHEMBL1135889,J Med Chem,2002,,,CHEMBL422758,,CHEMBL422758,6.52,0,http://www.openphacts.org/units/Nanomolar,35682,=,1,1,=,,IC50,nM,,300.0,CHEMBL203,Homo sapiens,Epidermal growth factor receptor,9606,,,IC50,uM,UO_0000065,,0.3,448.9010000000003,5.034200000000005,6,1,59.51
,,391087,[],CHEMBL674693,Inhibition of Epidermal growth factor receptor (EGF-R) tyrosine kinase activity ,B,,,BAO_0000190,BAO_0000357,single protein format,Nc1ncnc2c1c(-c1cccc(O)c1)cn2C1CCC1,,,CHEMBL1134829,Bioorg Med Chem Lett,2001,"{'bei': '23.27', 'le': '0.42', 'lle': '3.41', 'sei': '8.48'}",,CHEMBL355330,,CHEMBL355330,6.52,0,http://www.openphacts.org/units/Nanomolar,333379,=,1,1,=,,IC50,nM,,300.0,CHEMBL203,Homo sapiens,Epidermal growth factor receptor,9606,,,IC50,uM,UO_0000065,,0.3,280.3310000000001,3.1111000000000013,5,2,76.96000000000001
,,454181,[],CHEMBL677879,Inhibition of epidermal growth factor receptor (EGF-R),B,,,BAO_0000190,BAO_0000357,single protein format,COCCNCCN1CCC(n2cc(-c3cccc(OC)c3)c3c(N)ncnc32)CC1,,,CHEMBL1134003,Bioorg Med Chem Lett,2001,"{'bei': '15.33', 'le': '0.29', 'lle': '3.95', 'sei': '7.20'}",,CHEMBL172514,,CHEMBL172514,6.51,0,http://www.openphacts.org/units/Nanomolar,333547,=,1,1,=,,IC50,nM,,310.0,CHEMBL203,Homo sapiens,Epidermal growth factor receptor,9606,,,IC50,uM,UO_0000065,,0.31,424.54900000000026,2.5619999999999994,8,2,90.46
,,362975,[],CHEMBL680028,Inhibition of autophosphorylation of cytoplasmic domain of epidermal growth factor receptor,B,,,BAO_0000190,BAO_0000357,single protein format,CN(C)C/C=C/C(=O)Nc1ccc2ncc(C#N)c(Nc3cccc(Br)c3)c2c1,,,CHEMBL1145020,J Med Chem,2003,"{'bei': '14.45', 'le': '0.31', 'lle': '1.84', 'sei': '8.03'}",,CHEMBL30973,,CHEMBL30973,6.51,0,http://www.openphacts.org/units/Nanomolar,308355,=,1,1,=,,IC50,nM,,310.0,CHEMBL203,Homo sapiens,Epidermal growth factor receptor,9606,,,IC50,uM,UO_0000065,,0.31,450.34000000000003,4.668880000000003,5,2,81.05000000000001
,,404127,[],CHEMBL674693,Inhibition of Epidermal growth factor receptor (EGF-R) tyrosine kinase activity ,B,,,BAO_0000190,BAO_0000357,single protein format,COc1cccc(-c2cn(C3CC(C(=O)NCCO)C3)c3ncnc(N)c23)c1,,,CHEMBL1134829,Bioorg Med Chem Lett,2001,"{'bei': '16.99', 'le': '0.32', 'lle': '4.73', 'sei': '5.62'}",,CHEMBL354310,,CHEMBL354310,6.48,0,http://www.openphacts.org/units/Nanomolar,333375,=,1,1,=,,IC50,nM,,330.0,CHEMBL203,Homo sapiens,Epidermal growth factor receptor,9606,,,IC50,uM,UO_0000065,,0.33,381.4360000000001,1.7486999999999997,7,3,115.28999999999999
,,118835,[],CHEMBL680019,Inhibitory concentration was evaluated against epidermal growth factor receptor (EGFr) tyrosine kinase,B,,,BAO_0000190,BAO_0000357,single protein format,COc1cc(Nc2ncc3cc(-c4c(Cl)cccc4Cl)c(=O)n(C)c3n2)cc(OC)c1,,,CHEMBL1131066,J Med Chem,1998,"{'bei': '14.17', 'le': '0.29', 'lle': '1.42', 'sei': '8.28'}",,CHEMBL324926,,CHEMBL324926,6.48,0,http://www.openphacts.org/units/Nanomolar,210184,=,1,1,=,,IC50,nM,,330.0,CHEMBL203,Homo sapiens,Epidermal growth factor receptor,9606,,,IC50,uM,UO_0000065,,0.33,457.3170000000002,5.063100000000004,7,1,78.27
,,390356,[],CHEMBL680028,Inhibition of autophosphorylation of cytoplasmic domain of epidermal growth factor receptor,B,,,BAO_0000190,BAO_0000357,single protein format,COCOC#CC(=O)Nc1ccc2ncc(C#N)c(Nc3cccc(Br)c3)c2c1,,,CHEMBL1145020,J Med Chem,2003,"{'bei': '14.36', 'le': '0.31', 'lle': '2.35', 'sei': '6.73'}",,CHEMBL414631,,CHEMBL414631,6.48,0,http://www.openphacts.org/units/Nanomolar,308363,=,1,1,=,,IC50,nM,,330.0,CHEMBL203,Homo sapiens,Epidermal growth factor receptor,9606,,,IC50,uM,UO_0000065,,0.33,451.2800000000001,4.132480000000003,6,2,96.27000000000001
,,285888,[],CHEMBL677890,Inhibitory activity against protein tyrosine kinase of Epidermal growth factor receptor was determined,B,,,BAO_0000190,BAO_0000357,single protein format,CCN(C)[C@H]1C[C@@H]2O[C@](C)([C@H]1OC)n1c3ccccc3c3c4c(c5c6ccccc6n2c5c31)C(=O)NC4,,,CHEMBL1127758,Bioorg Med Chem Lett,1994,"{'bei': '13.10', 'le': '0.24', 'lle': '1.39', 'sei': '10.68'}",,CHEMBL129946,,CHEMBL129946,6.48,0,http://www.openphacts.org/units/Nanomolar,249323,=,1,1,=,,IC50,nM,,330.0,CHEMBL203,Homo sapiens,Epidermal growth factor receptor,9606,,,IC50,uM,UO_0000065,,0.33,494.5950000000003,5.086300000000004,6,1,60.660000000000004
,,66495,[],CHEMBL677833,In vitro inhibition of Epidermal growth factor receptor tyrosine kinase isolated from A431 (human carcinoma).,B,,,BAO_0000190,BAO_0000357,single protein format,C/N=N/Nc1ccc2ncnc(NCc3ccccc3)c2c1,,,CHEMBL1145114,J Med Chem,2003,"{'bei': '22.15', 'le': '0.40', 'lle': '2.82', 'sei': '8.68'}",,CHEMBL137788,,CHEMBL137788,6.47,0,http://www.openphacts.org/units/Nanomolar,262233,=,1,1,=,,IC50,nM,,335.0,CHEMBL203,Homo sapiens,Epidermal growth factor receptor,9606,,,IC50,uM,UO_0000065,,0.335,292.34600000000006,3.650800000000002,5,2,74.56
,,462007,[],CHEMBL677878,Concentration required for inhibition of epidermal growth factor receptor (EGF-R) by tyrosine kinase enzyme activity,B,,,BAO_0000190,BAO_0000357,single protein format,COc1cccc(-c2cn(C3CCN(CC(N)=O)CC3)c3ncnc(N)c23)c1,,,CHEMBL1134003,Bioorg Med Chem Lett,2001,"{'bei': '16.97', 'le': '0.31', 'lle': '4.65', 'sei': '5.75'}",,CHEMBL169064,,CHEMBL169064,6.46,0,http://www.openphacts.org/units/Nanomolar,333576,=,1,1,=,,IC50,nM,,350.0,CHEMBL203,Homo sapiens,Epidermal growth factor receptor,9606,,,IC50,uM,UO_0000065,,0.35,380.4520000000001,1.8112999999999995,7,2,112.28999999999999
,,214991,[],CHEMBL677389,Inhibition of the phosphorylation of a random polyglutamic acid/tyrosine copolymer by human epidermal growth factor receptor(EGFR) prepared from human A431 carcinoma cells,B,,,BAO_0000190,BAO_0000219,cell-based format,c1ccc(Nc2ncnc3ccccc23)cc1,,,CHEMBL1130030,J Med Chem,1997,"{'bei': '29.20', 'le': '0.52', 'lle': '3.09', 'sei': '17.09'}",,CHEMBL289959,,CHEMBL289959,6.46,1,http://www.openphacts.org/units/Nanomolar,60188,=,1,1,=,,IC50,nM,,346.0,CHEMBL203,Homo sapiens,Epidermal growth factor receptor,9606,,,IC50,nM,UO_0000065,,346.0,221.26300000000003,3.373400000000001,3,1,37.81
,,406678,[],CHEMBL621024,Inhibition of epidermal growth factor receptor (EGF-R) autophosphorylation in A431 cells,F,,,BAO_0000190,BAO_0000219,cell-based format,COc1cc2nccc(Nc3cccc(Br)c3)c2cc1OC,,,CHEMBL1152084,Bioorg Med Chem Lett,1997,,,CHEMBL98248,,CHEMBL98248,6.43,0,http://www.openphacts.org/units/Nanomolar,185637,=,1,1,=,,IC50,nM,,370.0,CHEMBL203,Homo sapiens,Epidermal growth factor receptor,9606,,,IC50,uM,UO_0000065,,0.37,359.2230000000001,4.758100000000003,4,1,43.379999999999995
,,106120,[],CHEMBL679947,"Inhibition of phosphorylation of phospholipase C gamma1 by Epidermal growth factor receptor, from human A431 carcinoma cell vesicles",F,,,BAO_0000190,BAO_0000019,assay format,Cc1cccc(Nc2ncnc3cnc(Cl)nc23)c1,,,CHEMBL1130057,J Med Chem,1997,,,CHEMBL52823,,CHEMBL52823,6.42,0,http://www.openphacts.org/units/Nanomolar,89162,=,1,1,=,,IC50,nM,,380.0,CHEMBL203,Homo sapiens,Epidermal growth factor receptor,9606,,,IC50,nM,UO_0000065,,380.0,271.71100000000007,3.1252200000000014,5,1,63.59
,,337414,[],CHEMBL691873,Inhibition of human endothelial cell growth stimulate by endothelial growth factor,F,,,BAO_0000190,BAO_0000219,cell-based format,COc1cc2c(Nc3c(F)cc(Br)cc3F)ncnc2cc1OCC1CCNCC1,,,CHEMBL1135889,J Med Chem,2002,,,CHEMBL279459,,CHEMBL279459,6.4,0,http://www.openphacts.org/units/Nanomolar,35677,=,1,1,=,,IC50,nM,,400.0,CHEMBL203,Homo sapiens,Epidermal growth factor receptor,9606,,,IC50,uM,UO_0000065,,0.4,479.3250000000003,4.8011000000000035,6,2,68.3
,,440871,[],CHEMBL677878,Concentration required for inhibition of epidermal growth factor receptor (EGF-R) by tyrosine kinase enzyme activity,B,,,BAO_0000190,BAO_0000357,single protein format,NC(=O)CN1CCC(n2cc(-c3cccc(O)c3)c3c(N)ncnc32)C1,,,CHEMBL1134003,Bioorg Med Chem Lett,2001,"{'bei': '18.16', 'le': '0.34', 'lle': '5.28', 'sei': '5.19'}",,CHEMBL408683,,CHEMBL408683,6.4,0,http://www.openphacts.org/units/Nanomolar,333584,=,1,1,=,,IC50,nM,,400.0,CHEMBL203,Homo sapiens,Epidermal growth factor receptor,9606,,,IC50,uM,UO_0000065,,0.4,352.39800000000014,1.1181999999999999,7,3,123.29
,,310537,[],CHEMBL676067,Inhibitory activity against epidermal growth factor receptor (EGFR),B,,,BAO_0000190,BAO_0000357,single protein format,COc1cc(/C=C(\C#N)C(N)=O)cc(CSc2ccccc2)c1O,,,CHEMBL1136802,J Med Chem,2003,"{'bei': '18.80', 'le': '0.36', 'lle': '3.31', 'sei': '6.64'}",,CHEMBL116595,,CHEMBL116595,6.4,1,http://www.openphacts.org/units/Nanomolar,275724,=,1,1,=,,IC50,nM,,398.11,CHEMBL203,Homo sapiens,Epidermal growth factor receptor,9606,,,pIC50,,UO_0000065,,6.4,340.404,3.085380000000002,5,2,96.33999999999999
,,316970,[],CHEMBL691873,Inhibition of human endothelial cell growth stimulate by endothelial growth factor,F,,,BAO_0000190,BAO_0000219,cell-based format,COc1cc2c(Nc3ccc(C)cc3F)ncnc2cc1OCC1CCN(C)CC1,,,CHEMBL1135889,J Med Chem,2002,,,CHEMBL281990,,CHEMBL281990,6.4,0,http://www.openphacts.org/units/Nanomolar,35656,=,1,1,=,,IC50,nM,,400.0,CHEMBL203,Homo sapiens,Epidermal growth factor receptor,9606,,,IC50,uM,UO_0000065,,0.4,410.49300000000034,4.550120000000004,6,1,59.51
,,66030,[],CHEMBL674637,Inhibitory activity towards tyrosine phosphorylation for the epidermal growth factor-receptor kinase,B,,,BAO_0000190,BAO_0000357,single protein format,Cc1c(C(=O)N2CCN(C)CC2)c[nH]c1/C=C1\C(=O)Nc2ncnc(Nc3ccc(F)c(Cl)c3)c21,,,CHEMBL1134862,Bioorg Med Chem Lett,2002,"{'bei': '12.88', 'le': '0.25', 'lle': '2.86', 'sei': '6.01'}",,CHEMBL304971,,CHEMBL304971,6.39,0,http://www.openphacts.org/units/Nanomolar,119491,=,1,1,=,,IC50,nM,,410.0,CHEMBL203,Homo sapiens,Epidermal growth factor receptor,9606,,,IC50,uM,UO_0000065,,0.41,495.9460000000002,3.5295200000000007,6,3,106.25
,,419115,[],CHEMBL679944,Concentration needed to inhibit the phosphorylation of a 14-residue fragment of phospholipase C-gamma1 by Epidermal growth factor receptor (prepared from human A431 carcinoma cell vesicles by immunoaffinity chromatography),B,,,BAO_0000190,BAO_0000357,single protein format,C[C@H](Nc1[nH]cnc2c3ccccc3nc1-2)c1ccccc1.Cl,,,CHEMBL1132555,J Med Chem,1999,"{'bei': '22.12', 'le': '0.40', 'lle': '2.14', 'sei': '11.90'}",,CHEMBL2093928,,CHEMBL103864,6.38,0,http://www.openphacts.org/units/Nanomolar,296367,=,1,1,=,,IC50,nM,,419.0,CHEMBL203,Homo sapiens,Epidermal growth factor receptor,9606,,,IC50,nM,UO_0000065,,419.0,324.815,4.657600000000003,3,2,53.6
,,394833,[],CHEMBL674693,Inhibition of Epidermal growth factor receptor (EGF-R) tyrosine kinase activity ,B,,,BAO_0000190,BAO_0000357,single protein format,COc1cccc(-c2cn(C3CC(CO)C3)c3ncnc(N)c23)c1,,,CHEMBL1134829,Bioorg Med Chem Lett,2001,"{'bei': '19.66', 'le': '0.36', 'lle': '3.75', 'sei': '7.40'}",,CHEMBL352801,,CHEMBL352801,6.38,0,http://www.openphacts.org/units/Nanomolar,333376,=,1,1,=,,IC50,nM,,420.0,CHEMBL203,Homo sapiens,Epidermal growth factor receptor,9606,,,IC50,uM,UO_0000065,,0.42,324.384,2.6324999999999994,6,2,86.19
,,430514,[],CHEMBL674693,Inhibition of Epidermal growth factor receptor (EGF-R) tyrosine kinase activity ,B,,,BAO_0000190,BAO_0000357,single protein format,Nc1ncnc2c1c(-c1ccccc1)cn2C(CO)Cc1ccccc1,,,CHEMBL1134829,Bioorg Med Chem Lett,2001,"{'bei': '18.46', 'le': '0.33', 'lle': '2.90', 'sei': '8.26'}",,CHEMBL171311,,CHEMBL171311,6.36,0,http://www.openphacts.org/units/Nanomolar,333383,=,1,1,=,,IC50,nM,,440.0,CHEMBL203,Homo sapiens,Epidermal growth factor receptor,9606,,,IC50,uM,UO_0000065,,0.44,344.4180000000001,3.4566000000000017,5,2,76.96
,,454191,[],CHEMBL677878,Concentration required for inhibition of epidermal growth factor receptor (EGF-R) by tyrosine kinase enzyme activity,B,,,BAO_0000190,BAO_0000357,single protein format,COc1cccc(-c2cn(C3CCN(CC(N)=O)C3)c3ncnc(N)c23)c1,,,CHEMBL1134003,Bioorg Med Chem Lett,2001,"{'bei': '17.35', 'le': '0.32', 'lle': '4.94', 'sei': '5.66'}",,CHEMBL355322,,CHEMBL355322,6.36,0,http://www.openphacts.org/units/Nanomolar,333582,=,1,1,=,,IC50,nM,,440.0,CHEMBL203,Homo sapiens,Epidermal growth factor receptor,9606,,,IC50,uM,UO_0000065,,0.44,366.42500000000007,1.4211999999999994,7,2,112.28999999999999
,,295509,[],CHEMBL675521,Inhibition of Epidermal growth factor receptor (EGFr) tyrosine kinase,B,,,BAO_0000190,BAO_0000357,single protein format,CC(C)(C)NC(=O)Nc1nc2nc(N)ncc2cc1-c1c(Cl)cccc1Cl,,,CHEMBL1130094,J Med Chem,1997,"{'bei': '15.66', 'le': '0.32', 'lle': '1.85', 'sei': '6.00'}",,CHEMBL57366,,CHEMBL57366,6.35,0,http://www.openphacts.org/units/Nanomolar,133211,=,1,1,=,,IC50,nM,,450.0,CHEMBL203,Homo sapiens,Epidermal growth factor receptor,9606,,,IC50,uM,UO_0000065,,0.45,405.2890000000001,4.500800000000003,5,3,105.82
,,426708,[],CHEMBL674693,Inhibition of Epidermal growth factor receptor (EGF-R) tyrosine kinase activity ,B,,,BAO_0000190,BAO_0000357,single protein format,COc1cccc(-c2cn(C3CCC3)c3ncnc(N)c23)c1,,,CHEMBL1134829,Bioorg Med Chem Lett,2001,"{'bei': '21.56', 'le': '0.39', 'lle': '2.94', 'sei': '9.62'}",,CHEMBL355191,,CHEMBL355191,6.35,0,http://www.openphacts.org/units/Nanomolar,333364,=,1,1,=,,IC50,nM,,450.0,CHEMBL203,Homo sapiens,Epidermal growth factor receptor,9606,,,IC50,uM,UO_0000065,,0.45,294.358,3.4141000000000012,5,1,65.96
,,69857,[],CHEMBL674637,Inhibitory activity towards tyrosine phosphorylation for the epidermal growth factor-receptor kinase,B,,,BAO_0000190,BAO_0000357,single protein format,CCN(CC)CCNC(=O)c1cc(C)c(/C=C2\C(=O)Nc3ncnc(Nc4ccc(Cl)cc4F)c32)[nH]1,,,CHEMBL1134862,Bioorg Med Chem Lett,2002,"{'bei': '12.40', 'le': '0.24', 'lle': '2.14', 'sei': '5.52'}",,CHEMBL308672,,CHEMBL308672,6.35,0,http://www.openphacts.org/units/Nanomolar,119502,=,1,1,=,,IC50,nM,,450.0,CHEMBL203,Homo sapiens,Epidermal growth factor receptor,9606,,,IC50,uM,UO_0000065,,0.45,511.9890000000001,4.213520000000002,6,4,115.04000000000002
,,314574,[],CHEMBL691873,Inhibition of human endothelial cell growth stimulate by endothelial growth factor,F,,,BAO_0000190,BAO_0000219,cell-based format,COc1cc2c(Nc3ccc(C)cc3F)ncnc2cc1OCC1CCNCC1,,,CHEMBL1135889,J Med Chem,2002,,,CHEMBL428534,,CHEMBL428534,6.35,0,http://www.openphacts.org/units/Nanomolar,35679,=,1,1,=,,IC50,nM,,450.0,CHEMBL203,Homo sapiens,Epidermal growth factor receptor,9606,,,IC50,uM,UO_0000065,,0.45,396.4660000000003,4.207920000000003,6,2,68.3
,,427153,[],CHEMBL679944,Concentration needed to inhibit the phosphorylation of a 14-residue fragment of phospholipase C-gamma1 by Epidermal growth factor receptor (prepared from human A431 carcinoma cell vesicles by immunoaffinity chromatography),B,,,BAO_0000190,BAO_0000357,single protein format,COc1cc2sc3c(Nc4cccc(Br)c4)ncnc3c2cc1OC.Cl,,,CHEMBL1132555,J Med Chem,1999,"{'bei': '15.26', 'le': '0.35', 'lle': '0.98', 'sei': '11.29'}",,CHEMBL544865,,CHEMBL1193454,6.35,0,http://www.openphacts.org/units/Nanomolar,296381,=,1,1,=,,IC50,nM,,444.0,CHEMBL203,Homo sapiens,Epidermal growth factor receptor,9606,,,IC50,nM,UO_0000065,,444.0,452.76100000000014,5.789600000000003,6,1,56.269999999999996
,,394825,[],CHEMBL674693,Inhibition of Epidermal growth factor receptor (EGF-R) tyrosine kinase activity ,B,,,BAO_0000190,BAO_0000357,single protein format,COc1cccc(-c2cn(C3CCCC3)c3ncnc(N)c23)c1,,,CHEMBL1134829,Bioorg Med Chem Lett,2001,"{'bei': '20.55', 'le': '0.38', 'lle': '2.54', 'sei': '9.61'}",,CHEMBL168382,,CHEMBL168382,6.34,0,http://www.openphacts.org/units/Nanomolar,333369,=,1,1,=,,IC50,nM,,460.0,CHEMBL203,Homo sapiens,Epidermal growth factor receptor,9606,,,IC50,uM,UO_0000065,,0.46,308.385,3.8042000000000016,5,1,65.96
,,409490,[],CHEMBL679944,Concentration needed to inhibit the phosphorylation of a 14-residue fragment of phospholipase C-gamma1 by Epidermal growth factor receptor (prepared from human A431 carcinoma cell vesicles by immunoaffinity chromatography),B,,,BAO_0000190,BAO_0000357,single protein format,c1ccc(CNc2ncnc3c2[nH]c2ccccc23)cc1,,,CHEMBL1132555,J Med Chem,1999,"{'bei': '23.10', 'le': '0.41', 'lle': '2.62', 'sei': '11.82'}",,CHEMBL5173075,,CHEMBL5173075,6.34,0,http://www.openphacts.org/units/Nanomolar,296368,=,1,1,=,,IC50,nM,,460.0,CHEMBL203,Homo sapiens,Epidermal growth factor receptor,9606,,,IC50,nM,UO_0000065,,460.0,274.327,3.723200000000001,3,2,53.6
,,396602,[],CHEMBL679944,Concentration needed to inhibit the phosphorylation of a 14-residue fragment of phospholipase C-gamma1 by Epidermal growth factor receptor (prepared from human A431 carcinoma cell vesicles by immunoaffinity chromatography),B,,,BAO_0000190,BAO_0000357,single protein format,Cl.O=[N+]([O-])c1ccc2sc3c(Nc4cccc(C(F)(F)F)c4)ncnc3c2c1,,,CHEMBL1132555,J Med Chem,1999,"{'bei': '16.23', 'le': '0.32', 'lle': '0.82', 'sei': '7.83'}",,CHEMBL538814,,CHEMBL1189489,6.34,0,http://www.openphacts.org/units/Nanomolar,296398,=,1,1,=,,IC50,nM,,460.0,CHEMBL203,Homo sapiens,Epidermal growth factor receptor,9606,,,IC50,nM,UO_0000065,,460.0,426.8070000000001,5.936900000000002,6,1,80.95
,,141079,[],CHEMBL680019,Inhibitory concentration was evaluated against epidermal growth factor receptor (EGFr) tyrosine kinase,B,,,BAO_0000190,BAO_0000357,single protein format,Cc1ccc(Nc2ncc3cc(-c4c(Cl)cccc4Cl)c(=O)n(C)c3n2)cc1,,,CHEMBL1131066,J Med Chem,1998,"{'bei': '15.36', 'le': '0.31', 'lle': '0.97', 'sei': '10.56'}",,CHEMBL111339,,CHEMBL111339,6.32,0,http://www.openphacts.org/units/Nanomolar,210192,=,1,1,=,,IC50,nM,,480.0,CHEMBL203,Homo sapiens,Epidermal growth factor receptor,9606,,,IC50,uM,UO_0000065,,0.48,411.2920000000002,5.354320000000003,5,1,59.81
,,63857,[],CHEMBL677833,In vitro inhibition of Epidermal growth factor receptor tyrosine kinase isolated from A431 (human carcinoma).,B,,,BAO_0000190,BAO_0000357,single protein format,CN(C)/N=N/c1ccc2ncnc(NCc3ccccc3)c2c1,,,CHEMBL1145114,J Med Chem,2003,"{'bei': '20.62', 'le': '0.38', 'lle': '2.52', 'sei': '9.60'}",,CHEMBL137027,,CHEMBL137027,6.32,0,http://www.openphacts.org/units/Nanomolar,262232,=,1,1,=,,IC50,nM,,482.0,CHEMBL203,Homo sapiens,Epidermal growth factor receptor,9606,,,IC50,uM,UO_0000065,,0.482,306.373,3.802200000000002,5,1,65.77
,,133984,[],CHEMBL680019,Inhibitory concentration was evaluated against epidermal growth factor receptor (EGFr) tyrosine kinase,B,,,BAO_0000190,BAO_0000357,single protein format,CCn1c(=O)c(-c2c(Cl)cccc2Cl)cc2cnc(Nc3ccncc3)nc21,,,CHEMBL1131066,J Med Chem,1998,"{'bei': '15.30', 'le': '0.31', 'lle': '1.39', 'sei': '8.68'}",,CHEMBL448154,,CHEMBL448154,6.31,0,http://www.openphacts.org/units/Nanomolar,210195,=,1,1,=,,IC50,nM,,490.0,CHEMBL203,Homo sapiens,Epidermal growth factor receptor,9606,,,IC50,uM,UO_0000065,,0.49,412.2800000000001,4.923800000000003,6,1,72.7
,,393597,[],CHEMBL674693,Inhibition of Epidermal growth factor receptor (EGF-R) tyrosine kinase activity ,B,,,BAO_0000190,BAO_0000357,single protein format,COc1cccc(-c2cn(C3CC(CNCCO)C3)c3ncnc(N)c23)c1,,,CHEMBL1134829,Bioorg Med Chem Lett,2001,"{'bei': '17.17', 'le': '0.32', 'lle': '4.09', 'sei': '6.42'}",,CHEMBL168550,,CHEMBL168550,6.31,0,http://www.openphacts.org/units/Nanomolar,333374,=,1,1,=,,IC50,nM,,490.0,CHEMBL203,Homo sapiens,Epidermal growth factor receptor,9606,,,IC50,uM,UO_0000065,,0.49,367.4530000000001,2.2220999999999993,7,3,98.22
,,438300,[],CHEMBL677878,Concentration required for inhibition of epidermal growth factor receptor (EGF-R) by tyrosine kinase enzyme activity,B,,,BAO_0000190,BAO_0000357,single protein format,CN(C)C(=O)CN1CCC(n2cc(-c3cccc(O)c3)c3c(N)ncnc32)CC1,,,CHEMBL1134003,Bioorg Med Chem Lett,2001,"{'bei': '15.97', 'le': '0.30', 'lle': '4.19', 'sei': '6.27'}",,CHEMBL169920,,CHEMBL169920,6.3,0,http://www.openphacts.org/units/Nanomolar,333579,=,1,1,=,,IC50,nM,,500.0,CHEMBL203,Homo sapiens,Epidermal growth factor receptor,9606,,,IC50,uM,UO_0000065,,0.5,394.4790000000002,2.1111999999999993,7,2,100.51
,,425439,[],CHEMBL674693,Inhibition of Epidermal growth factor receptor (EGF-R) tyrosine kinase activity ,B,,,BAO_0000190,BAO_0000357,single protein format,Nc1ncnc2c1c(-c1ccccc1)cn2C1CCCC1,,,CHEMBL1134829,Bioorg Med Chem Lett,2001,"{'bei': '22.64', 'le': '0.41', 'lle': '2.50', 'sei': '11.11'}",,CHEMBL352954,,CHEMBL352954,6.3,0,http://www.openphacts.org/units/Nanomolar,333372,=,1,1,=,,IC50,nM,,500.0,CHEMBL203,Homo sapiens,Epidermal growth factor receptor,9606,,,IC50,uM,UO_0000065,,0.5,278.3590000000001,3.795600000000002,4,1,56.73
,,322969,[],CHEMBL679946,Concentration required to inhibit phosphorylation of isolated human epidermal growth factor tyrosine kinase receptor by 50%,B,,,BAO_0000190,BAO_0000357,single protein format,Oc1cc2cc(-c3cccnc3)cnc2cc1O,,,CHEMBL1127568,J Med Chem,1994,"{'bei': '26.45', 'le': '0.48', 'lle': '3.59', 'sei': '9.51'}",,CHEMBL63356,,CHEMBL63356,6.3,0,http://www.openphacts.org/units/Nanomolar,117767,=,1,1,=,,IC50,nM,,500.0,CHEMBL203,Homo sapiens,Epidermal growth factor receptor,9606,,,IC50,uM,UO_0000065,,0.5,238.246,2.7080000000000006,4,2,66.24000000000001
,,341378,[],CHEMBL676067,Inhibitory activity against epidermal growth factor receptor (EGFR),B,,,BAO_0000190,BAO_0000357,single protein format,N#C/C(=C\c1ccc(O)c(O)c1)C(=O)NCc1ccccc1,,,CHEMBL1136802,J Med Chem,2003,"{'bei': '21.41', 'le': '0.39', 'lle': '3.98', 'sei': '6.75'}",,CHEMBL56543,,CHEMBL56543,6.3,0,http://www.openphacts.org/units/Nanomolar,275693,=,1,1,=,,IC50,nM,,501.19,CHEMBL203,Homo sapiens,Epidermal growth factor receptor,9606,,,pIC50,,UO_0000065,,6.3,294.31,2.32118,4,3,93.35
,,71728,[],CHEMBL674643,Inhibitory concentration of EGF dependent autophosphorylation of epidermal growth factor receptor kinase,B,,,BAO_0000190,BAO_0000357,single protein format,N#CC(C#N)=C(N)/C(C#N)=C/c1cc(O)c(O)c(Br)c1,,,CHEMBL1124610,J Med Chem,1989,"{'bei': '19.03', 'le': '0.43', 'lle': '4.27', 'sei': '4.57'}",,CHEMBL77803,,CHEMBL77803,6.3,0,http://www.openphacts.org/units/Nanomolar,137220,=,1,1,=,,IC50,nM,,500.0,CHEMBL203,Homo sapiens,Epidermal growth factor receptor,9606,,,IC50,uM,UO_0000065,,0.5,331.129,2.027240000000001,6,3,137.85
,,316982,[],CHEMBL677388,Inhibition of epidermal growth factor receptor kinase activity at a concentration of 2 uM of ATP,B,,,BAO_0000190,BAO_0000357,single protein format,COc1cc2c(Nc3c(F)cc(Cl)cc3F)ncnc2cc1OCC1CCNCC1,,,CHEMBL1135889,J Med Chem,2002,"{'bei': '14.49', 'le': '0.29', 'lle': '1.61', 'sei': '9.23'}",,CHEMBL25450,,CHEMBL25450,6.3,0,http://www.openphacts.org/units/Nanomolar,35678,=,1,1,=,,IC50,nM,,500.0,CHEMBL203,Homo sapiens,Epidermal growth factor receptor,9606,,,IC50,uM,UO_0000065,,0.5,434.87400000000025,4.692000000000004,6,2,68.3
,,131445,[],CHEMBL680019,Inhibitory concentration was evaluated against epidermal growth factor receptor (EGFr) tyrosine kinase,B,,,BAO_0000190,BAO_0000357,single protein format,Cn1c(=O)c(-c2c(Cl)cccc2Cl)cc2cnc(Nc3cccnc3)nc21,,,CHEMBL1131066,J Med Chem,1998,"{'bei': '15.80', 'le': '0.32', 'lle': '1.85', 'sei': '8.66'}",,CHEMBL325589,,CHEMBL325589,6.29,0,http://www.openphacts.org/units/Nanomolar,210170,=,1,1,=,,IC50,nM,,510.0,CHEMBL203,Homo sapiens,Epidermal growth factor receptor,9606,,,IC50,uM,UO_0000065,,0.51,398.2530000000001,4.440900000000003,6,1,72.7
,,48459,[],CHEMBL677833,In vitro inhibition of Epidermal growth factor receptor tyrosine kinase isolated from A431 (human carcinoma).,B,,,BAO_0000190,BAO_0000357,single protein format,Nc1ccc2ncnc(NCc3ccccc3)c2c1,,,CHEMBL1145114,J Med Chem,2003,"{'bei': '25.15', 'le': '0.45', 'lle': '3.47', 'sei': '9.86'}",,CHEMBL332096,,CHEMBL332096,6.29,0,http://www.openphacts.org/units/Nanomolar,262229,=,1,1,=,,IC50,nM,,508.0,CHEMBL203,Homo sapiens,Epidermal growth factor receptor,9606,,,IC50,uM,UO_0000065,,0.508,250.30500000000004,2.8241000000000014,4,2,63.83
,,276643,[],CHEMBL680015,Inhibition of EGFR,B,,,BAO_0000190,BAO_0000357,single protein format,CS(=O)(=O)CCNc1nc(-c2ccc3ncnc(Nc4ccc(OCc5cccc(C(F)(F)F)c5)cc4)c3c2)cs1,,,CHEMBL1136583,Bioorg Med Chem Lett,2003,"{'bei': '10.45', 'le': '0.21', 'lle': '-0.28', 'sei': '5.91'}",,CHEMBL269620,,CHEMBL269620,6.27,0,http://www.openphacts.org/units/Nanomolar,309599,=,1,1,=,,IC50,nM,,540.0,CHEMBL203,Homo sapiens,Epidermal growth factor receptor,9606,,,IC50,uM,UO_0000065,,0.54,599.6600000000002,6.551200000000005,9,2,106.10000000000001
,,393853,[],CHEMBL679944,Concentration needed to inhibit the phosphorylation of a 14-residue fragment of phospholipase C-gamma1 by Epidermal growth factor receptor (prepared from human A431 carcinoma cell vesicles by immunoaffinity chromatography),B,,,BAO_0000190,BAO_0000357,single protein format,C[C@H](Nc1ncnc2c1sc1ccccc12)c1ccccc1,,,CHEMBL1132555,J Med Chem,1999,"{'bei': '20.53', 'le': '0.39', 'lle': '1.25', 'sei': '16.58'}",,CHEMBL3085277,,CHEMBL3085277,6.27,0,http://www.openphacts.org/units/Nanomolar,296402,=,1,1,=,,IC50,nM,,538.0,CHEMBL203,Homo sapiens,Epidermal growth factor receptor,9606,,,IC50,nM,UO_0000065,,538.0,305.406,5.017600000000003,4,1,37.81
,,364684,[],CHEMBL680028,Inhibition of autophosphorylation of cytoplasmic domain of epidermal growth factor receptor,B,,,BAO_0000190,BAO_0000357,single protein format,N#Cc1cnc2ccc(NC(=O)C#CCN3CCSCC3)cc2c1Nc1cccc(Br)c1,,,CHEMBL1145020,J Med Chem,2003,"{'bei': '12.36', 'le': '0.27', 'lle': '1.66', 'sei': '7.72'}",,CHEMBL327023,,CHEMBL327023,6.26,0,http://www.openphacts.org/units/Nanomolar,308362,=,1,1,=,,IC50,nM,,550.0,CHEMBL203,Homo sapiens,Epidermal growth factor receptor,9606,,,IC50,uM,UO_0000065,,0.55,506.4290000000001,4.603280000000003,6,2,81.05
,,354794,[],CHEMBL680028,Inhibition of autophosphorylation of cytoplasmic domain of epidermal growth factor receptor,B,,,BAO_0000190,BAO_0000357,single protein format,C=C(CN(C)C)C(=O)Nc1cc2c(Nc3ccc(F)c(Cl)c3)c(C#N)cnc2cc1OCC,,,CHEMBL1145020,J Med Chem,2003,"{'bei': '13.36', 'le': '0.26', 'lle': '1.15', 'sei': '6.92'}",,CHEMBL117326,,CHEMBL117326,6.25,0,http://www.openphacts.org/units/Nanomolar,308377,=,1,1,=,,IC50,nM,,560.0,CHEMBL203,Homo sapiens,Epidermal growth factor receptor,9606,,,IC50,uM,UO_0000065,,0.56,467.9320000000002,5.097580000000004,6,2,90.28
,,392440,[],CHEMBL674693,Inhibition of Epidermal growth factor receptor (EGF-R) tyrosine kinase activity ,B,,,BAO_0000190,BAO_0000357,single protein format,COc1ccc(-c2cn(C3CCCC3)c3ncnc(N)c23)cc1,,,CHEMBL1134829,Bioorg Med Chem Lett,2001,"{'bei': '20.25', 'le': '0.37', 'lle': '2.44', 'sei': '9.47'}",,CHEMBL170724,,CHEMBL170724,6.24,0,http://www.openphacts.org/units/Nanomolar,333371,=,1,1,=,,IC50,nM,,570.0,CHEMBL203,Homo sapiens,Epidermal growth factor receptor,9606,,,IC50,uM,UO_0000065,,0.57,308.385,3.8042000000000016,5,1,65.96
,,368911,[],CHEMBL680028,Inhibition of autophosphorylation of cytoplasmic domain of epidermal growth factor receptor,B,,,BAO_0000190,BAO_0000357,single protein format,C=CC(=O)Nc1ccc2ncc(C#N)c(Nc3cccc(Br)c3)c2c1,,,CHEMBL1145020,J Med Chem,2003,"{'bei': '15.84', 'le': '0.34', 'lle': '1.49', 'sei': '8.01'}",,CHEMBL281300,,CHEMBL281300,6.23,0,http://www.openphacts.org/units/Nanomolar,308365,=,1,1,=,,IC50,nM,,590.0,CHEMBL203,Homo sapiens,Epidermal growth factor receptor,9606,,,IC50,uM,UO_0000065,,0.59,393.244,4.737080000000002,4,2,77.81
,,412827,[],CHEMBL674693,Inhibition of Epidermal growth factor receptor (EGF-R) tyrosine kinase activity ,B,,,BAO_0000190,BAO_0000357,single protein format,Nc1ncnc2c1c(-c1ccc(O)cc1)cn2C1CCC1,,,CHEMBL1134829,Bioorg Med Chem Lett,2001,"{'bei': '22.19', 'le': '0.40', 'lle': '3.11', 'sei': '8.08'}",,CHEMBL166765,,CHEMBL166765,6.22,0,http://www.openphacts.org/units/Nanomolar,333365,=,1,1,=,,IC50,nM,,600.0,CHEMBL203,Homo sapiens,Epidermal growth factor receptor,9606,,,IC50,uM,UO_0000065,,0.6,280.3310000000001,3.1111000000000013,5,2,76.96000000000001
,,271226,[],CHEMBL675521,Inhibition of Epidermal growth factor receptor (EGFr) tyrosine kinase,B,,,BAO_0000190,BAO_0000357,single protein format,Cc1cccc(C)c1-c1cc2cnc(N)nc2nc1NC(=O)NC(C)(C)C,,,CHEMBL1130094,J Med Chem,1997,"{'bei': '17.05', 'le': '0.31', 'lle': '2.40', 'sei': '5.87'}",,CHEMBL57323,,CHEMBL57323,6.21,0,http://www.openphacts.org/units/Nanomolar,133216,=,1,1,=,,IC50,nM,,610.0,CHEMBL203,Homo sapiens,Epidermal growth factor receptor,9606,,,IC50,uM,UO_0000065,,0.61,364.4530000000001,3.8108400000000016,5,3,105.82
,,313233,[],CHEMBL676067,Inhibitory activity against epidermal growth factor receptor (EGFR),B,,,BAO_0000190,BAO_0000357,single protein format,N#C/C(=C\c1ccc(O)c(O)c1)C(=O)NCCc1ccccc1,,,CHEMBL1136802,J Med Chem,2003,"{'bei': '20.14', 'le': '0.37', 'lle': '3.85', 'sei': '6.65'}",,CHEMBL293749,,CHEMBL293749,6.21,0,http://www.openphacts.org/units/Nanomolar,275691,=,1,1,=,,IC50,nM,,616.6,CHEMBL203,Homo sapiens,Epidermal growth factor receptor,9606,,,pIC50,,UO_0000065,,6.21,308.337,2.3636799999999996,4,3,93.35
,,343638,[],CHEMBL676067,Inhibitory activity against epidermal growth factor receptor (EGFR),B,,,BAO_0000190,BAO_0000357,single protein format,N#C/C(=C\c1cc(O)c(O)c(CSCc2ccccc2)c1)C(N)=O,,,CHEMBL1136802,J Med Chem,2003,"{'bei': '18.18', 'le': '0.35', 'lle': '3.27', 'sei': '5.77'}",,CHEMBL432428,,CHEMBL432428,6.19,1,http://www.openphacts.org/units/Nanomolar,275704,=,1,1,=,,IC50,nM,,645.65,CHEMBL203,Homo sapiens,Epidermal growth factor receptor,9606,,,pIC50,,UO_0000065,,6.19,340.40400000000005,2.9234800000000014,5,3,107.34
,,380169,[],CHEMBL680028,Inhibition of autophosphorylation of cytoplasmic domain of epidermal growth factor receptor,B,,,BAO_0000190,BAO_0000357,single protein format,CN(C)C/C=C/C(=O)Nc1ccc2ncc(C#N)c(Nc3ccc(F)c(Cl)c3)c2c1,,,CHEMBL1145020,J Med Chem,2003,"{'bei': '14.60', 'le': '0.28', 'lle': '1.49', 'sei': '7.63'}",,CHEMBL323630,,CHEMBL323630,6.19,0,http://www.openphacts.org/units/Nanomolar,308382,=,1,1,=,,IC50,nM,,650.0,CHEMBL203,Homo sapiens,Epidermal growth factor receptor,9606,,,IC50,uM,UO_0000065,,0.65,423.8790000000001,4.6988800000000035,5,2,81.05000000000001
,,107302,[],CHEMBL680019,Inhibitory concentration was evaluated against epidermal growth factor receptor (EGFr) tyrosine kinase,B,,,BAO_0000190,BAO_0000357,single protein format,Cn1c(=O)c(-c2c(Cl)cccc2Cl)cc2cnc(Nc3cccc(Br)c3)nc21,,,CHEMBL1131066,J Med Chem,1998,"{'bei': '12.97', 'le': '0.30', 'lle': '0.36', 'sei': '10.32'}",,CHEMBL111434,,CHEMBL111434,6.17,0,http://www.openphacts.org/units/Nanomolar,210193,=,1,1,=,,IC50,nM,,670.0,CHEMBL203,Homo sapiens,Epidermal growth factor receptor,9606,,,IC50,uM,UO_0000065,,0.67,476.1610000000001,5.8084000000000024,5,1,59.81
,,142994,[],CHEMBL679549,Inhibitory activity against recombinant tyrosine kinase EGF-R (EGF-R ICD),B,,,BAO_0000190,BAO_0000357,single protein format,O=C1NC(=O)c2cc(Nc3ccc(F)cc3)c(Nc3ccc(F)cc3)cc21,,,CHEMBL1127678,J Med Chem,1994,"{'bei': '16.85', 'le': '0.31', 'lle': '1.81', 'sei': '8.76'}",,CHEMBL7939,CGP-53353,CHEMBL7939,6.16,0,http://www.openphacts.org/units/Nanomolar,2989,=,1,1,=,,IC50,nM,,700.0,CHEMBL203,Homo sapiens,Epidermal growth factor receptor,9606,,,IC50,uM,UO_0000065,,0.7,365.33900000000006,4.335600000000002,4,3,70.23
,,327901,[],CHEMBL679946,Concentration required to inhibit phosphorylation of isolated human epidermal growth factor tyrosine kinase receptor by 50%,B,,,BAO_0000190,BAO_0000357,single protein format,COc1ccc(/C=C(\C#N)c2cccnc2)cc1OC,,,CHEMBL1127568,J Med Chem,1994,"{'bei': '23.11', 'le': '0.42', 'lle': '2.99', 'sei': '11.16'}",,CHEMBL67027,,CHEMBL67027,6.16,0,http://www.openphacts.org/units/Nanomolar,117757,=,1,1,=,,IC50,nM,,700.0,CHEMBL203,Homo sapiens,Epidermal growth factor receptor,9606,,,IC50,uM,UO_0000065,,0.7,266.3,3.162980000000001,4,0,55.14
,,122513,[],CHEMBL680019,Inhibitory concentration was evaluated against epidermal growth factor receptor (EGFr) tyrosine kinase,B,,,BAO_0000190,BAO_0000357,single protein format,CCOC(=O)CCCc1ccc(Nc2ncc3cc(-c4c(Cl)cccc4Cl)c(=O)n(C)c3n2)cc1,,,CHEMBL1131066,J Med Chem,1998,"{'bei': '12.04', 'le': '0.24', 'lle': '0.22', 'sei': '7.15'}",,CHEMBL419022,,CHEMBL419022,6.16,0,http://www.openphacts.org/units/Nanomolar,210181,=,1,1,=,,IC50,nM,,700.0,CHEMBL203,Homo sapiens,Epidermal growth factor receptor,9606,,,IC50,uM,UO_0000065,,0.7,511.4090000000003,5.931700000000005,7,1,86.11
,,330797,[],CHEMBL676067,Inhibitory activity against epidermal growth factor receptor (EGFR),B,,,BAO_0000190,BAO_0000357,single protein format,COc1cc(/C=C(\C#N)C(N)=O)cc(CSc2ccccc2C(=O)O)c1O,,,CHEMBL1136802,J Med Chem,2003,"{'bei': '16.00', 'le': '0.31', 'lle': '3.37', 'sei': '4.60'}",,CHEMBL119987,,CHEMBL119987,6.15,1,http://www.openphacts.org/units/Nanomolar,275721,=,1,1,=,,IC50,nM,,707.95,CHEMBL203,Homo sapiens,Epidermal growth factor receptor,9606,,,pIC50,,UO_0000065,,6.15,384.41300000000007,2.783580000000001,6,3,133.64
,,320641,[],CHEMBL676067,Inhibitory activity against epidermal growth factor receptor (EGFR),B,,,BAO_0000190,BAO_0000357,single protein format,N#C/C(=C\c1ccc(O)c(O)c1)C(=O)NCCCc1ccccc1,,,CHEMBL1136802,J Med Chem,2003,"{'bei': '19.08', 'le': '0.35', 'lle': '3.40', 'sei': '6.59'}",,CHEMBL53898,,CHEMBL53898,6.15,1,http://www.openphacts.org/units/Nanomolar,275720,=,1,1,=,,IC50,nM,,707.95,CHEMBL203,Homo sapiens,Epidermal growth factor receptor,9606,,,pIC50,,UO_0000065,,6.15,322.364,2.753780000000001,4,3,93.35
,,430518,[],CHEMBL674693,Inhibition of Epidermal growth factor receptor (EGF-R) tyrosine kinase activity ,B,,,BAO_0000190,BAO_0000357,single protein format,Nc1ncnc2c1c(-c1ccccc1)cn2C1CCC1,,,CHEMBL1134829,Bioorg Med Chem Lett,2001,"{'bei': '23.22', 'le': '0.42', 'lle': '2.73', 'sei': '10.82'}",,CHEMBL166766,,CHEMBL166766,6.14,0,http://www.openphacts.org/units/Nanomolar,333367,=,1,1,=,,IC50,nM,,730.0,CHEMBL203,Homo sapiens,Epidermal growth factor receptor,9606,,,IC50,uM,UO_0000065,,0.73,264.33200000000005,3.4055000000000017,4,1,56.73
,,410711,[],CHEMBL679944,Concentration needed to inhibit the phosphorylation of a 14-residue fragment of phospholipase C-gamma1 by Epidermal growth factor receptor (prepared from human A431 carcinoma cell vesicles by immunoaffinity chromatography),B,,,BAO_0000190,BAO_0000357,single protein format,Brc1cccc(Nc2ncnc3c2sc2ncccc23)c1,,,CHEMBL1132555,J Med Chem,1999,"{'bei': '17.17', 'le': '0.40', 'lle': '1.39', 'sei': '12.10'}",,CHEMBL153409,,CHEMBL153409,6.13,0,http://www.openphacts.org/units/Nanomolar,296379,=,1,1,=,,IC50,nM,,732.0,CHEMBL203,Homo sapiens,Epidermal growth factor receptor,9606,,,IC50,nM,UO_0000065,,732.0,357.23600000000005,4.745600000000001,5,1,50.7
,,404725,[],CHEMBL679944,Concentration needed to inhibit the phosphorylation of a 14-residue fragment of phospholipase C-gamma1 by Epidermal growth factor receptor (prepared from human A431 carcinoma cell vesicles by immunoaffinity chromatography),B,,,BAO_0000190,BAO_0000357,single protein format,Cn1c2ccccc2c2c(Nc3cccc(Br)c3)ncnc21,,,CHEMBL1132555,J Med Chem,1999,"{'bei': '17.35', 'le': '0.38', 'lle': '1.50', 'sei': '14.34'}",,CHEMBL152984,,CHEMBL152984,6.13,0,http://www.openphacts.org/units/Nanomolar,296361,=,1,1,=,,IC50,nM,,742.0,CHEMBL203,Homo sapiens,Epidermal growth factor receptor,9606,,,IC50,nM,UO_0000065,,742.0,353.223,4.627600000000002,4,1,42.74
,,419123,[],CHEMBL679944,Concentration needed to inhibit the phosphorylation of a 14-residue fragment of phospholipase C-gamma1 by Epidermal growth factor receptor (prepared from human A431 carcinoma cell vesicles by immunoaffinity chromatography),B,,,BAO_0000190,BAO_0000357,single protein format,Brc1cccc(Nc2ncnc3c2oc2ccccc23)c1,,,CHEMBL1132555,J Med Chem,1999,"{'bei': '18.02', 'le': '0.40', 'lle': '1.25', 'sei': '12.03'}",,CHEMBL149512,,CHEMBL149512,6.13,0,http://www.openphacts.org/units/Nanomolar,296377,=,1,1,=,,IC50,nM,,740.0,CHEMBL203,Homo sapiens,Epidermal growth factor receptor,9606,,,IC50,nM,UO_0000065,,740.0,340.18000000000006,4.882100000000002,4,1,50.95
,,451559,[],CHEMBL677878,Concentration required for inhibition of epidermal growth factor receptor (EGF-R) by tyrosine kinase enzyme activity,B,,,BAO_0000190,BAO_0000357,single protein format,COC(=O)CN1CCC(n2cc(-c3cccc(O)c3)c3c(N)ncnc32)C1,,,CHEMBL1134003,Bioorg Med Chem Lett,2001,"{'bei': '16.69', 'le': '0.31', 'lle': '4.32', 'sei': '5.76'}",,CHEMBL355019,,CHEMBL355019,6.13,0,http://www.openphacts.org/units/Nanomolar,333585,=,1,1,=,,IC50,nM,,740.0,CHEMBL203,Homo sapiens,Epidermal growth factor receptor,9606,,,IC50,uM,UO_0000065,,0.74,367.40900000000016,1.8058999999999992,8,2,106.5
,,431823,[],CHEMBL677878,Concentration required for inhibition of epidermal growth factor receptor (EGF-R) by tyrosine kinase enzyme activity,B,,,BAO_0000190,BAO_0000357,single protein format,COc1cccc(-c2cn(C3CCN(CC(=O)N(C)C)CC3)c3ncnc(N)c23)c1,,,CHEMBL1134003,Bioorg Med Chem Lett,2001,"{'bei': '14.99', 'le': '0.28', 'lle': '3.71', 'sei': '6.84'}",,CHEMBL355269,,CHEMBL355269,6.12,0,http://www.openphacts.org/units/Nanomolar,333575,=,1,1,=,,IC50,nM,,750.0,CHEMBL203,Homo sapiens,Epidermal growth factor receptor,9606,,,IC50,uM,UO_0000065,,0.75,408.5060000000002,2.4141999999999992,7,1,89.51
,,436946,[],CHEMBL677878,Concentration required for inhibition of epidermal growth factor receptor (EGF-R) by tyrosine kinase enzyme activity,B,,,BAO_0000190,BAO_0000357,single protein format,COC(=O)CN1CCC(n2cc(-c3cccc(O)c3)c3c(N)ncnc32)CC1,,,CHEMBL1134003,Bioorg Med Chem Lett,2001,"{'bei': '15.98', 'le': '0.30', 'lle': '3.90', 'sei': '5.72'}",,CHEMBL262276,,CHEMBL262276,6.1,0,http://www.openphacts.org/units/Nanomolar,333581,=,1,1,=,,IC50,nM,,800.0,CHEMBL203,Homo sapiens,Epidermal growth factor receptor,9606,,,IC50,uM,UO_0000065,,0.8,381.4360000000002,2.1959999999999997,8,2,106.5
,,309326,[],CHEMBL677388,Inhibition of epidermal growth factor receptor kinase activity at a concentration of 2 uM of ATP,B,,,BAO_0000190,BAO_0000357,single protein format,COc1cc2c(Nc3ccc(C#N)cc3F)ncnc2cc1OC/C=C/CN1CCCC1,,,CHEMBL1135889,J Med Chem,2002,"{'bei': '14.06', 'le': '0.26', 'lle': '1.68', 'sei': '7.32'}",,CHEMBL24026,,CHEMBL24026,6.1,0,http://www.openphacts.org/units/Nanomolar,35661,=,1,1,=,,IC50,nM,,800.0,CHEMBL203,Homo sapiens,Epidermal growth factor receptor,9606,,,IC50,uM,UO_0000065,,0.8,433.48700000000036,4.423580000000003,7,1,83.3
,,354789,[],CHEMBL680028,Inhibition of autophosphorylation of cytoplasmic domain of epidermal growth factor receptor,B,,,BAO_0000190,BAO_0000357,single protein format,COCC#CC(=O)Nc1cc2c(Nc3cccc(Br)c3)c(C#N)cnc2cc1OC,,,CHEMBL1145020,J Med Chem,2003,"{'bei': '13.11', 'le': '0.28', 'lle': '1.89', 'sei': '6.34'}",,CHEMBL326280,,CHEMBL326280,6.1,0,http://www.openphacts.org/units/Nanomolar,308357,=,1,1,=,,IC50,nM,,790.0,CHEMBL203,Homo sapiens,Epidermal growth factor receptor,9606,,,IC50,uM,UO_0000065,,0.79,465.3070000000002,4.209480000000003,6,2,96.27000000000001
,,64040,[],CHEMBL674643,Inhibitory concentration of EGF dependent autophosphorylation of epidermal growth factor receptor kinase,B,,,BAO_0000190,BAO_0000357,single protein format,N#CC(C#N)=C(N)/C(C#N)=C/c1cc(O)c(O)c(O)c1,,,CHEMBL1124610,J Med Chem,1989,"{'bei': '22.73', 'le': '0.42', 'lle': '5.13', 'sei': '3.86'}",,CHEMBL78257,TYRPHOSTIN 51,CHEMBL78257,6.1,0,http://www.openphacts.org/units/Nanomolar,137229,=,1,1,=,,IC50,nM,,800.0,CHEMBL203,Homo sapiens,Epidermal growth factor receptor,9606,,,IC50,uM,UO_0000065,,0.8,268.23199999999997,0.9703399999999998,7,4,158.07999999999998
,,389022,[],CHEMBL680028,Inhibition of autophosphorylation of cytoplasmic domain of epidermal growth factor receptor,B,,,BAO_0000190,BAO_0000357,single protein format,COc1cc2ncc(C#N)c(Nc3cccc(Br)c3)c2cc1NC(=O)/C=C/CN(C)C,,,CHEMBL1145020,J Med Chem,2003,"{'bei': '12.70', 'le': '0.27', 'lle': '1.42', 'sei': '6.76'}",,CHEMBL263788,,CHEMBL263788,6.1,0,http://www.openphacts.org/units/Nanomolar,308388,=,1,1,=,,IC50,nM,,790.0,CHEMBL203,Homo sapiens,Epidermal growth factor receptor,9606,,,IC50,uM,UO_0000065,,0.79,480.3660000000002,4.677480000000003,6,2,90.27999999999999
,,394829,[],CHEMBL674693,Inhibition of Epidermal growth factor receptor (EGF-R) tyrosine kinase activity ,B,,,BAO_0000190,BAO_0000357,single protein format,Nc1ncnc2c1c(-c1ccccc1)cn2C1CCC(O)C1,,,CHEMBL1134829,Bioorg Med Chem Lett,2001,"{'bei': '20.73', 'le': '0.38', 'lle': '3.33', 'sei': '7.93'}",,CHEMBL168285,,CHEMBL168285,6.1,0,http://www.openphacts.org/units/Nanomolar,333378,=,1,1,=,,IC50,nM,,790.0,CHEMBL203,Homo sapiens,Epidermal growth factor receptor,9606,,,IC50,uM,UO_0000065,,0.79,294.35800000000006,2.766400000000001,5,2,76.96
,,381559,[],CHEMBL680028,Inhibition of autophosphorylation of cytoplasmic domain of epidermal growth factor receptor,B,,,BAO_0000190,BAO_0000357,single protein format,C=CC(=O)Nc1cc2c(Nc3cccc(Br)c3)c(C#N)cnc2cc1OC,,,CHEMBL1145020,J Med Chem,2003,"{'bei': '14.39', 'le': '0.31', 'lle': '1.34', 'sei': '7.00'}",,CHEMBL324718,,CHEMBL324718,6.09,0,http://www.openphacts.org/units/Nanomolar,308364,=,1,1,=,,IC50,nM,,810.0,CHEMBL203,Homo sapiens,Epidermal growth factor receptor,9606,,,IC50,uM,UO_0000065,,0.81,423.27000000000015,4.745680000000003,5,2,87.04
,,442379,[],CHEMBL677878,Concentration required for inhibition of epidermal growth factor receptor (EGF-R) by tyrosine kinase enzyme activity,B,,,BAO_0000190,BAO_0000357,single protein format,COC(=O)CN1CCC(n2cc(-c3cccc(OC)c3)c3c(N)ncnc32)C1,,,CHEMBL1134003,Bioorg Med Chem Lett,2001,"{'bei': '15.94', 'le': '0.30', 'lle': '3.97', 'sei': '6.37'}",,CHEMBL355891,,CHEMBL355891,6.08,0,http://www.openphacts.org/units/Nanomolar,333583,=,1,1,=,,IC50,nM,,830.0,CHEMBL203,Homo sapiens,Epidermal growth factor receptor,9606,,,IC50,uM,UO_0000065,,0.83,381.4360000000002,2.1088999999999993,8,1,95.5
,,216291,[],CHEMBL674106,Inhibitory activity against epidermal growth factor receptor,B,,,BAO_0000190,BAO_0000357,single protein format,CN(CCCOc1ccc2ncnc(Nc3ccc(OCc4ccccc4)cc3)c2c1)CCS(C)(=O)=O,,,CHEMBL1146682,Bioorg Med Chem Lett,2004,"{'bei': '11.68', 'le': '0.22', 'lle': '1.38', 'sei': '6.49'}",,CHEMBL14874,,CHEMBL14874,6.08,0,http://www.openphacts.org/units/Nanomolar,15416,=,1,1,=,,IC50,nM,,830.0,CHEMBL203,Homo sapiens,Epidermal growth factor receptor,9606,,,IC50,nM,UO_0000065,,830.0,520.6550000000003,4.697700000000004,8,1,93.65
,,114538,[],CHEMBL677390,Inhibition of human epidermal growth factor receptor (EGFR),B,,,BAO_0000190,BAO_0000357,single protein format,O=C(CCc1c(SSc2[nH]c3ccccc3c2CCC(=O)NCc2ccccc2)[nH]c2ccccc12)NCc1ccccc1,,,CHEMBL1127560,J Med Chem,1994,"{'bei': '9.81', 'le': '0.19', 'lle': '-1.88', 'sei': '6.76'}",,CHEMBL293261,,CHEMBL293261,6.07,0,http://www.openphacts.org/units/Nanomolar,109061,=,1,1,=,,IC50,nM,,850.0,CHEMBL203,Homo sapiens,Epidermal growth factor receptor,9606,,,IC50,uM,UO_0000065,,0.85,618.8280000000002,7.946600000000007,4,4,89.78
,,108868,[],CHEMBL683041,Inhibition of Epidermal Growth Factor Receptor (EGFR) autophosphorylation,B,,,BAO_0000190,BAO_0000357,single protein format,C#Cc1cccc(Nc2c(C#N)cnc3cc(OCCOC)c(OCCOC)cc23)c1,,,CHEMBL1135208,Bioorg Med Chem Lett,2002,"{'bei': '14.54', 'le': '0.27', 'lle': '2.19', 'sei': '7.09'}",,CHEMBL95320,,CHEMBL95320,6.07,0,http://www.openphacts.org/units/Nanomolar,182226,=,1,1,=,,IC50,nM,,850.0,CHEMBL203,Homo sapiens,Epidermal growth factor receptor,9606,,,IC50,uM,UO_0000065,,0.85,417.46500000000026,3.8817800000000027,7,1,85.63000000000001
,,328640,[],CHEMBL677206,Inhibition of epidermal growth factor receptor (EGFr),B,,,BAO_0000190,BAO_0000357,single protein format,N[C@H](Cc1c([Se][Se]c2[nH]c3ccccc3c2C[C@H](N)C(=O)NCc2ccccc2)[nH]c2ccccc12)C(=O)NCc1ccccc1,,,CHEMBL1129933,J Med Chem,1997,"{'bei': '8.14', 'le': None, 'lle': None, 'sei': None}",,CHEMBL336409,,CHEMBL336409,6.05,0,http://www.openphacts.org/units/Nanomolar,259293,=,1,1,=,,IC50,nM,,900.0,CHEMBL203,Homo sapiens,Epidermal growth factor receptor,9606,,,IC50,uM,UO_0000065,,0.9,742.6440000000001,2.295800000000005,4,6,141.82
,,434419,[],CHEMBL677878,Concentration required for inhibition of epidermal growth factor receptor (EGF-R) by tyrosine kinase enzyme activity,B,,,BAO_0000190,BAO_0000357,single protein format,COc1cccc(-c2cn(C3CCN(CCO)CC3)c3ncnc(N)c23)c1,,,CHEMBL1134003,Bioorg Med Chem Lett,2001,"{'bei': '16.45', 'le': '0.31', 'lle': '3.73', 'sei': '6.76'}",,CHEMBL169200,,CHEMBL169200,6.05,0,http://www.openphacts.org/units/Nanomolar,333574,=,1,1,=,,IC50,nM,,900.0,CHEMBL203,Homo sapiens,Epidermal growth factor receptor,9606,,,IC50,uM,UO_0000065,,0.9,367.4530000000001,2.3183,7,2,89.42999999999999
,,315720,[],CHEMBL676067,Inhibitory activity against epidermal growth factor receptor (EGFR),B,,,BAO_0000190,BAO_0000357,single protein format,COc1cc(/C=C(\C#N)C(N)=O)cc(CSCc2ccccc2)c1O,,,CHEMBL1136802,J Med Chem,2003,"{'bei': '17.07', 'le': '0.33', 'lle': '2.82', 'sei': '6.28'}",,CHEMBL326318,,CHEMBL326318,6.05,1,http://www.openphacts.org/units/Nanomolar,275703,=,1,1,=,,IC50,nM,,891.25,CHEMBL203,Homo sapiens,Epidermal growth factor receptor,9606,,,pIC50,,UO_0000065,,6.05,354.43100000000004,3.2264800000000027,5,2,96.33999999999999
,,297281,[],CHEMBL677890,Inhibitory activity against protein tyrosine kinase of Epidermal growth factor receptor was determined,B,,,BAO_0000190,BAO_0000357,single protein format,CO[C@H]1[C@@H](N(C)Cc2ccccc2)C[C@@H]2O[C@@]1(C)n1c3ccccc3c3c4c(c5c6ccccc6n2c5c31)C(=O)NC4,,,CHEMBL1127758,Bioorg Med Chem Lett,1994,"{'bei': '10.85', 'le': '0.20', 'lle': '-0.23', 'sei': '9.96'}",,CHEMBL131193,,CHEMBL131193,6.04,0,http://www.openphacts.org/units/Nanomolar,249285,=,1,1,=,,IC50,nM,,910.0,CHEMBL203,Homo sapiens,Epidermal growth factor receptor,9606,,,IC50,uM,UO_0000065,,0.91,556.6660000000002,6.2666000000000075,6,1,60.660000000000004
,,137455,[],CHEMBL680019,Inhibitory concentration was evaluated against epidermal growth factor receptor (EGFr) tyrosine kinase,B,,,BAO_0000190,BAO_0000357,single protein format,Cn1c(=O)c(-c2c(Cl)cccc2Cl)cc2cnc(Nc3ccncc3)nc21,,,CHEMBL1131066,J Med Chem,1998,"{'bei': '15.17', 'le': '0.31', 'lle': '1.60', 'sei': '8.31'}",,CHEMBL104779,,CHEMBL104779,6.04,0,http://www.openphacts.org/units/Nanomolar,210168,=,1,1,=,,IC50,nM,,910.0,CHEMBL203,Homo sapiens,Epidermal growth factor receptor,9606,,,IC50,uM,UO_0000065,,0.91,398.2530000000001,4.440900000000003,6,1,72.7
,,380164,[],CHEMBL680028,Inhibition of autophosphorylation of cytoplasmic domain of epidermal growth factor receptor,B,,,BAO_0000190,BAO_0000357,single protein format,CC#CC(=O)Nc1cc2c(Nc3cccc(Br)c3)c(C#N)cnc2cc1OC,,,CHEMBL1145020,J Med Chem,2003,"{'bei': '13.88', 'le': '0.29', 'lle': '1.46', 'sei': '6.94'}",,CHEMBL116525,,CHEMBL116525,6.04,0,http://www.openphacts.org/units/Nanomolar,308358,=,1,1,=,,IC50,nM,,910.0,CHEMBL203,Homo sapiens,Epidermal growth factor receptor,9606,,,IC50,uM,UO_0000065,,0.91,435.2810000000002,4.582980000000004,5,2,87.04
,,460720,[],CHEMBL677879,Inhibition of epidermal growth factor receptor (EGF-R),B,,,BAO_0000190,BAO_0000357,single protein format,COCCN(C)CCN1CCC(n2cc(-c3cccc(OC)c3)c3c(N)ncnc32)CC1,,,CHEMBL1134003,Bioorg Med Chem Lett,2001,"{'bei': '13.75', 'le': '0.26', 'lle': '3.13', 'sei': '7.39'}",,CHEMBL274732,,CHEMBL274732,6.03,0,http://www.openphacts.org/units/Nanomolar,333548,=,1,1,=,,IC50,nM,,930.0,CHEMBL203,Homo sapiens,Epidermal growth factor receptor,9606,,,IC50,uM,UO_0000065,,0.93,438.57600000000025,2.9042000000000012,8,1,81.67
,,357623,[],CHEMBL680028,Inhibition of autophosphorylation of cytoplasmic domain of epidermal growth factor receptor,B,,,BAO_0000190,BAO_0000357,single protein format,COCCOCC#CC(=O)Nc1ccc2ncc(C#N)c(Nc3cccc(Br)c3)c2c1,,,CHEMBL1145020,J Med Chem,2003,"{'bei': '12.58', 'le': '0.27', 'lle': '1.81', 'sei': '6.27'}",,CHEMBL115440,,CHEMBL115440,6.03,0,http://www.openphacts.org/units/Nanomolar,308354,=,1,1,=,,IC50,nM,,930.0,CHEMBL203,Homo sapiens,Epidermal growth factor receptor,9606,,,IC50,uM,UO_0000065,,0.93,479.3340000000001,4.217480000000002,6,2,96.27000000000001
,,367543,[],CHEMBL680028,Inhibition of autophosphorylation of cytoplasmic domain of epidermal growth factor receptor,B,,,BAO_0000190,BAO_0000357,single protein format,CC#CC(=O)Nc1ccc2ncc(C#N)c(Nc3cccc(Br)c3)c2c1,,,CHEMBL1145020,J Med Chem,2003,"{'bei': '14.87', 'le': '0.32', 'lle': '1.46', 'sei': '7.75'}",,CHEMBL283682,,CHEMBL283682,6.03,0,http://www.openphacts.org/units/Nanomolar,308353,=,1,1,=,,IC50,nM,,940.0,CHEMBL203,Homo sapiens,Epidermal growth factor receptor,9606,,,IC50,uM,UO_0000065,,0.94,405.25500000000005,4.574380000000002,4,2,77.81
,,351746,[],CHEMBL680028,Inhibition of autophosphorylation of cytoplasmic domain of epidermal growth factor receptor,B,,,BAO_0000190,BAO_0000357,single protein format,COCC#CC(=O)Nc1ccc2ncc(C#N)c(Nc3cccc(Br)c3)c2c1,,,CHEMBL1145020,J Med Chem,2003,"{'bei': '13.82', 'le': '0.29', 'lle': '1.82', 'sei': '6.91'}",,CHEMBL114593,,CHEMBL114593,6.02,0,http://www.openphacts.org/units/Nanomolar,308352,=,1,1,=,,IC50,nM,,960.0,CHEMBL203,Homo sapiens,Epidermal growth factor receptor,9606,,,IC50,uM,UO_0000065,,0.96,435.2810000000001,4.200880000000002,5,2,87.03999999999999
,,311907,[],CHEMBL676067,Inhibitory activity against epidermal growth factor receptor (EGFR),B,,,BAO_0000190,BAO_0000357,single protein format,COc1cc(/C=C(\C#N)C(N)=O)cc(CSCc2ccccc2Cl)c1O,,,CHEMBL1136802,J Med Chem,2003,"{'bei': '15.43', 'le': '0.32', 'lle': '2.12', 'sei': '6.23'}",,CHEMBL326100,,CHEMBL326100,6.0,1,http://www.openphacts.org/units/Nanomolar,275702,=,1,1,=,,IC50,nM,,1000.0,CHEMBL203,Homo sapiens,Epidermal growth factor receptor,9606,,,pIC50,,UO_0000065,,6.0,388.8760000000001,3.879880000000003,5,2,96.33999999999999
,,119381,[],CHEMBL677391,Inhibition of tyrosine phosphorylation activity of the epidermal growth factor receptor (EGFR) tyrosine kinase from human A-431 carcinoma cell-shed membrane vesicles,B,,,BAO_0000190,BAO_0000019,assay format,CN1C(=S)C(C(=O)Nc2ccccc2)c2ccccc21,,,CHEMBL1127560,J Med Chem,1994,"{'bei': '21.25', 'le': '0.41', 'lle': '2.81', 'sei': '18.55'}",,CHEMBL62176,,CHEMBL62176,6.0,0,http://www.openphacts.org/units/Nanomolar,109045,=,1,1,=,,IC50,nM,,1000.0,CHEMBL203,Homo sapiens,Epidermal growth factor receptor,9606,,,IC50,uM,UO_0000065,,1.0,282.36800000000005,3.1861000000000015,2,1,32.34
,,128847,[],CHEMBL680019,Inhibitory concentration was evaluated against epidermal growth factor receptor (EGFr) tyrosine kinase,B,,,BAO_0000190,BAO_0000357,single protein format,Cn1c(=O)c(-c2c(Cl)cccc2Cl)cc2cnc(NCCCCCC(=O)O)nc21,,,CHEMBL1131066,J Med Chem,1998,"{'bei': '13.78', 'le': '0.28', 'lle': '1.64', 'sei': '6.18'}",,CHEMBL113863,,CHEMBL113863,6.0,0,http://www.openphacts.org/units/Nanomolar,210173,=,1,1,=,,IC50,nM,,1000.0,CHEMBL203,Homo sapiens,Epidermal growth factor receptor,9606,,,IC50,uM,UO_0000065,,1.0,435.3110000000003,4.359200000000002,6,2,97.11
,,124325,[],CHEMBL679549,Inhibitory activity against recombinant tyrosine kinase EGF-R (EGF-R ICD),B,,,BAO_0000190,BAO_0000357,single protein format,O=c1c(-c2ccc(O)cc2)coc2cc(O)cc(O)c12,,,CHEMBL1127678,J Med Chem,1994,"{'bei': '22.20', 'le': '0.41', 'lle': '3.42', 'sei': '6.60'}",,CHEMBL44,GENISTEIN,CHEMBL44,6.0,0,http://www.openphacts.org/units/Nanomolar,2996,=,1,1,=,,IC50,nM,,1000.0,CHEMBL203,Homo sapiens,Epidermal growth factor receptor,9606,,,IC50,uM,UO_0000065,,1.0,270.24,2.576800000000001,5,3,90.9
,,44685,[],CHEMBL677833,In vitro inhibition of Epidermal growth factor receptor tyrosine kinase isolated from A431 (human carcinoma).,B,,,BAO_0000190,BAO_0000357,single protein format,Cc1cccc(Nc2ncnc3ccc(N)cc23)c1,,,CHEMBL1145114,J Med Chem,2003,"{'bei': '23.97', 'le': '0.43', 'lle': '2.74', 'sei': '9.40'}",,CHEMBL336113,,CHEMBL336113,6.0,0,http://www.openphacts.org/units/Nanomolar,262227,=,1,1,=,,IC50,nM,,1000.0,CHEMBL203,Homo sapiens,Epidermal growth factor receptor,9606,,,IC50,uM,UO_0000065,,1.0,250.30500000000004,3.2640200000000004,4,2,63.83
,,405891,[],CHEMBL679944,Concentration needed to inhibit the phosphorylation of a 14-residue fragment of phospholipase C-gamma1 by Epidermal growth factor receptor (prepared from human A431 carcinoma cell vesicles by immunoaffinity chromatography),B,,,BAO_0000190,BAO_0000357,single protein format,Clc1cccc(Nc2ncnc3c2sc2ncccc23)c1,,,CHEMBL1132555,J Med Chem,1999,,,CHEMBL150390,,CHEMBL150390,6.0,0,http://www.openphacts.org/units/Nanomolar,296380,>,1,1,>,,IC50,nM,,1000.0,CHEMBL203,Homo sapiens,Epidermal growth factor receptor,9606,,,IC50,nM,UO_0000065,,1000.0,312.785,4.636500000000002,5,1,50.7
,,132037,[],CHEMBL683041,Inhibition of Epidermal Growth Factor Receptor (EGFR) autophosphorylation,B,,,BAO_0000190,BAO_0000357,single protein format,COc1cc2ncc(C#N)c(Nc3ccc(F)c(Cl)c3)c2cc1OCCCN1CCOCC1,,,CHEMBL1135208,Bioorg Med Chem Lett,2002,"{'bei': '12.70', 'le': '0.25', 'lle': '1.23', 'sei': '7.51'}",,CHEMBL99024,,CHEMBL99024,5.98,0,http://www.openphacts.org/units/Nanomolar,182224,=,1,1,=,,IC50,nM,,1040.0,CHEMBL203,Homo sapiens,Epidermal growth factor receptor,9606,,,IC50,uM,UO_0000065,,1.04,470.9320000000004,4.752280000000004,7,1,79.64
,,275168,[],CHEMBL677890,Inhibitory activity against protein tyrosine kinase of Epidermal growth factor receptor was determined,B,,,BAO_0000190,BAO_0000357,single protein format,CO[C@H]1[C@@H](N(C)CCC#N)C[C@@H]2O[C@@]1(C)n1c3ccccc3c3c4c(c5c6ccccc6n2c5c31)C(=O)NC4,,,CHEMBL1127758,Bioorg Med Chem Lett,1994,"{'bei': '11.47', 'le': '0.21', 'lle': '0.98', 'sei': '7.06'}",,CHEMBL131426,,CHEMBL131426,5.96,0,http://www.openphacts.org/units/Nanomolar,249287,=,1,1,=,,IC50,nM,,1100.0,CHEMBL203,Homo sapiens,Epidermal growth factor receptor,9606,,,IC50,uM,UO_0000065,,1.1,519.6050000000002,4.9800800000000045,7,1,84.44999999999999
,,271592,[],CHEMBL677890,Inhibitory activity against protein tyrosine kinase of Epidermal growth factor receptor was determined,B,,,BAO_0000190,BAO_0000357,single protein format,CO[C@H]1[C@@H](N(C)S(C)(=O)=O)C[C@@H]2O[C@@]1(C)n1c3ccccc3c3c4c(c5c6ccccc6n2c5c31)C(=O)NC4,,,CHEMBL1127758,Bioorg Med Chem Lett,1994,"{'bei': '10.94', 'le': '0.21', 'lle': '1.93', 'sei': '6.29'}",,CHEMBL131020,,CHEMBL131020,5.96,0,http://www.openphacts.org/units/Nanomolar,249306,=,1,1,=,,IC50,nM,,1100.0,CHEMBL203,Homo sapiens,Epidermal growth factor receptor,9606,,,IC50,uM,UO_0000065,,1.1,544.6330000000002,4.0260000000000025,7,1,94.80000000000001
,,455583,[],CHEMBL677878,Concentration required for inhibition of epidermal growth factor receptor (EGF-R) by tyrosine kinase enzyme activity,B,,,BAO_0000190,BAO_0000357,single protein format,COc1cccc(-c2cn(C3CCNC3)c3ncnc(N)c23)c1,,,CHEMBL1134003,Bioorg Med Chem Lett,2001,"{'bei': '19.24', 'le': '0.35', 'lle': '3.73', 'sei': '7.63'}",,CHEMBL169519,,CHEMBL169519,5.95,0,http://www.openphacts.org/units/Nanomolar,333586,=,1,1,=,,IC50,nM,,1120.0,CHEMBL203,Homo sapiens,Epidermal growth factor receptor,9606,,,IC50,uM,UO_0000065,,1.12,309.37300000000005,2.2234999999999996,6,2,77.99
,,61374,[],CHEMBL674643,Inhibitory concentration of EGF dependent autophosphorylation of epidermal growth factor receptor kinase,B,,,BAO_0000190,BAO_0000357,single protein format,COc1cc(/C=C(\C#N)C(N)=C(C#N)C#N)cc(O)c1O,,,CHEMBL1124610,J Med Chem,1989,"{'bei': '20.98', 'le': '0.39', 'lle': '4.65', 'sei': '4.03'}",,CHEMBL80745,,CHEMBL80745,5.92,0,http://www.openphacts.org/units/Nanomolar,137228,=,1,1,=,,IC50,nM,,1200.0,CHEMBL203,Homo sapiens,Epidermal growth factor receptor,9606,,,IC50,uM,UO_0000065,,1.2,282.259,1.27334,7,3,147.07999999999998
,,306531,[],CHEMBL676067,Inhibitory activity against epidermal growth factor receptor (EGFR),B,,,BAO_0000190,BAO_0000357,single protein format,N#C/C(=C\c1ccc(O)c(O)c1)C(=O)Nc1ccccc1,,,CHEMBL1136802,J Med Chem,2003,"{'bei': '21.05', 'le': '0.38', 'lle': '3.26', 'sei': '6.32'}",,CHEMBL56731,,CHEMBL56731,5.9,1,http://www.openphacts.org/units/Nanomolar,275696,=,1,1,=,,IC50,nM,,1258.93,CHEMBL203,Homo sapiens,Epidermal growth factor receptor,9606,,,pIC50,,UO_0000065,,5.9,280.283,2.6434800000000003,4,3,93.35
,,301871,[],CHEMBL675521,Inhibition of Epidermal growth factor receptor (EGFr) tyrosine kinase,B,,,BAO_0000190,BAO_0000357,single protein format,CCNC(=O)Nc1nc2nc(NCCCCN(CC)CC)ncc2cc1-c1c(Cl)cccc1Cl,,,CHEMBL1130094,J Med Chem,1997,"{'bei': '11.69', 'le': '0.24', 'lle': '0.23', 'sei': '6.21'}",,CHEMBL301483,,CHEMBL301483,5.9,0,http://www.openphacts.org/units/Nanomolar,133219,=,1,1,=,,IC50,nM,,1260.0,CHEMBL203,Homo sapiens,Epidermal growth factor receptor,9606,,,IC50,uM,UO_0000065,,1.26,504.46600000000024,5.673900000000004,6,3,95.07
,,284859,[],CHEMBL677890,Inhibitory activity against protein tyrosine kinase of Epidermal growth factor receptor was determined,B,,,BAO_0000190,BAO_0000357,single protein format,CCCCC(O)CN(C)[C@H]1C[C@@H]2O[C@](C)([C@H]1OC)n1c3ccccc3c3c4c(c5c6ccccc6n2c5c31)C(=O)NC4,,,CHEMBL1127758,Bioorg Med Chem Lett,1994,"{'bei': '10.39', 'le': '0.19', 'lle': '0.27', 'sei': '7.28'}",,CHEMBL335718,,CHEMBL335718,5.89,0,http://www.openphacts.org/units/Nanomolar,249310,=,1,1,=,,IC50,nM,,1300.0,CHEMBL203,Homo sapiens,Epidermal growth factor receptor,9606,,,IC50,uM,UO_0000065,,1.3,566.7020000000002,5.617500000000005,7,2,80.89000000000001
,,274013,[],CHEMBL677890,Inhibitory activity against protein tyrosine kinase of Epidermal growth factor receptor was determined,B,,,BAO_0000190,BAO_0000357,single protein format,COC(=O)CN(C)[C@H]1C[C@@H]2O[C@](C)([C@H]1OC)n1c3ccccc3c3c4c(c5c6ccccc6n2c5c31)C(=O)NC4,,,CHEMBL1127758,Bioorg Med Chem Lett,1994,"{'bei': '10.93', 'le': '0.20', 'lle': '1.65', 'sei': '6.77'}",,CHEMBL444337,,CHEMBL444337,5.89,0,http://www.openphacts.org/units/Nanomolar,249286,=,1,1,=,,IC50,nM,,1300.0,CHEMBL203,Homo sapiens,Epidermal growth factor receptor,9606,,,IC50,uM,UO_0000065,,1.3,538.6040000000003,4.239400000000003,8,1,86.96000000000001
,,111014,[],CHEMBL680019,Inhibitory concentration was evaluated against epidermal growth factor receptor (EGFr) tyrosine kinase,B,,,BAO_0000190,BAO_0000357,single protein format,COc1ccc(Nc2ncc3cc(-c4c(Cl)cccc4Cl)c(=O)n(C)c3n2)cn1,,,CHEMBL1131066,J Med Chem,1998,"{'bei': '13.74', 'le': '0.28', 'lle': '1.44', 'sei': '7.18'}",,CHEMBL111365,,CHEMBL111365,5.89,0,http://www.openphacts.org/units/Nanomolar,210169,=,1,1,=,,IC50,nM,,1300.0,CHEMBL203,Homo sapiens,Epidermal growth factor receptor,9606,,,IC50,uM,UO_0000065,,1.3,428.2790000000001,4.449500000000002,7,1,81.92999999999999
,,296902,[],CHEMBL675521,Inhibition of Epidermal growth factor receptor (EGFr) tyrosine kinase,B,,,BAO_0000190,BAO_0000357,single protein format,CCNC(=O)Nc1nc2nc(N)ncc2cc1-c1c(Cl)cccc1Cl,,,CHEMBL1130094,J Med Chem,1997,"{'bei': '15.55', 'le': '0.32', 'lle': '2.15', 'sei': '5.54'}",,CHEMBL432738,,CHEMBL432738,5.87,0,http://www.openphacts.org/units/Nanomolar,133214,=,1,1,=,,IC50,nM,,1360.0,CHEMBL203,Homo sapiens,Epidermal growth factor receptor,9606,,,IC50,uM,UO_0000065,,1.36,377.235,3.7222000000000017,5,3,105.82
,,135131,[],CHEMBL680019,Inhibitory concentration was evaluated against epidermal growth factor receptor (EGFr) tyrosine kinase,B,,,BAO_0000190,BAO_0000357,single protein format,CCN(CC)CCCNc1ncc2cc(-c3c(Cl)cccc3Cl)c(=O)n(C)c2n1,,,CHEMBL1131066,J Med Chem,1998,"{'bei': '13.48', 'le': '0.28', 'lle': '1.40', 'sei': '9.28'}",,CHEMBL50470,,CHEMBL50470,5.85,1,http://www.openphacts.org/units/Nanomolar,210163,=,1,1,=,,IC50,nM,,1400.0,CHEMBL203,Homo sapiens,Epidermal growth factor receptor,9606,,,IC50,uM,UO_0000065,,1.4,434.37100000000015,4.446100000000003,6,1,63.050000000000004
,,49326,[],CHEMBL674637,Inhibitory activity towards tyrosine phosphorylation for the epidermal growth factor-receptor kinase,B,,,BAO_0000190,BAO_0000357,single protein format,Cc1cc(C(=O)N2CCOCC2)[nH]c1/C=C1\C(=O)Nc2ncnc(Nc3ccc4c(c3)CCC4)c21,,,CHEMBL1134862,Bioorg Med Chem Lett,2002,"{'bei': '12.43', 'le': '0.23', 'lle': '2.54', 'sei': '5.21'}",,CHEMBL65848,,CHEMBL65848,5.85,0,http://www.openphacts.org/units/Nanomolar,119501,=,1,1,=,,IC50,nM,,1410.0,CHEMBL203,Homo sapiens,Epidermal growth factor receptor,9606,,,IC50,uM,UO_0000065,,1.41,470.53300000000024,3.3105200000000012,6,3,112.24
,,465873,[],CHEMBL677878,Concentration required for inhibition of epidermal growth factor receptor (EGF-R) by tyrosine kinase enzyme activity,B,,,BAO_0000190,BAO_0000357,single protein format,COC(=O)CN1CCC(n2cc(-c3cccc(OC)c3)c3c(N)ncnc32)CC1,,,CHEMBL1134003,Bioorg Med Chem Lett,2001,"{'bei': '14.75', 'le': '0.27', 'lle': '3.33', 'sei': '6.11'}",,CHEMBL169065,,CHEMBL169065,5.83,0,http://www.openphacts.org/units/Nanomolar,333577,=,1,1,=,,IC50,nM,,1470.0,CHEMBL203,Homo sapiens,Epidermal growth factor receptor,9606,,,IC50,uM,UO_0000065,,1.47,395.46300000000025,2.4990000000000006,8,1,95.5
,,385536,[],CHEMBL674029,Inhibition of EGF-stimulated EGFR tyrosine kinase activity using plasma membrane vesicles shed from cultured human A431 carcinoma cells,F,,,BAO_0000190,BAO_0000219,cell-based format,Cc1cccc2c(CCC(=O)O)c(SSc3[nH]c4c(C)cccc4c3CCC(=O)O)[nH]c12,,,CHEMBL1127050,J Med Chem,1993,,,CHEMBL81664,,CHEMBL81664,5.82,0,http://www.openphacts.org/units/Nanomolar,146861,=,1,1,=,,IC50,nM,,1500.0,CHEMBL203,Homo sapiens,Epidermal growth factor receptor,9606,,,IC50,uM,UO_0000065,,1.5,468.60000000000025,6.099840000000005,4,4,106.18
,,460725,[],CHEMBL677878,Concentration required for inhibition of epidermal growth factor receptor (EGF-R) by tyrosine kinase enzyme activity,B,,,BAO_0000190,BAO_0000357,single protein format,Nc1ncnc2c1c(-c1cccc(O)c1)cn2C1CCNC1,,,CHEMBL1134003,Bioorg Med Chem Lett,2001,"{'bei': '19.69', 'le': '0.36', 'lle': '3.90', 'sei': '6.53'}",,CHEMBL171545,,CHEMBL171545,5.82,0,http://www.openphacts.org/units/Nanomolar,333564,=,1,1,=,,IC50,nM,,1530.0,CHEMBL203,Homo sapiens,Epidermal growth factor receptor,9606,,,IC50,uM,UO_0000065,,1.53,295.34600000000006,1.9204999999999997,6,3,88.99000000000001
,,375991,[],CHEMBL680028,Inhibition of autophosphorylation of cytoplasmic domain of epidermal growth factor receptor,B,,,BAO_0000190,BAO_0000357,single protein format,CCOc1cc2ncc(C#N)c(Nc3cccc(Br)c3)c2cc1NC(=O)/C=C/CN(C)C,,,CHEMBL1145020,J Med Chem,2003,"{'bei': '11.72', 'le': '0.25', 'lle': '0.73', 'sei': '6.42'}",,CHEMBL114728,,CHEMBL114728,5.8,0,http://www.openphacts.org/units/Nanomolar,308386,=,1,1,=,,IC50,nM,,1600.0,CHEMBL203,Homo sapiens,Epidermal growth factor receptor,9606,,,IC50,uM,UO_0000065,,1.6,494.3930000000002,5.067580000000004,6,2,90.27999999999999
,,367209,[],CHEMBL674029,Inhibition of EGF-stimulated EGFR tyrosine kinase activity using plasma membrane vesicles shed from cultured human A431 carcinoma cells,F,,,BAO_0000190,BAO_0000219,cell-based format,O=C(O)CCC1C(S)=Nc2ccccc21,,,CHEMBL1127050,J Med Chem,1993,,,CHEMBL309276,,CHEMBL309276,5.79,0,http://www.openphacts.org/units/Nanomolar,146875,=,1,1,=,,IC50,nM,,1620.0,CHEMBL203,Homo sapiens,Epidermal growth factor receptor,9606,,,IC50,uM,UO_0000065,,1.62,221.28100000000003,2.6084000000000005,2,2,49.66
,,375996,[],CHEMBL680028,Inhibition of autophosphorylation of cytoplasmic domain of epidermal growth factor receptor,B,,,BAO_0000190,BAO_0000357,single protein format,C/C=C/C(=O)Nc1ccc2ncc(C#N)c(Nc3cccc(Br)c3)c2c1,,,CHEMBL1145020,J Med Chem,2003,"{'bei': '14.22', 'le': '0.30', 'lle': '0.66', 'sei': '7.44'}",,CHEMBL326811,,CHEMBL326811,5.79,0,http://www.openphacts.org/units/Nanomolar,308380,=,1,1,=,,IC50,nM,,1620.0,CHEMBL203,Homo sapiens,Epidermal growth factor receptor,9606,,,IC50,uM,UO_0000065,,1.62,407.2710000000001,5.127180000000003,4,2,77.81
,,313235,[],CHEMBL676067,Inhibitory activity against epidermal growth factor receptor (EGFR),B,,,BAO_0000190,BAO_0000357,single protein format,COc1cc(/C=C(\C#N)C(N)=O)cc(CSc2cccc3ccccc23)c1O,,,CHEMBL1136802,J Med Chem,2003,"{'bei': '14.78', 'le': '0.28', 'lle': '1.53', 'sei': '5.99'}",,CHEMBL143212,,CHEMBL143212,5.77,0,http://www.openphacts.org/units/Nanomolar,275698,=,1,1,=,,IC50,nM,,1698.24,CHEMBL203,Homo sapiens,Epidermal growth factor receptor,9606,,,pIC50,,UO_0000065,,5.77,390.46400000000006,4.238580000000003,5,2,96.33999999999999
,,306533,[],CHEMBL676067,Inhibitory activity against epidermal growth factor receptor (EGFR),B,,,BAO_0000190,BAO_0000357,single protein format,COc1cc(/C=C(\C#N)C(N)=O)cc(CSc2ccc(C)cc2)c1O,,,CHEMBL1136802,J Med Chem,2003,"{'bei': '16.25', 'le': '0.31', 'lle': '2.37', 'sei': '5.98'}",,CHEMBL333454,,CHEMBL333454,5.76,1,http://www.openphacts.org/units/Nanomolar,275700,=,1,1,=,,IC50,nM,,1737.8,CHEMBL203,Homo sapiens,Epidermal growth factor receptor,9606,,,pIC50,,UO_0000065,,5.76,354.43100000000004,3.393800000000003,5,2,96.33999999999999
,,381554,[],CHEMBL680028,Inhibition of autophosphorylation of cytoplasmic domain of epidermal growth factor receptor,B,,,BAO_0000190,BAO_0000357,single protein format,CCN(CC)C/C=C/C(=O)Nc1cc2c(Nc3ccc(F)c(Cl)c3)c(C#N)cnc2cc1OC,,,CHEMBL1145020,J Med Chem,2003,"{'bei': '11.87', 'le': '0.23', 'lle': '0.23', 'sei': '6.33'}",,CHEMBL424252,,CHEMBL424252,5.72,0,http://www.openphacts.org/units/Nanomolar,308371,=,1,1,=,,IC50,nM,,1910.0,CHEMBL203,Homo sapiens,Epidermal growth factor receptor,9606,,,IC50,uM,UO_0000065,,1.91,481.95900000000023,5.487680000000005,6,2,90.28
,,265169,[],CHEMBL677890,Inhibitory activity against protein tyrosine kinase of Epidermal growth factor receptor was determined,B,,,BAO_0000190,BAO_0000357,single protein format,CO[C@H]1[C@@H](N(C)C(=O)c2ccccc2)C[C@@H]2O[C@@]1(C)n1c3ccccc3c3c4c(c5c6ccccc6n2c5c31)C(=O)NC4,,,CHEMBL1127758,Bioorg Med Chem Lett,1994,"{'bei': '10.03', 'le': '0.18', 'lle': '-0.19', 'sei': '7.36'}",,CHEMBL338448,,CHEMBL338448,5.72,0,http://www.openphacts.org/units/Nanomolar,249318,=,1,1,=,,IC50,nM,,1900.0,CHEMBL203,Homo sapiens,Epidermal growth factor receptor,9606,,,IC50,uM,UO_0000065,,1.9,570.6490000000002,5.906800000000007,6,1,77.72999999999999
,,143005,[],CHEMBL679549,Inhibitory activity against recombinant tyrosine kinase EGF-R (EGF-R ICD),B,,,BAO_0000190,BAO_0000357,single protein format,COc1ccc(Nc2cc3c(cc2Nc2ccccc2)C(=O)NC3=O)cc1,,,CHEMBL1127678,J Med Chem,1994,"{'bei': '15.86', 'le': '0.29', 'lle': '1.63', 'sei': '7.17'}",,CHEMBL8095,,CHEMBL8095,5.7,0,http://www.openphacts.org/units/Nanomolar,3002,=,1,1,=,,IC50,nM,,2000.0,CHEMBL203,Homo sapiens,Epidermal growth factor receptor,9606,,,IC50,uM,UO_0000065,,2.0,359.3850000000001,4.066000000000002,5,3,79.46000000000001
,,362610,[],CHEMBL674029,Inhibition of EGF-stimulated EGFR tyrosine kinase activity using plasma membrane vesicles shed from cultured human A431 carcinoma cells,F,,,BAO_0000190,BAO_0000219,cell-based format,O=CN/C=C/c1cc(O)ccc1O,,,CHEMBL1127050,J Med Chem,1993,,,CHEMBL47986,ERBSTATIN,CHEMBL47986,5.7,0,http://www.openphacts.org/units/Nanomolar,146844,=,1,1,=,,IC50,nM,,2000.0,CHEMBL203,Homo sapiens,Epidermal growth factor receptor,9606,,,IC50,uM,UO_0000065,,2.0,179.17499999999998,0.8144999999999998,3,3,69.56
,,306537,[],CHEMBL676067,Inhibitory activity against epidermal growth factor receptor (EGFR),B,,,BAO_0000190,BAO_0000357,single protein format,N#C/C(=C\c1ccc(O)c(O)c1)C(=O)Nc1ccccc1Cl,,,CHEMBL1136802,J Med Chem,2003,"{'bei': '18.05', 'le': '0.35', 'lle': '2.38', 'sei': '6.08'}",,CHEMBL56219,,CHEMBL56219,5.68,1,http://www.openphacts.org/units/Nanomolar,275719,=,1,1,=,,IC50,nM,,2089.3,CHEMBL203,Homo sapiens,Epidermal growth factor receptor,9606,,,pIC50,,UO_0000065,,5.68,314.72800000000007,3.2968800000000007,4,3,93.35
,,405888,[],CHEMBL679944,Concentration needed to inhibit the phosphorylation of a 14-residue fragment of phospholipase C-gamma1 by Epidermal growth factor receptor (prepared from human A431 carcinoma cell vesicles by immunoaffinity chromatography),B,,,BAO_0000190,BAO_0000357,single protein format,Cl.c1ccc(Nc2[nH]cnc3c4ccccc4nc2-3)cc1,,,CHEMBL1132555,J Med Chem,1999,"{'bei': '21.80', 'le': '0.39', 'lle': '1.87', 'sei': '10.59'}",,CHEMBL544640,,CHEMBL1193264,5.68,0,http://www.openphacts.org/units/Nanomolar,296371,=,1,1,=,,IC50,nM,,2110.0,CHEMBL203,Homo sapiens,Epidermal growth factor receptor,9606,,,IC50,nM,UO_0000065,,2110.0,296.7610000000001,4.228100000000002,3,2,53.6
,,463211,[],CHEMBL677878,Concentration required for inhibition of epidermal growth factor receptor (EGF-R) by tyrosine kinase enzyme activity,B,,,BAO_0000190,BAO_0000357,single protein format,CC(C)(C)OC(=O)N1CCC(n2cc(-c3cccc(O)c3)c3c(N)ncnc32)C1,,,CHEMBL1134003,Bioorg Med Chem Lett,2001,"{'bei': '14.31', 'le': '0.27', 'lle': '2.09', 'sei': '5.31'}",,CHEMBL168921,,CHEMBL168921,5.66,0,http://www.openphacts.org/units/Nanomolar,333565,=,1,1,=,,IC50,nM,,2200.0,CHEMBL203,Homo sapiens,Epidermal growth factor receptor,9606,,,IC50,uM,UO_0000065,,2.2,395.4630000000002,3.5680000000000014,7,2,106.5
,,385799,[],CHEMBL680028,Inhibition of autophosphorylation of cytoplasmic domain of epidermal growth factor receptor,B,,,BAO_0000190,BAO_0000357,single protein format,N#Cc1cnc2ccc(NC(=O)/C=C/CN3CCOCC3)cc2c1Nc1ccc(F)c(Cl)c1,,,CHEMBL1145020,J Med Chem,2003,"{'bei': '12.11', 'le': '0.23', 'lle': '1.17', 'sei': '6.25'}",,CHEMBL118000,,CHEMBL118000,5.64,0,http://www.openphacts.org/units/Nanomolar,308381,=,1,1,=,,IC50,nM,,2290.0,CHEMBL203,Homo sapiens,Epidermal growth factor receptor,9606,,,IC50,uM,UO_0000065,,2.29,465.91600000000017,4.469480000000003,6,2,90.28
,,383110,[],CHEMBL680028,Inhibition of autophosphorylation of cytoplasmic domain of epidermal growth factor receptor,B,,,BAO_0000190,BAO_0000357,single protein format,COc1cc2ncc(C#N)c(Nc3ccc(F)c(Cl)c3)c2cc1NC(=O)/C=C/CN(C)C,,,CHEMBL1145020,J Med Chem,2003,"{'bei': '12.41', 'le': '0.24', 'lle': '0.92', 'sei': '6.24'}",,CHEMBL114490,,CHEMBL114490,5.63,0,http://www.openphacts.org/units/Nanomolar,308372,=,1,1,=,,IC50,nM,,2320.0,CHEMBL203,Homo sapiens,Epidermal growth factor receptor,9606,,,IC50,uM,UO_0000065,,2.32,453.9050000000002,4.707480000000004,6,2,90.27999999999999
,,67808,[],CHEMBL674643,Inhibitory concentration of EGF dependent autophosphorylation of epidermal growth factor receptor kinase,B,,,BAO_0000190,BAO_0000357,single protein format,N#C/C(=C\c1ccc(O)c(O)c1)C(N)=S,,,CHEMBL1124610,J Med Chem,1989,"{'bei': '25.52', 'le': '0.51', 'lle': '4.33', 'sei': '6.23'}",,CHEMBL77030,TYRPHOSTIN 47,CHEMBL77030,5.62,0,http://www.openphacts.org/units/Nanomolar,137233,=,1,1,=,,IC50,nM,,2400.0,CHEMBL203,Homo sapiens,Epidermal growth factor receptor,9606,,,IC50,uM,UO_0000065,,2.4,220.253,1.2908799999999998,4,3,90.27
,,287115,[],CHEMBL677890,Inhibitory activity against protein tyrosine kinase of Epidermal growth factor receptor was determined,B,,,BAO_0000190,BAO_0000357,single protein format,COC(=O)N(C)[C@H]1C[C@@H]2O[C@](C)([C@H]1OC)n1c3ccccc3c3c4c(c5c6ccccc6n2c5c31)C(=O)NC4,,,CHEMBL1127758,Bioorg Med Chem Lett,1994,"{'bei': '10.71', 'le': '0.20', 'lle': '0.79', 'sei': '6.46'}",,CHEMBL130049,,CHEMBL130049,5.62,0,http://www.openphacts.org/units/Nanomolar,249308,=,1,1,=,,IC50,nM,,2400.0,CHEMBL203,Homo sapiens,Epidermal growth factor receptor,9606,,,IC50,uM,UO_0000065,,2.4,524.5770000000002,4.832800000000003,7,1,86.96000000000001
,,130930,[],CHEMBL679549,Inhibitory activity against recombinant tyrosine kinase EGF-R (EGF-R ICD),B,,,BAO_0000190,BAO_0000357,single protein format,Cc1ccc(Nc2cc3c(cc2Nc2ccc(C)cc2)C(=O)NC3=O)cc1,,,CHEMBL1127678,J Med Chem,1994,"{'bei': '15.67', 'le': '0.28', 'lle': '0.93', 'sei': '7.98'}",,CHEMBL7914,,CHEMBL7914,5.6,0,http://www.openphacts.org/units/Nanomolar,2994,=,1,1,=,,IC50,nM,,2500.0,CHEMBL203,Homo sapiens,Epidermal growth factor receptor,9606,,,IC50,uM,UO_0000065,,2.5,357.4130000000001,4.674240000000003,4,3,70.22999999999999
,,65265,[],CHEMBL674643,Inhibitory concentration of EGF dependent autophosphorylation of epidermal growth factor receptor kinase,B,,,BAO_0000190,BAO_0000357,single protein format,N#CC(C#N)=C(N)/C(C#N)=C/c1ccc(O)c(O)c1,,,CHEMBL1124610,J Med Chem,1989,"{'bei': '22.21', 'le': '0.40', 'lle': '4.34', 'sei': '4.06'}",,CHEMBL309334,,CHEMBL309334,5.6,0,http://www.openphacts.org/units/Nanomolar,137230,=,1,1,=,,IC50,nM,,2500.0,CHEMBL203,Homo sapiens,Epidermal growth factor receptor,9606,,,IC50,uM,UO_0000065,,2.5,252.233,1.2647399999999998,6,3,137.85
,,410355,[],CHEMBL621024,Inhibition of epidermal growth factor receptor (EGF-R) autophosphorylation in A431 cells,F,,,BAO_0000190,BAO_0000219,cell-based format,COc1cc2nccc(Oc3cccc(Br)c3)c2cc1OC,,,CHEMBL1152084,Bioorg Med Chem Lett,1997,,,CHEMBL101581,,CHEMBL101581,5.6,0,http://www.openphacts.org/units/Nanomolar,185647,=,1,1,=,,IC50,nM,,2500.0,CHEMBL203,Homo sapiens,Epidermal growth factor receptor,9606,,,IC50,uM,UO_0000065,,2.5,360.2070000000001,4.806800000000003,4,0,40.58
,,115581,[],CHEMBL679549,Inhibitory activity against recombinant tyrosine kinase EGF-R (EGF-R ICD),B,,,BAO_0000190,BAO_0000357,single protein format,O=C1NC(=O)c2cc(Nc3ccc(O)cc3)c(Nc3ccc(O)cc3)cc21,,,CHEMBL1127678,J Med Chem,1994,"{'bei': '15.50', 'le': '0.28', 'lle': '2.13', 'sei': '5.06'}",,CHEMBL267019,,CHEMBL267019,5.6,0,http://www.openphacts.org/units/Nanomolar,2993,=,1,1,=,,IC50,nM,,2500.0,CHEMBL203,Homo sapiens,Epidermal growth factor receptor,9606,,,IC50,uM,UO_0000065,,2.5,361.3570000000001,3.4686000000000003,6,5,110.69000000000001
,,332153,[],CHEMBL676067,Inhibitory activity against epidermal growth factor receptor (EGFR),B,,,BAO_0000190,BAO_0000357,single protein format,CC(NC(=O)/C(C#N)=C/c1ccc(O)c(O)c1)c1ccccc1,,,CHEMBL1136802,J Med Chem,2003,"{'bei': '18.16', 'le': '0.33', 'lle': '2.72', 'sei': '6.00'}",,CHEMBL55979,,CHEMBL55979,5.6,1,http://www.openphacts.org/units/Nanomolar,275692,=,1,1,=,,IC50,nM,,2511.89,CHEMBL203,Homo sapiens,Epidermal growth factor receptor,9606,,,pIC50,,UO_0000065,,5.6,308.337,2.8821800000000017,4,3,93.35000000000001
,,431817,[],CHEMBL677878,Concentration required for inhibition of epidermal growth factor receptor (EGF-R) by tyrosine kinase enzyme activity,B,,,BAO_0000190,BAO_0000357,single protein format,Nc1ncnc2c1c(-c1cccc(O)c1)cn2C1CCN(CCO)CC1,,,CHEMBL1134003,Bioorg Med Chem Lett,2001,"{'bei': '15.83', 'le': '0.29', 'lle': '3.58', 'sei': '5.57'}",,CHEMBL169780,,CHEMBL169780,5.59,0,http://www.openphacts.org/units/Nanomolar,333578,=,1,1,=,,IC50,nM,,2540.0,CHEMBL203,Homo sapiens,Epidermal growth factor receptor,9606,,,IC50,uM,UO_0000065,,2.54,353.4260000000002,2.0153,7,3,100.43
,,121311,[],CHEMBL679947,"Inhibition of phosphorylation of phospholipase C gamma1 by Epidermal growth factor receptor, from human A431 carcinoma cell vesicles",F,,,BAO_0000190,BAO_0000019,assay format,Clc1ncc2ncnc(Nc3ccccc3)c2n1,,,CHEMBL1130057,J Med Chem,1997,,,CHEMBL50027,,CHEMBL50027,5.59,0,http://www.openphacts.org/units/Nanomolar,89163,=,1,1,=,,IC50,nM,,2550.0,CHEMBL203,Homo sapiens,Epidermal growth factor receptor,9606,,,IC50,nM,UO_0000065,,2550.0,257.684,2.8168000000000006,5,1,63.59
,,284863,[],CHEMBL677890,Inhibitory activity against protein tyrosine kinase of Epidermal growth factor receptor was determined,B,,,BAO_0000190,BAO_0000357,single protein format,CO[C@H]1[C@@H](N(C)C(C)=O)C[C@@H]2O[C@@]1(C)n1c3ccccc3c3c4c(c5c6ccccc6n2c5c31)C(=O)NC4,,,CHEMBL1127758,Bioorg Med Chem Lett,1994,"{'bei': '10.98', 'le': '0.20', 'lle': '0.98', 'sei': '7.19'}",,CHEMBL130163,,CHEMBL130163,5.58,0,http://www.openphacts.org/units/Nanomolar,249309,=,1,1,=,,IC50,nM,,2600.0,CHEMBL203,Homo sapiens,Epidermal growth factor receptor,9606,,,IC50,uM,UO_0000065,,2.6,508.5780000000003,4.612900000000003,6,1,77.72999999999999
,,368901,[],CHEMBL680028,Inhibition of autophosphorylation of cytoplasmic domain of epidermal growth factor receptor,B,,,BAO_0000190,BAO_0000357,single protein format,CN(C)C/C=C/C(=O)Nc1cc2c(Nc3ccc(F)c(Cl)c3)c(C#N)cnc2cc1OC(F)(F)F,,,CHEMBL1145020,J Med Chem,2003,"{'bei': '10.98', 'le': '0.22', 'lle': '-0.02', 'sei': '6.18'}",,CHEMBL421047,,CHEMBL421047,5.58,0,http://www.openphacts.org/units/Nanomolar,308369,=,1,1,=,,IC50,nM,,2640.0,CHEMBL203,Homo sapiens,Epidermal growth factor receptor,9606,,,IC50,uM,UO_0000065,,2.64,507.8750000000001,5.597480000000003,6,2,90.28
,,383120,[],CHEMBL680028,Inhibition of autophosphorylation of cytoplasmic domain of epidermal growth factor receptor,B,,,BAO_0000190,BAO_0000357,single protein format,C=C(CN1CCOCC1)C(=O)Nc1ccc2ncc(C#N)c(Nc3ccc(F)c(Cl)c3)c2c1,,,CHEMBL1145020,J Med Chem,2003,"{'bei': '11.95', 'le': '0.23', 'lle': '1.10', 'sei': '6.17'}",,CHEMBL114392,,CHEMBL114392,5.57,0,http://www.openphacts.org/units/Nanomolar,308378,=,1,1,=,,IC50,nM,,2700.0,CHEMBL203,Homo sapiens,Epidermal growth factor receptor,9606,,,IC50,uM,UO_0000065,,2.7,465.9160000000002,4.469480000000003,6,2,90.28
,,454187,[],CHEMBL677878,Concentration required for inhibition of epidermal growth factor receptor (EGF-R) by tyrosine kinase enzyme activity,B,,,BAO_0000190,BAO_0000357,single protein format,Nc1ncnc2c1c(-c1ccc(O)cc1)cn2C1CCNC1,,,CHEMBL1134003,Bioorg Med Chem Lett,2001,"{'bei': '18.87', 'le': '0.35', 'lle': '3.65', 'sei': '6.26'}",,CHEMBL354033,,CHEMBL354033,5.57,0,http://www.openphacts.org/units/Nanomolar,333568,=,1,1,=,,IC50,nM,,2670.0,CHEMBL203,Homo sapiens,Epidermal growth factor receptor,9606,,,IC50,uM,UO_0000065,,2.67,295.34600000000006,1.9204999999999997,6,3,88.99000000000001
,,401417,[],CHEMBL674693,Inhibition of Epidermal growth factor receptor (EGF-R) tyrosine kinase activity ,B,,,BAO_0000190,BAO_0000357,single protein format,Nc1ncnc2c1c(-c1ccccc1)cn2C1CC(O)C1,,,CHEMBL1134829,Bioorg Med Chem Lett,2001,"{'bei': '19.80', 'le': '0.36', 'lle': '3.17', 'sei': '7.21'}",,CHEMBL168266,,CHEMBL168266,5.55,0,http://www.openphacts.org/units/Nanomolar,333377,=,1,1,=,,IC50,nM,,2820.0,CHEMBL203,Homo sapiens,Epidermal growth factor receptor,9606,,,IC50,uM,UO_0000065,,2.82,280.3310000000001,2.3763000000000005,5,2,76.96
,,394697,[],CHEMBL621024,Inhibition of epidermal growth factor receptor (EGF-R) autophosphorylation in A431 cells,F,,,BAO_0000190,BAO_0000219,cell-based format,COc1ccc(Nc2ncnc3cc(OC)c(OC)cc23)cc1OC,,,CHEMBL1152084,Bioorg Med Chem Lett,1997,,,CHEMBL100714,,CHEMBL100714,5.55,0,http://www.openphacts.org/units/Nanomolar,185638,=,1,1,=,,IC50,nM,,2800.0,CHEMBL203,Homo sapiens,Epidermal growth factor receptor,9606,,,IC50,uM,UO_0000065,,2.8,341.36700000000013,3.4078000000000017,7,1,74.73
,,353187,[],CHEMBL680028,Inhibition of autophosphorylation of cytoplasmic domain of epidermal growth factor receptor,B,,,BAO_0000190,BAO_0000357,single protein format,COc1cc(NC(=O)/C=C/CN(C)C)cc2c(Nc3cccc(Br)c3)c(C#N)cnc12,,,CHEMBL1145020,J Med Chem,2003,"{'bei': '11.53', 'le': '0.24', 'lle': '0.86', 'sei': '6.14'}",,CHEMBL116857,,CHEMBL116857,5.54,0,http://www.openphacts.org/units/Nanomolar,308384,=,1,1,=,,IC50,nM,,2880.0,CHEMBL203,Homo sapiens,Epidermal growth factor receptor,9606,,,IC50,uM,UO_0000065,,2.88,480.36600000000016,4.677480000000004,6,2,90.28
,,369989,[],CHEMBL674029,Inhibition of EGF-stimulated EGFR tyrosine kinase activity using plasma membrane vesicles shed from cultured human A431 carcinoma cells,F,,,BAO_0000190,BAO_0000219,cell-based format,Cc1ccc2c(CCC(=O)O)c(SSc3[nH]c4cc(C)ccc4c3CCC(=O)O)[nH]c2c1,,,CHEMBL1127050,J Med Chem,1993,,,CHEMBL81480,,CHEMBL81480,5.54,0,http://www.openphacts.org/units/Nanomolar,146862,=,1,1,=,,IC50,nM,,2900.0,CHEMBL203,Homo sapiens,Epidermal growth factor receptor,9606,,,IC50,uM,UO_0000065,,2.9,468.6000000000003,6.099840000000005,4,4,106.18
,,81208,[],CHEMBL674698,Inhibition of Epidermal growth factor receptor,B,,,BAO_0000190,BAO_0000357,single protein format,COc1cc(Nc2c(C#N)cnc3cc(-c4ccc(CN5CCOCC5)cc4)ccc23)c(Cl)cc1Cl,,,CHEMBL1134917,Bioorg Med Chem Lett,2002,"{'bei': '10.63', 'le': '0.21', 'lle': '-1.14', 'sei': '7.84'}",,CHEMBL322395,,CHEMBL322395,5.52,0,http://www.openphacts.org/units/Nanomolar,189216,=,1,1,=,,IC50,nM,,3000.0,CHEMBL203,Homo sapiens,Epidermal growth factor receptor,9606,,,IC50,nM,UO_0000065,,3000.0,519.4320000000004,6.664680000000005,6,1,70.41
,,321863,[],CHEMBL676067,Inhibitory activity against epidermal growth factor receptor (EGFR),B,,,BAO_0000190,BAO_0000357,single protein format,N#C/C(=C\c1ccc(O)c(O)c1)C(=O)NCc1ccc(O)cc1,,,CHEMBL1136802,J Med Chem,2003,"{'bei': '17.79', 'le': '0.33', 'lle': '3.49', 'sei': '4.86'}",,CHEMBL143805,,CHEMBL143805,5.52,0,http://www.openphacts.org/units/Nanomolar,275707,=,1,1,=,,IC50,nM,,3019.95,CHEMBL203,Homo sapiens,Epidermal growth factor receptor,9606,,,pIC50,,UO_0000065,,5.52,310.309,2.0267799999999996,5,4,113.58
,,36518,[],CHEMBL674643,Inhibitory concentration of EGF dependent autophosphorylation of epidermal growth factor receptor kinase,B,,,BAO_0000190,BAO_0000357,single protein format,N#CC(C#N)=Cc1cc(O)c(O)c(O)c1,,,CHEMBL1124610,J Med Chem,1989,"{'bei': '27.32', 'le': '0.50', 'lle': '4.29', 'sei': '5.10'}",,CHEMBL310798,TYRPHOSTIN 25,CHEMBL310798,5.52,0,http://www.openphacts.org/units/Nanomolar,137192,=,1,1,=,,IC50,nM,,3000.0,CHEMBL203,Homo sapiens,Epidermal growth factor receptor,9606,,,IC50,uM,UO_0000065,,3.0,202.16899999999998,1.2339599999999997,5,3,108.27000000000001
,,387040,[],CHEMBL674029,Inhibition of EGF-stimulated EGFR tyrosine kinase activity using plasma membrane vesicles shed from cultured human A431 carcinoma cells,F,,,BAO_0000190,BAO_0000219,cell-based format,Cn1c(SSc2c(CCC(=O)O)c3ccccc3n2C)c(CCC(=O)O)c2ccccc21,,,CHEMBL1127050,J Med Chem,1993,,,CHEMBL84143,,CHEMBL84143,5.51,0,http://www.openphacts.org/units/Nanomolar,146847,=,1,1,=,,IC50,nM,,3100.0,CHEMBL203,Homo sapiens,Epidermal growth factor receptor,9606,,,IC50,uM,UO_0000065,,3.1,468.60000000000025,5.503800000000004,6,2,84.46000000000001
,,62149,[],CHEMBL679674,Inhibition of Epidermal growth factor receptor,B,,,BAO_0000190,BAO_0000357,single protein format,Nc1ncnc2c1c(-c1ccc(Oc3ccccc3)cc1)cn2C1CCCC1,,,CHEMBL1132739,Bioorg Med Chem Lett,2000,"{'bei': '14.83', 'le': '0.27', 'lle': '-0.10', 'sei': '8.33'}",,CHEMBL47940,,CHEMBL47940,5.5,0,http://www.openphacts.org/units/Nanomolar,120768,=,1,1,=,,IC50,nM,,3200.0,CHEMBL203,Homo sapiens,Epidermal growth factor receptor,9606,,,IC50,uM,UO_0000065,,3.2,370.4560000000002,5.587900000000003,5,1,65.96000000000001
,,401413,[],CHEMBL674693,Inhibition of Epidermal growth factor receptor (EGF-R) tyrosine kinase activity ,B,,,BAO_0000190,BAO_0000357,single protein format,COc1ccc(CC(CO)n2cc(-c3cccc(O)c3)c3c(N)ncnc32)cc1,,,CHEMBL1134829,Bioorg Med Chem Lett,2001,"{'bei': '14.01', 'le': '0.26', 'lle': '2.30', 'sei': '5.14'}",,CHEMBL169467,,CHEMBL169467,5.47,0,http://www.openphacts.org/units/Nanomolar,333380,=,1,1,=,,IC50,nM,,3400.0,CHEMBL203,Homo sapiens,Epidermal growth factor receptor,9606,,,IC50,uM,UO_0000065,,3.4,390.44300000000015,3.1708000000000007,7,3,106.42
,,330795,[],CHEMBL676067,Inhibitory activity against epidermal growth factor receptor (EGFR),B,,,BAO_0000190,BAO_0000357,single protein format,COc1cc(/C=C(\C#N)C(N)=O)cc(CSc2ccccn2)c1O,,,CHEMBL1136802,J Med Chem,2003,"{'bei': '16.02', 'le': '0.31', 'lle': '2.99', 'sei': '5.01'}",,CHEMBL119156,,CHEMBL119156,5.47,1,http://www.openphacts.org/units/Nanomolar,275722,=,1,1,=,,IC50,nM,,3388.44,CHEMBL203,Homo sapiens,Epidermal growth factor receptor,9606,,,pIC50,,UO_0000065,,5.47,341.392,2.4803800000000016,6,2,109.22999999999999
,,288447,[],CHEMBL677890,Inhibitory activity against protein tyrosine kinase of Epidermal growth factor receptor was determined,B,,,BAO_0000190,BAO_0000357,single protein format,CO[C@H]1[C@@H](N(C)C(=O)CNC(=O)OC(C)(C)C)C[C@@H]2O[C@@]1(C)n1c3ccccc3c3c4c(c5c6ccccc6n2c5c31)C(=O)NC4,,,CHEMBL1127758,Bioorg Med Chem Lett,1994,"{'bei': '8.75', 'le': '0.16', 'lle': '0.34', 'sei': '4.70'}",,CHEMBL335931,,CHEMBL335931,5.46,0,http://www.openphacts.org/units/Nanomolar,249304,=,1,1,=,,IC50,nM,,3500.0,CHEMBL203,Homo sapiens,Epidermal growth factor receptor,9606,,,IC50,uM,UO_0000065,,3.5,623.71,5.117700000000004,8,2,116.06
,,331168,[],CHEMBL677206,Inhibition of epidermal growth factor receptor (EGFr),B,,,BAO_0000190,BAO_0000357,single protein format,Cn1c([Se][Se]c2c(C(=O)O)c3ccccc3n2C)c(C(=O)O)c2ccccc21,,,CHEMBL1129933,J Med Chem,1997,"{'bei': '10.78', 'le': None, 'lle': None, 'sei': None}",,CHEMBL334915,,CHEMBL334915,5.46,0,http://www.openphacts.org/units/Nanomolar,259286,=,1,1,=,,IC50,nM,,3500.0,CHEMBL203,Homo sapiens,Epidermal growth factor receptor,9606,,,IC50,uM,UO_0000065,,3.5,506.2780000000002,1.3405999999999996,4,2,84.46000000000001
,,280108,[],CHEMBL677890,Inhibitory activity against protein tyrosine kinase of Epidermal growth factor receptor was determined,B,,,BAO_0000190,BAO_0000357,single protein format,COc1ccc(C(=O)N(C)[C@H]2C[C@@H]3O[C@](C)([C@H]2OC)n2c4ccccc4c4c5c(c6c7ccccc7n3c6c42)C(=O)NC5)cc1,,,CHEMBL1127758,Bioorg Med Chem Lett,1994,"{'bei': '9.06', 'le': '0.17', 'lle': '-0.48', 'sei': '6.26'}",,CHEMBL132169,,CHEMBL132169,5.44,0,http://www.openphacts.org/units/Nanomolar,249294,=,1,1,=,,IC50,nM,,3600.0,CHEMBL203,Homo sapiens,Epidermal growth factor receptor,9606,,,IC50,uM,UO_0000065,,3.6,600.6750000000002,5.915400000000006,7,1,86.96000000000001
,,139395,[],CHEMBL677391,Inhibition of tyrosine phosphorylation activity of the epidermal growth factor receptor (EGFR) tyrosine kinase from human A-431 carcinoma cell-shed membrane vesicles,B,,,BAO_0000190,BAO_0000019,assay format,COc1ccc2c(C(=O)Nc3ccccc3)c(SSc3c(C(=O)Nc4ccccc4)c4ccc(OC)cc4n3C)n(C)c2c1,,,CHEMBL1127560,J Med Chem,1994,"{'bei': '8.74', 'le': '0.17', 'lle': '-2.55', 'sei': '6.29'}",,CHEMBL60472,,CHEMBL60472,5.44,0,http://www.openphacts.org/units/Nanomolar,109036,=,1,1,=,,IC50,nM,,3600.0,CHEMBL203,Homo sapiens,Epidermal growth factor receptor,9606,,,IC50,uM,UO_0000065,,3.6,622.772,7.991200000000006,8,2,86.52000000000001
,,368896,[],CHEMBL680028,Inhibition of autophosphorylation of cytoplasmic domain of epidermal growth factor receptor,B,,,BAO_0000190,BAO_0000357,single protein format,COc1cc2ncc(C#N)c(Nc3cccc(Br)c3)c2cc1NC(=O)/C=C/CN1CCOCC1,,,CHEMBL1145020,J Med Chem,2003,"{'bei': '10.37', 'le': '0.22', 'lle': '0.97', 'sei': '5.44'}",,CHEMBL332497,,CHEMBL332497,5.42,0,http://www.openphacts.org/units/Nanomolar,308387,=,1,1,=,,IC50,nM,,3830.0,CHEMBL203,Homo sapiens,Epidermal growth factor receptor,9606,,,IC50,uM,UO_0000065,,3.83,522.4030000000002,4.448080000000003,7,2,99.50999999999999
,,396600,[],CHEMBL679944,Concentration needed to inhibit the phosphorylation of a 14-residue fragment of phospholipase C-gamma1 by Epidermal growth factor receptor (prepared from human A431 carcinoma cell vesicles by immunoaffinity chromatography),B,,,BAO_0000190,BAO_0000357,single protein format,CCN(CC)CCn1c2ccccc2c2c(Nc3cccc(Br)c3)ncnc21,,,CHEMBL1132555,J Med Chem,1999,"{'bei': '12.29', 'le': '0.26', 'lle': '-0.04', 'sei': '11.72'}",,CHEMBL448730,,CHEMBL448730,5.39,0,http://www.openphacts.org/units/Nanomolar,296360,=,1,1,=,,IC50,nM,,4100.0,CHEMBL203,Homo sapiens,Epidermal growth factor receptor,9606,,,IC50,nM,UO_0000065,,4100.0,438.3730000000001,5.432400000000005,5,1,45.980000000000004
,,379779,[],CHEMBL674029,Inhibition of EGF-stimulated EGFR tyrosine kinase activity using plasma membrane vesicles shed from cultured human A431 carcinoma cells,F,,,BAO_0000190,BAO_0000219,cell-based format,O=C(O)CCc1c(SSc2[nH]c3ccccc3c2CCC(=O)O)[nH]c2ccccc12,,,CHEMBL1127050,J Med Chem,1993,,,CHEMBL79704,,CHEMBL79704,5.38,0,http://www.openphacts.org/units/Nanomolar,146856,=,1,1,=,,IC50,nM,,4200.0,CHEMBL203,Homo sapiens,Epidermal growth factor receptor,9606,,,IC50,uM,UO_0000065,,4.2,440.5460000000003,5.483000000000003,4,4,106.18
,,135765,[],CHEMBL677391,Inhibition of tyrosine phosphorylation activity of the epidermal growth factor receptor (EGFR) tyrosine kinase from human A-431 carcinoma cell-shed membrane vesicles,B,,,BAO_0000190,BAO_0000019,assay format,Cn1c(SSc2c(C(=O)Nc3ccccc3)c3cc(Cl)ccc3n2C)c(C(=O)Nc2ccccc2)c2cc(Cl)ccc21,,,CHEMBL1127560,J Med Chem,1994,"{'bei': '8.50', 'le': '0.17', 'lle': '-3.91', 'sei': '7.89'}",,CHEMBL293889,,CHEMBL293889,5.37,0,http://www.openphacts.org/units/Nanomolar,109055,=,1,1,=,,IC50,nM,,4300.0,CHEMBL203,Homo sapiens,Epidermal growth factor receptor,9606,,,IC50,uM,UO_0000065,,4.3,631.6100000000001,9.280799999999996,6,2,68.06
,,418074,[],CHEMBL679944,Concentration needed to inhibit the phosphorylation of a 14-residue fragment of phospholipase C-gamma1 by Epidermal growth factor receptor (prepared from human A431 carcinoma cell vesicles by immunoaffinity chromatography),B,,,BAO_0000190,BAO_0000357,single protein format,CCN(CC)CCn1c2ccc(OC)cc2c2c(Nc3cccc(Br)c3)ncnc21,,,CHEMBL1132555,J Med Chem,1999,"{'bei': '11.46', 'le': '0.24', 'lle': '-0.07', 'sei': '9.73'}",,CHEMBL153518,,CHEMBL153518,5.37,0,http://www.openphacts.org/units/Nanomolar,296404,=,1,1,=,,IC50,nM,,4270.0,CHEMBL203,Homo sapiens,Epidermal growth factor receptor,9606,,,IC50,nM,UO_0000065,,4270.0,468.39900000000006,5.441000000000005,6,1,55.21
,,144667,[],CHEMBL680019,Inhibitory concentration was evaluated against epidermal growth factor receptor (EGFr) tyrosine kinase,B,,,BAO_0000190,BAO_0000357,single protein format,CCCCNc1ncc2cc(-c3c(Cl)cccc3Cl)c(=O)n(C)c2n1,,,CHEMBL1131066,J Med Chem,1998,"{'bei': '14.20', 'le': '0.29', 'lle': '0.85', 'sei': '8.96'}",,CHEMBL332269,,CHEMBL332269,5.36,0,http://www.openphacts.org/units/Nanomolar,210150,=,1,1,=,,IC50,nM,,4400.0,CHEMBL203,Homo sapiens,Epidermal growth factor receptor,9606,,,IC50,uM,UO_0000065,,4.4,377.27500000000015,4.514300000000003,5,1,59.81
,,323335,[],CHEMBL676067,Inhibitory activity against epidermal growth factor receptor (EGFR),B,,,BAO_0000190,BAO_0000357,single protein format,N#C/C(=C\c1ccc(O)c(O)c1)C(N)=O,,,CHEMBL1136802,J Med Chem,2003,"{'bei': '26.20', 'le': '0.49', 'lle': '4.86', 'sei': '4.98'}",,CHEMBL296407,,CHEMBL296407,5.35,1,http://www.openphacts.org/units/Nanomolar,275705,=,1,1,=,,IC50,nM,,4466.84,CHEMBL203,Homo sapiens,Epidermal growth factor receptor,9606,,,pIC50,,UO_0000065,,5.35,204.18499999999997,0.4900799999999999,4,3,107.34
,,113789,[],CHEMBL680019,Inhibitory concentration was evaluated against epidermal growth factor receptor (EGFr) tyrosine kinase,B,,,BAO_0000190,BAO_0000357,single protein format,CN1CCN(CCCCCNc2ncc3cc(-c4c(Cl)cccc4Cl)c(=O)n(C)c3n2)CC1,,,CHEMBL1131066,J Med Chem,1998,"{'bei': '10.92', 'le': '0.22', 'lle': '1.22', 'sei': '8.07'}",,CHEMBL106232,,CHEMBL106232,5.35,0,http://www.openphacts.org/units/Nanomolar,210159,=,1,1,=,,IC50,nM,,4500.0,CHEMBL203,Homo sapiens,Epidermal growth factor receptor,9606,,,IC50,uM,UO_0000065,,4.5,489.4510000000003,4.131900000000003,7,1,66.28999999999999
,,141071,[],CHEMBL680019,Inhibitory concentration was evaluated against epidermal growth factor receptor (EGFr) tyrosine kinase,B,,,BAO_0000190,BAO_0000357,single protein format,CCNc1ncc2cc(-c3c(Cl)cccc3Cl)c(=O)n(C)c2n1,,,CHEMBL1131066,J Med Chem,1998,"{'bei': '15.31', 'le': '0.32', 'lle': '1.62', 'sei': '8.94'}",,CHEMBL109296,,CHEMBL109296,5.35,0,http://www.openphacts.org/units/Nanomolar,210152,=,1,1,=,,IC50,nM,,4500.0,CHEMBL203,Homo sapiens,Epidermal growth factor receptor,9606,,,IC50,uM,UO_0000065,,4.5,349.22100000000006,3.7341000000000015,5,1,59.81
,,294648,[],CHEMBL677890,Inhibitory activity against protein tyrosine kinase of Epidermal growth factor receptor was determined,B,,,BAO_0000190,BAO_0000357,single protein format,CO[C@H]1[C@@H](N(C)C(=O)c2cccc(Cl)c2)C[C@@H]2O[C@@]1(C)n1c3ccccc3c3c4c(c5c6ccccc6n2c5c31)C(=O)NC4,,,CHEMBL1127758,Bioorg Med Chem Lett,1994,"{'bei': '8.82', 'le': '0.17', 'lle': '-1.22', 'sei': '6.87'}",,CHEMBL338944,,CHEMBL338944,5.34,0,http://www.openphacts.org/units/Nanomolar,249313,=,1,1,=,,IC50,nM,,4600.0,CHEMBL203,Homo sapiens,Epidermal growth factor receptor,9606,,,IC50,uM,UO_0000065,,4.6,605.0940000000002,6.560200000000006,6,1,77.72999999999999
,,329906,[],CHEMBL677206,Inhibition of epidermal growth factor receptor (EGFr),B,,,BAO_0000190,BAO_0000357,single protein format,CCN(CC)CCNC(=O)c1c([Se][Se]c2[nH]c3ccccc3c2C(=O)NCCN(CC)CC)[nH]c2ccccc12,,,CHEMBL1129933,J Med Chem,1997,"{'bei': '7.91', 'le': None, 'lle': None, 'sei': None}",,CHEMBL135577,,CHEMBL135577,5.34,0,http://www.openphacts.org/units/Nanomolar,259291,=,1,1,=,,IC50,nM,,4600.0,CHEMBL203,Homo sapiens,Epidermal growth factor receptor,9606,,,IC50,uM,UO_0000065,,4.6,674.6099999999999,2.066600000000003,4,4,96.25999999999999
,,271596,[],CHEMBL677890,Inhibitory activity against protein tyrosine kinase of Epidermal growth factor receptor was determined,B,,,BAO_0000190,BAO_0000357,single protein format,CO[C@H]1[C@@H](N(C)C(=O)c2ccccc2Cl)C[C@@H]2O[C@@]1(C)n1c3ccccc3c3c4c(c5c6ccccc6n2c5c31)C(=O)NC4,,,CHEMBL1127758,Bioorg Med Chem Lett,1994,"{'bei': '8.81', 'le': '0.17', 'lle': '-1.23', 'sei': '6.85'}",,CHEMBL131590,,CHEMBL131590,5.33,0,http://www.openphacts.org/units/Nanomolar,249314,=,1,1,=,,IC50,nM,,4700.0,CHEMBL203,Homo sapiens,Epidermal growth factor receptor,9606,,,IC50,uM,UO_0000065,,4.7,605.0940000000002,6.560200000000006,6,1,77.72999999999999
,,317294,[],CHEMBL677206,Inhibition of epidermal growth factor receptor (EGFr),B,,,BAO_0000190,BAO_0000357,single protein format,CCN(CC)CCNC(=O)c1c([Se][Se]c2c(C(=O)NCCN(CC)CC)c3ccccc3n2C)n(C)c2ccccc12,,,CHEMBL1129933,J Med Chem,1997,"{'bei': '7.58', 'le': None, 'lle': None, 'sei': None}",,CHEMBL263666,,CHEMBL263666,5.33,0,http://www.openphacts.org/units/Nanomolar,259288,=,1,1,=,,IC50,nM,,4700.0,CHEMBL203,Homo sapiens,Epidermal growth factor receptor,9606,,,IC50,uM,UO_0000065,,4.7,702.6640000000001,2.0874000000000037,6,2,74.54000000000002
,,302246,[],CHEMBL677890,Inhibitory activity against protein tyrosine kinase of Epidermal growth factor receptor was determined,B,,,BAO_0000190,BAO_0000357,single protein format,CO[C@H]1[C@@H](N(C)C(=O)c2cccc([N+](=O)[O-])c2)C[C@@H]2O[C@@]1(C)n1c3ccccc3c3c4c(c5c6ccccc6n2c5c31)C(=O)NC4,,,CHEMBL1127758,Bioorg Med Chem Lett,1994,"{'bei': '8.64', 'le': '0.16', 'lle': '-0.50', 'sei': '4.40'}",,CHEMBL130208,,CHEMBL130208,5.32,0,http://www.openphacts.org/units/Nanomolar,249311,=,1,1,=,,IC50,nM,,4800.0,CHEMBL203,Homo sapiens,Epidermal growth factor receptor,9606,,,IC50,uM,UO_0000065,,4.8,615.6460000000001,5.815000000000007,8,1,120.87
,,347659,[],CHEMBL680028,Inhibition of autophosphorylation of cytoplasmic domain of epidermal growth factor receptor,B,,,BAO_0000190,BAO_0000357,single protein format,CCN(CC)C(C)/C=C/C(=O)Nc1cc2c(Nc3ccc(F)c(Cl)c3)c(C#N)cnc2cc1OC,,,CHEMBL1145020,J Med Chem,2003,"{'bei': '10.72', 'le': '0.21', 'lle': '-0.56', 'sei': '5.89'}",,CHEMBL325156,,CHEMBL325156,5.32,0,http://www.openphacts.org/units/Nanomolar,308367,=,1,1,=,,IC50,nM,,4840.0,CHEMBL203,Homo sapiens,Epidermal growth factor receptor,9606,,,IC50,uM,UO_0000065,,4.84,495.98600000000016,5.876180000000006,6,2,90.28
,,136429,[],CHEMBL680019,Inhibitory concentration was evaluated against epidermal growth factor receptor (EGFr) tyrosine kinase,B,,,BAO_0000190,BAO_0000357,single protein format,Cn1c(=O)c(-c2c(Cl)cccc2Cl)cc2cnc(NCc3ccccn3)nc21,,,CHEMBL1131066,J Med Chem,1998,,,CHEMBL326041,,CHEMBL326041,5.301029995663981,0,http://www.openphacts.org/units/Nanomolar,210176,>,1,1,>,,IC50,nM,,5000.0,CHEMBL203,Homo sapiens,Epidermal growth factor receptor,9606,,,IC50,uM,UO_0000065,,5.0,412.28000000000014,4.309400000000003,6,1,72.7
,,139965,[],CHEMBL680019,Inhibitory concentration was evaluated against epidermal growth factor receptor (EGFr) tyrosine kinase,B,,,BAO_0000190,BAO_0000357,single protein format,Cn1c(=O)c(-c2c(Cl)cccc2Cl)cc2cnc(NCCc3ccccn3)nc21,,,CHEMBL1131066,J Med Chem,1998,,,CHEMBL323699,,CHEMBL323699,5.301029995663981,0,http://www.openphacts.org/units/Nanomolar,210174,>,1,1,>,,IC50,nM,,5000.0,CHEMBL203,Homo sapiens,Epidermal growth factor receptor,9606,,,IC50,uM,UO_0000065,,5.0,426.3070000000002,4.351900000000003,6,1,72.7
,,131441,[],CHEMBL680019,Inhibitory concentration was evaluated against epidermal growth factor receptor (EGFr) tyrosine kinase,B,,,BAO_0000190,BAO_0000357,single protein format,Cn1c(=O)c(-c2c(Cl)cccc2Cl)cc2cnc(NCCO)nc21,,,CHEMBL1131066,J Med Chem,1998,,,CHEMBL111618,,CHEMBL111618,5.301029995663981,0,http://www.openphacts.org/units/Nanomolar,210166,>,1,1,>,,IC50,nM,,5000.0,CHEMBL203,Homo sapiens,Epidermal growth factor receptor,9606,,,IC50,uM,UO_0000065,,5.0,365.22000000000014,2.7065000000000006,6,2,80.04
,,119922,[],CHEMBL680019,Inhibitory concentration was evaluated against epidermal growth factor receptor (EGFr) tyrosine kinase,B,,,BAO_0000190,BAO_0000357,single protein format,CC(C)Nc1ncc2cc(-c3c(Cl)cccc3Cl)c(=O)n(C)c2n1,,,CHEMBL1131066,J Med Chem,1998,,,CHEMBL109759,,CHEMBL109759,5.301029995663981,0,http://www.openphacts.org/units/Nanomolar,210151,>,1,1,>,,IC50,nM,,5000.0,CHEMBL203,Homo sapiens,Epidermal growth factor receptor,9606,,,IC50,uM,UO_0000065,,5.0,363.2480000000001,4.122600000000003,5,1,59.81
,,136433,[],CHEMBL680019,Inhibitory concentration was evaluated against epidermal growth factor receptor (EGFr) tyrosine kinase,B,,,BAO_0000190,BAO_0000357,single protein format,Cn1c(=O)c(-c2c(Cl)cccc2Cl)cc2cnc(Nc3ccc(Cl)cc3)nc21,,,CHEMBL1131066,J Med Chem,1998,,,CHEMBL111247,,CHEMBL111247,5.301029995663981,0,http://www.openphacts.org/units/Nanomolar,210194,>,1,1,>,,IC50,nM,,5000.0,CHEMBL203,Homo sapiens,Epidermal growth factor receptor,9606,,,IC50,uM,UO_0000065,,5.0,431.71000000000015,5.699300000000003,5,1,59.81
,,112448,[],CHEMBL680019,Inhibitory concentration was evaluated against epidermal growth factor receptor (EGFr) tyrosine kinase,B,,,BAO_0000190,BAO_0000357,single protein format,Cn1c(=O)c(-c2c(Cl)cccc2Cl)cc2cnc(NCc3cccnc3)nc21,,,CHEMBL1131066,J Med Chem,1998,,,CHEMBL110034,,CHEMBL110034,5.301029995663981,0,http://www.openphacts.org/units/Nanomolar,210175,>,1,1,>,,IC50,nM,,5000.0,CHEMBL203,Homo sapiens,Epidermal growth factor receptor,9606,,,IC50,uM,UO_0000065,,5.0,412.28000000000014,4.309400000000003,6,1,72.7
,,128843,[],CHEMBL680019,Inhibitory concentration was evaluated against epidermal growth factor receptor (EGFr) tyrosine kinase,B,,,BAO_0000190,BAO_0000357,single protein format,Cn1c(=O)c(-c2c(Cl)cccc2Cl)cc2cnc(NCCCN3CCOCC3)nc21,,,CHEMBL1131066,J Med Chem,1998,,,CHEMBL48172,,CHEMBL48172,5.301029995663981,0,http://www.openphacts.org/units/Nanomolar,210162,>,1,1,>,,IC50,nM,,5000.0,CHEMBL203,Homo sapiens,Epidermal growth factor receptor,9606,,,IC50,uM,UO_0000065,,5.0,448.3540000000004,3.4365000000000014,7,1,72.28
,,118168,[],CHEMBL677391,Inhibition of tyrosine phosphorylation activity of the epidermal growth factor receptor (EGFR) tyrosine kinase from human A-431 carcinoma cell-shed membrane vesicles,B,,,BAO_0000190,BAO_0000019,assay format,Cn1c(SSc2c(C(=O)Nc3ccccc3)c3cc([N+](=O)[O-])ccc3n2C)c(C(=O)Nc2ccccc2)c2cc([N+](=O)[O-])ccc21,,,CHEMBL1127560,J Med Chem,1994,"{'bei': '8.12', 'le': '0.16', 'lle': '-2.49', 'sei': '3.43'}",,CHEMBL64430,,CHEMBL64430,5.3,0,http://www.openphacts.org/units/Nanomolar,109039,=,1,1,=,,IC50,nM,,5000.0,CHEMBL203,Homo sapiens,Epidermal growth factor receptor,9606,,,IC50,uM,UO_0000065,,5.0,652.7140000000003,7.790400000000005,10,2,154.34
,,321859,[],CHEMBL676067,Inhibitory activity against epidermal growth factor receptor (EGFR),B,,,BAO_0000190,BAO_0000357,single protein format,N#C/C(=C\c1ccc(O)c(O)c1)C(=O)c1ccc(O)c(O)c1,,,CHEMBL1136802,J Med Chem,2003,"{'bei': '17.83', 'le': '0.33', 'lle': '3.00', 'sei': '4.35'}",,CHEMBL56393,,CHEMBL56393,5.3,1,http://www.openphacts.org/units/Nanomolar,275686,=,1,1,=,,IC50,nM,,5011.87,CHEMBL203,Homo sapiens,Epidermal growth factor receptor,9606,,,pIC50,,UO_0000065,,5.3,297.266,2.2988800000000005,6,4,121.78
,,314556,[],CHEMBL676067,Inhibitory activity against epidermal growth factor receptor (EGFR),B,,,BAO_0000190,BAO_0000357,single protein format,N#C/C(=C\c1ccc(O)c(O)c1)C(=O)NCCCCc1ccccc1,,,CHEMBL1136802,J Med Chem,2003,"{'bei': '15.76', 'le': '0.29', 'lle': '2.16', 'sei': '5.68'}",,CHEMBL440298,,CHEMBL440298,5.3,1,http://www.openphacts.org/units/Nanomolar,275689,=,1,1,=,,IC50,nM,,5011.87,CHEMBL203,Homo sapiens,Epidermal growth factor receptor,9606,,,pIC50,,UO_0000065,,5.3,336.391,3.143880000000001,4,3,93.35
,,340143,[],CHEMBL676067,Inhibitory activity against epidermal growth factor receptor (EGFR),B,,,BAO_0000190,BAO_0000357,single protein format,N#C/C(=C\c1ccc(O)c(O)c1)C(=O)c1ccc(F)cc1,,,CHEMBL1136802,J Med Chem,2003,"{'bei': '18.68', 'le': '0.34', 'lle': '2.26', 'sei': '6.51'}",,CHEMBL55204,,CHEMBL55204,5.29,1,http://www.openphacts.org/units/Nanomolar,275731,=,1,1,=,,IC50,nM,,5128.61,CHEMBL203,Homo sapiens,Epidermal growth factor receptor,9606,,,pIC50,,UO_0000065,,5.29,283.258,3.0267800000000014,4,2,81.32
,,33406,[],CHEMBL674637,Inhibitory activity towards tyrosine phosphorylation for the epidermal growth factor-receptor kinase,B,,,BAO_0000190,BAO_0000357,single protein format,Cc1cc(C(=O)NCCN2CCOCC2)[nH]c1/C=C1\C(=O)N(C)c2ncnc(Nc3ccc(F)c(Cl)c3)c21,,,CHEMBL1134862,Bioorg Med Chem Lett,2002,"{'bei': '9.77', 'le': '0.19', 'lle': '2.04', 'sei': '4.57'}",,CHEMBL443268,,CHEMBL443268,5.28,0,http://www.openphacts.org/units/Nanomolar,119495,=,1,1,=,,IC50,nM,,5310.0,CHEMBL203,Homo sapiens,Epidermal growth factor receptor,9606,,,IC50,uM,UO_0000065,,5.31,539.9990000000001,3.228220000000002,7,3,115.48
,,306539,[],CHEMBL676067,Inhibitory activity against epidermal growth factor receptor (EGFR),B,,,BAO_0000190,BAO_0000357,single protein format,COc1cc(/C=C(\C#N)C(N)=O)cc(CSc2nc3ccccc3o2)c1O,,,CHEMBL1136802,J Med Chem,2003,"{'bei': '13.84', 'le': '0.27', 'lle': '2.05', 'sei': '4.31'}",,CHEMBL118205,,CHEMBL118205,5.28,1,http://www.openphacts.org/units/Nanomolar,275716,=,1,1,=,,IC50,nM,,5248.07,CHEMBL203,Homo sapiens,Epidermal growth factor receptor,9606,,,pIC50,,UO_0000065,,5.28,381.41300000000007,3.2265800000000016,7,2,122.36999999999999
,,368906,[],CHEMBL680028,Inhibition of autophosphorylation of cytoplasmic domain of epidermal growth factor receptor,B,,,BAO_0000190,BAO_0000357,single protein format,COc1cc2ncc(C#N)c(Nc3ccc(F)c(Cl)c3)c2cc1NC(=O)/C=C/C(C)N(C)C,,,CHEMBL1145020,J Med Chem,2003,"{'bei': '11.29', 'le': '0.22', 'lle': '0.18', 'sei': '5.85'}",,CHEMBL113901,,CHEMBL113901,5.28,0,http://www.openphacts.org/units/Nanomolar,308368,=,1,1,=,,IC50,nM,,5220.0,CHEMBL203,Homo sapiens,Epidermal growth factor receptor,9606,,,IC50,uM,UO_0000065,,5.22,467.9320000000002,5.095980000000004,6,2,90.27999999999999
,,127175,[],CHEMBL677391,Inhibition of tyrosine phosphorylation activity of the epidermal growth factor receptor (EGFR) tyrosine kinase from human A-431 carcinoma cell-shed membrane vesicles,B,,,BAO_0000190,BAO_0000019,assay format,CC(=O)Oc1ccc2c(c1)c(C(=O)Nc1ccccc1)c(SSc1c(C(=O)Nc3ccccc3)c3cc(OC(C)=O)ccc3n1C)n2C,,,CHEMBL1127560,J Med Chem,1994,"{'bei': '7.77', 'le': '0.15', 'lle': '-2.54', 'sei': '4.37'}",,CHEMBL61119,,CHEMBL61119,5.28,0,http://www.openphacts.org/units/Nanomolar,109053,=,1,1,=,,IC50,nM,,5300.0,CHEMBL203,Homo sapiens,Epidermal growth factor receptor,9606,,,IC50,uM,UO_0000065,,5.3,678.792,7.824600000000006,10,2,120.66000000000003
,,362980,[],CHEMBL680028,Inhibition of autophosphorylation of cytoplasmic domain of epidermal growth factor receptor,B,,,BAO_0000190,BAO_0000357,single protein format,COc1cc(NC(=O)/C=C/CN2CCOCC2)cc2c(Nc3cccc(Br)c3)c(C#N)cnc12,,,CHEMBL1145020,J Med Chem,2003,"{'bei': '10.09', 'le': '0.21', 'lle': '0.82', 'sei': '5.29'}",,CHEMBL113985,,CHEMBL113985,5.27,0,http://www.openphacts.org/units/Nanomolar,308383,=,1,1,=,,IC50,nM,,5390.0,CHEMBL203,Homo sapiens,Epidermal growth factor receptor,9606,,,IC50,uM,UO_0000065,,5.39,522.4030000000001,4.448080000000003,7,2,99.51
,,278588,[],CHEMBL675380,Inhibition of epidermal growth factor receptor (EGFr) tyrosine kinase,B,,,BAO_0000190,BAO_0000357,single protein format,CC(C)(C)NC(=O)Nc1nc2nc(N)ncc2cc1-c1ccccc1,,,CHEMBL1130094,J Med Chem,1997,"{'bei': '15.63', 'le': '0.29', 'lle': '2.07', 'sei': '4.97'}",,CHEMBL76599,,CHEMBL76599,5.26,0,http://www.openphacts.org/units/Nanomolar,133210,=,1,1,=,,IC50,nM,,5530.0,CHEMBL203,Homo sapiens,Epidermal growth factor receptor,9606,,,IC50,uM,UO_0000065,,5.53,336.39900000000006,3.194000000000001,5,3,105.82
,,189002,[],CHEMBL677389,Inhibition of the phosphorylation of a random polyglutamic acid/tyrosine copolymer by human epidermal growth factor receptor(EGFR) prepared from human A431 carcinoma cells,B,,,BAO_0000190,BAO_0000219,cell-based format,Brc1cccc(Nc2ccnc3ccccc23)c1,,,CHEMBL1130030,J Med Chem,1997,"{'bei': '17.58', 'le': '0.40', 'lle': '0.52', 'sei': '21.11'}",,CHEMBL37346,,CHEMBL37346,5.26,1,http://www.openphacts.org/units/Nanomolar,60205,=,1,1,=,,IC50,nM,,5500.0,CHEMBL203,Homo sapiens,Epidermal growth factor receptor,9606,,,IC50,nM,UO_0000065,,5500.0,299.17100000000005,4.740900000000003,2,1,24.92
,,132779,[],CHEMBL680019,Inhibitory concentration was evaluated against epidermal growth factor receptor (EGFr) tyrosine kinase,B,,,BAO_0000190,BAO_0000357,single protein format,Cn1c(=O)c(-c2c(Cl)cccc2Cl)cc2cnc(N)nc21,,,CHEMBL1131066,J Med Chem,1998,"{'bei': '16.35', 'le': '0.34', 'lle': '2.37', 'sei': '7.12'}",,CHEMBL49596,,CHEMBL49596,5.25,1,http://www.openphacts.org/units/Nanomolar,210157,=,1,1,=,,IC50,nM,,5600.0,CHEMBL203,Homo sapiens,Epidermal growth factor receptor,9606,,,IC50,uM,UO_0000065,,5.6,321.1670000000001,2.8845,5,1,73.8
,,311905,[],CHEMBL676067,Inhibitory activity against epidermal growth factor receptor (EGFR),B,,,BAO_0000190,BAO_0000357,single protein format,N#C/C(=C\c1ccc(O)c(O)c1)C(=O)NC1CCCCC1,,,CHEMBL1136802,J Med Chem,2003,"{'bei': '18.27', 'le': '0.34', 'lle': '2.78', 'sei': '5.60'}",,CHEMBL417941,,CHEMBL417941,5.23,1,http://www.openphacts.org/units/Nanomolar,275694,=,1,1,=,,IC50,nM,,5888.44,CHEMBL203,Homo sapiens,Epidermal growth factor receptor,9606,,,pIC50,,UO_0000065,,5.23,286.3310000000001,2.4536800000000003,4,3,93.35
,,54990,[],CHEMBL674643,Inhibitory concentration of EGF dependent autophosphorylation of epidermal growth factor receptor kinase,B,,,BAO_0000190,BAO_0000357,single protein format,COc1cc(C=C(C#N)C#N)cc(O)c1O,,,CHEMBL1124610,J Med Chem,1989,"{'bei': '24.15', 'le': '0.45', 'lle': '3.68', 'sei': '5.37'}",,CHEMBL80155,,CHEMBL80155,5.22,0,http://www.openphacts.org/units/Nanomolar,137193,=,1,1,=,,IC50,nM,,6000.0,CHEMBL203,Homo sapiens,Epidermal growth factor receptor,9606,,,IC50,uM,UO_0000065,,6.0,216.196,1.53696,5,2,97.27
,,332492,[],CHEMBL677206,Inhibition of epidermal growth factor receptor (EGFr),B,,,BAO_0000190,BAO_0000357,single protein format,CNC(=O)c1c([Se][Se]c2c(C(=O)NC)c3ccccc3n2C)n(C)c2ccccc12,,,CHEMBL1129933,J Med Chem,1997,"{'bei': '9.80', 'le': None, 'lle': None, 'sei': None}",,CHEMBL137422,,CHEMBL137422,5.21,0,http://www.openphacts.org/units/Nanomolar,259289,=,1,1,=,,IC50,nM,,6100.0,CHEMBL203,Homo sapiens,Epidermal growth factor receptor,9606,,,IC50,uM,UO_0000065,,6.1,532.3640000000001,0.6634000000000013,4,2,68.06
,,278593,[],CHEMBL675521,Inhibition of Epidermal growth factor receptor (EGFr) tyrosine kinase,B,,,BAO_0000190,BAO_0000357,single protein format,CCN(CC)CCCNc1ncc2cc(-c3c(Cl)cccc3Cl)c(NC(=O)NC(C)(C)C)nc2n1,,,CHEMBL1130094,J Med Chem,1997,"{'bei': '10.04', 'le': '0.20', 'lle': '-0.85', 'sei': '5.48'}",,CHEMBL299026,,CHEMBL299026,5.21,0,http://www.openphacts.org/units/Nanomolar,133213,=,1,1,=,,IC50,nM,,6200.0,CHEMBL203,Homo sapiens,Epidermal growth factor receptor,9606,,,IC50,uM,UO_0000065,,6.2,518.4930000000002,6.062400000000005,6,3,95.07
,,110218,[],CHEMBL677391,Inhibition of tyrosine phosphorylation activity of the epidermal growth factor receptor (EGFR) tyrosine kinase from human A-431 carcinoma cell-shed membrane vesicles,B,,,BAO_0000190,BAO_0000019,assay format,COc1cccc2c(C(=O)Nc3ccccc3)c(SSc3c(C(=O)Nc4ccccc4)c4cccc(OC)c4n3C)n(C)c12,,,CHEMBL1127560,J Med Chem,1994,"{'bei': '8.33', 'le': '0.16', 'lle': '-2.80', 'sei': '6.00'}",,CHEMBL292323,,CHEMBL292323,5.19,0,http://www.openphacts.org/units/Nanomolar,109049,=,1,1,=,,IC50,nM,,6500.0,CHEMBL203,Homo sapiens,Epidermal growth factor receptor,9606,,,IC50,uM,UO_0000065,,6.5,622.7719999999999,7.991200000000005,8,2,86.52000000000001
,,284868,[],CHEMBL677890,Inhibitory activity against protein tyrosine kinase of Epidermal growth factor receptor was determined,B,,,BAO_0000190,BAO_0000357,single protein format,CO[C@H]1[C@@H](N(C)C(=O)C(F)(F)F)C[C@@H]2O[C@@]1(C)n1c3ccccc3c3c4c(c5c6ccccc6n2c5c31)C(=O)NC4,,,CHEMBL1127758,Bioorg Med Chem Lett,1994,"{'bei': '9.23', 'le': '0.17', 'lle': '0.03', 'sei': '6.68'}",,CHEMBL335932,,CHEMBL335932,5.19,0,http://www.openphacts.org/units/Nanomolar,249305,=,1,1,=,,IC50,nM,,6400.0,CHEMBL203,Homo sapiens,Epidermal growth factor receptor,9606,,,IC50,uM,UO_0000065,,6.4,562.5480000000001,5.155300000000005,6,1,77.72999999999999
,,336075,[],CHEMBL676067,Inhibitory activity against epidermal growth factor receptor (EGFR),B,,,BAO_0000190,BAO_0000357,single protein format,N#C/C(=C\c1ccc(O)c(O)c1)C(=O)c1ccccc1Cl,,,CHEMBL1136802,J Med Chem,2003,"{'bei': '17.28', 'le': '0.34', 'lle': '1.64', 'sei': '6.37'}",,CHEMBL59145,,CHEMBL59145,5.18,1,http://www.openphacts.org/units/Nanomolar,275733,=,1,1,=,,IC50,nM,,6606.93,CHEMBL203,Homo sapiens,Epidermal growth factor receptor,9606,,,pIC50,,UO_0000065,,5.18,299.71299999999997,3.541080000000001,4,2,81.32
,,288014,[],CHEMBL675521,Inhibition of Epidermal growth factor receptor (EGFr) tyrosine kinase,B,,,BAO_0000190,BAO_0000357,single protein format,Cc1cc(C)c(C)c(-c2cc3cnc(N)nc3nc2NC(=O)NC(C)(C)C)c1C,,,CHEMBL1130094,J Med Chem,1997,"{'bei': '13.18', 'le': '0.24', 'lle': '0.75', 'sei': '4.89'}",,CHEMBL56236,,CHEMBL56236,5.17,0,http://www.openphacts.org/units/Nanomolar,133212,=,1,1,=,,IC50,nM,,6680.0,CHEMBL203,Homo sapiens,Epidermal growth factor receptor,9606,,,IC50,uM,UO_0000065,,6.68,392.5070000000002,4.427680000000001,5,3,105.82
,,306535,[],CHEMBL676067,Inhibitory activity against epidermal growth factor receptor (EGFR),B,,,BAO_0000190,BAO_0000357,single protein format,COc1cc(C=C(C#N)C#N)cc(CSc2ccccc2)c1O,,,CHEMBL1136802,J Med Chem,2003,"{'bei': '16.04', 'le': '0.31', 'lle': '1.05', 'sei': '6.71'}",,CHEMBL122522,,CHEMBL122522,5.17,1,http://www.openphacts.org/units/Nanomolar,275723,=,1,1,=,,IC50,nM,,6760.83,CHEMBL203,Homo sapiens,Epidermal growth factor receptor,9606,,,pIC50,,UO_0000065,,5.17,322.389,4.123660000000004,5,1,77.03999999999999
,,358710,[],CHEMBL674029,Inhibition of EGF-stimulated EGFR tyrosine kinase activity using plasma membrane vesicles shed from cultured human A431 carcinoma cells,F,,,BAO_0000190,BAO_0000219,cell-based format,O=C(O)CCCC1C(S)=Nc2ccccc21,,,CHEMBL1127050,J Med Chem,1993,,,CHEMBL84513,,CHEMBL84513,5.17,0,http://www.openphacts.org/units/Nanomolar,146870,=,1,1,=,,IC50,nM,,6700.0,CHEMBL203,Homo sapiens,Epidermal growth factor receptor,9606,,,IC50,uM,UO_0000065,,6.7,235.30800000000002,2.9985000000000017,2,2,49.66
,,352831,[],CHEMBL674029,Inhibition of EGF-stimulated EGFR tyrosine kinase activity using plasma membrane vesicles shed from cultured human A431 carcinoma cells,F,,,BAO_0000190,BAO_0000219,cell-based format,CN1C(=S)C(CCC(=O)O)c2ccccc21,,,CHEMBL1127050,J Med Chem,1993,,,CHEMBL309765,,CHEMBL309765,5.17,0,http://www.openphacts.org/units/Nanomolar,146846,=,1,1,=,,IC50,nM,,6700.0,CHEMBL203,Homo sapiens,Epidermal growth factor receptor,9606,,,IC50,uM,UO_0000065,,6.7,235.30800000000002,2.4122000000000003,2,1,40.540000000000006
,,266495,[],CHEMBL677890,Inhibitory activity against protein tyrosine kinase of Epidermal growth factor receptor was determined,B,,,BAO_0000190,BAO_0000357,single protein format,CO[C@H]1[C@@H](N(C)C(=O)c2ccc(Cl)cc2)C[C@@H]2O[C@@]1(C)n1c3ccccc3c3c4c(c5c6ccccc6n2c5c31)C(=O)NC4,,,CHEMBL1127758,Bioorg Med Chem Lett,1994,"{'bei': '8.52', 'le': '0.16', 'lle': '-1.41', 'sei': '6.63'}",,CHEMBL131715,,CHEMBL131715,5.16,0,http://www.openphacts.org/units/Nanomolar,249312,=,1,1,=,,IC50,nM,,7000.0,CHEMBL203,Homo sapiens,Epidermal growth factor receptor,9606,,,IC50,uM,UO_0000065,,7.0,605.0940000000002,6.560200000000006,6,1,77.72999999999999
,,271238,[],CHEMBL675521,Inhibition of Epidermal growth factor receptor (EGFr) tyrosine kinase,B,,,BAO_0000190,BAO_0000357,single protein format,Cc1cc(C)c(C)c(-c2cc3cnc(NCCCN4CCN(C)CC4)nc3nc2NC(=O)NC(C)(C)C)c1C,,,CHEMBL1130094,J Med Chem,1997,"{'bei': '9.68', 'le': '0.18', 'lle': '0.26', 'sei': '5.24'}",,CHEMBL75188,,CHEMBL75188,5.16,0,http://www.openphacts.org/units/Nanomolar,133218,=,1,1,=,,IC50,nM,,7000.0,CHEMBL203,Homo sapiens,Epidermal growth factor receptor,9606,,,IC50,uM,UO_0000065,,7.0,532.7370000000003,4.894880000000003,7,3,98.31
,,329898,[],CHEMBL677206,Inhibition of epidermal growth factor receptor (EGFr),B,,,BAO_0000190,BAO_0000357,single protein format,CNC(=O)c1c(SSc2c(C(=O)NC)c3ccccc3n2C)n(C)c2ccccc12,,,CHEMBL1129933,J Med Chem,1997,"{'bei': '11.77', 'le': '0.23', 'lle': '0.97', 'sei': '7.58'}",,CHEMBL342929,,CHEMBL342929,5.16,0,http://www.openphacts.org/units/Nanomolar,259284,=,1,1,=,,IC50,nM,,6900.0,CHEMBL203,Homo sapiens,Epidermal growth factor receptor,9606,,,IC50,uM,UO_0000065,,6.9,438.57800000000015,4.188600000000004,6,2,68.06
,,335194,[],CHEMBL677206,Inhibition of epidermal growth factor receptor (EGFr),B,,,BAO_0000190,BAO_0000357,single protein format,CCN(CC)CCn1c([Se][Se]c2c(C(=O)NC)c3ccccc3n2CCN(CC)CC)c(C(=O)NC)c2ccccc21,,,CHEMBL1129933,J Med Chem,1997,"{'bei': '7.35', 'le': None, 'lle': None, 'sei': None}",,CHEMBL334439,,CHEMBL334439,5.16,0,http://www.openphacts.org/units/Nanomolar,259296,=,1,1,=,,IC50,nM,,6900.0,CHEMBL203,Homo sapiens,Epidermal growth factor receptor,9606,,,IC50,uM,UO_0000065,,6.9,702.664,2.2730000000000024,6,2,74.54
,,345343,[],CHEMBL677206,Inhibition of epidermal growth factor receptor (EGFr),B,,,BAO_0000190,BAO_0000357,single protein format,O=C(NCc1ccccc1)[C@H](Cc1c([Se][Se]c2[nH]c3ccccc3c2C[C@@H](NC(=O)C(F)(F)F)C(=O)NCc2ccccc2)[nH]c2ccccc12)NC(=O)C(F)(F)F,,,CHEMBL1129933,J Med Chem,1997,"{'bei': '5.52', 'le': None, 'lle': None, 'sei': None}",,CHEMBL336410,,CHEMBL336410,5.16,0,http://www.openphacts.org/units/Nanomolar,259294,=,1,1,=,,IC50,nM,,7000.0,CHEMBL203,Homo sapiens,Epidermal growth factor receptor,9606,,,IC50,uM,UO_0000065,,7.0,934.6580000000001,3.735400000000001,4,6,147.98
,,333903,[],CHEMBL677206,Inhibition of epidermal growth factor receptor (EGFr),B,,,BAO_0000190,BAO_0000357,single protein format,NC(Cc1c(SSc2[nH]c3ccccc3c2CC(N)C(=O)NCc2ccccc2)[nH]c2ccccc12)C(=O)NCc1ccccc1,,,CHEMBL1129933,J Med Chem,1997,"{'bei': '7.91', 'le': '0.15', 'lle': '-0.69', 'sei': '3.62'}",,CHEMBL336174,,CHEMBL336174,5.13,1,http://www.openphacts.org/units/Nanomolar,259285,=,1,1,=,,IC50,nM,,7400.0,CHEMBL203,Homo sapiens,Epidermal growth factor receptor,9606,,,IC50,uM,UO_0000065,,7.4,648.8580000000002,5.821000000000004,6,6,141.82
,,284872,[],CHEMBL677890,Inhibitory activity against protein tyrosine kinase of Epidermal growth factor receptor was determined,B,,,BAO_0000190,BAO_0000357,single protein format,COC(=O)c1ccc(C(=O)N(C)[C@H]2C[C@@H]3O[C@](C)([C@H]2OC)n2c4ccccc4c4c5c(c6c7ccccc7n3c6c42)C(=O)NC5)cc1,,,CHEMBL1127758,Bioorg Med Chem Lett,1994,"{'bei': '8.16', 'le': '0.15', 'lle': '-0.56', 'sei': '4.93'}",,CHEMBL336192,,CHEMBL336192,5.13,0,http://www.openphacts.org/units/Nanomolar,249293,=,1,1,=,,IC50,nM,,7400.0,CHEMBL203,Homo sapiens,Epidermal growth factor receptor,9606,,,IC50,uM,UO_0000065,,7.4,628.6850000000001,5.693400000000006,8,1,104.03
,,182065,[],CHEMBL677888,Inhibition of Epidermal growth factor receptor (Her1/ErbB1),B,,,BAO_0000190,BAO_0000357,single protein format,CN1CC[C@H](c2c(O)cc(O)c3c(=O)cc(-c4ccccc4Cl)oc23)[C@H](O)C1,,,CHEMBL1135763,J Med Chem,2002,"{'bei': '12.74', 'le': '0.25', 'lle': '1.82', 'sei': '5.44'}",,CHEMBL428690,ALVOCIDIB,CHEMBL428690,5.12,0,http://www.openphacts.org/units/Nanomolar,243847,=,1,1,=,,IC50,nM,,7600.0,CHEMBL203,Homo sapiens,Epidermal growth factor receptor,9606,,,IC50,nM,UO_0000065,,7600.0,401.8460000000001,3.3046000000000015,6,3,94.14
,,136425,[],CHEMBL680019,Inhibitory concentration was evaluated against epidermal growth factor receptor (EGFr) tyrosine kinase,B,,,BAO_0000190,BAO_0000357,single protein format,CNc1ncc2cc(-c3c(Cl)cccc3Cl)c(=O)n(C)c2n1,,,CHEMBL1131066,J Med Chem,1998,"{'bei': '15.29', 'le': '0.32', 'lle': '1.78', 'sei': '8.57'}",,CHEMBL107472,,CHEMBL107472,5.12,0,http://www.openphacts.org/units/Nanomolar,210153,=,1,1,=,,IC50,nM,,7500.0,CHEMBL203,Homo sapiens,Epidermal growth factor receptor,9606,,,IC50,uM,UO_0000065,,7.5,335.1940000000001,3.344000000000001,5,1,59.81
,,383115,[],CHEMBL680028,Inhibition of autophosphorylation of cytoplasmic domain of epidermal growth factor receptor,B,,,BAO_0000190,BAO_0000357,single protein format,C/C=C/C(=O)Nc1cc2c(Nc3ccc(F)c(Cl)c3)c(C#N)cnc2cc1OCC,,,CHEMBL1145020,J Med Chem,2003,"{'bei': '12.06', 'le': '0.23', 'lle': '-0.44', 'sei': '5.89'}",,CHEMBL113902,,CHEMBL113902,5.12,0,http://www.openphacts.org/units/Nanomolar,308379,=,1,1,=,,IC50,nM,,7500.0,CHEMBL203,Homo sapiens,Epidermal growth factor receptor,9606,,,IC50,uM,UO_0000065,,7.5,424.8630000000002,5.555880000000004,5,2,87.04
,,37510,[],CHEMBL677833,In vitro inhibition of Epidermal growth factor receptor tyrosine kinase isolated from A431 (human carcinoma).,B,,,BAO_0000190,BAO_0000357,single protein format,C/N=N/Nc1ccc2ncnc(N(C)c3ccccc3)c2c1,,,CHEMBL1145114,J Med Chem,2003,"{'bei': '17.43', 'le': '0.32', 'lle': '1.29', 'sei': '7.75'}",,CHEMBL135592,,CHEMBL135592,5.1,0,http://www.openphacts.org/units/Nanomolar,262235,=,1,1,=,,IC50,nM,,8000.0,CHEMBL203,Homo sapiens,Epidermal growth factor receptor,9606,,,IC50,uM,UO_0000065,,8.0,292.34600000000006,3.806600000000002,5,1,65.77
,,324409,[],CHEMBL676067,Inhibitory activity against epidermal growth factor receptor (EGFR),B,,,BAO_0000190,BAO_0000357,single protein format,COc1cc(C=C(C#N)C#N)cc(CSc2ccccc2C(=O)O)c1O,,,CHEMBL1136802,J Med Chem,2003,"{'bei': '13.92', 'le': '0.27', 'lle': '1.28', 'sei': '4.46'}",,CHEMBL118321,,CHEMBL118321,5.1,1,http://www.openphacts.org/units/Nanomolar,275699,=,1,1,=,,IC50,nM,,7943.28,CHEMBL203,Homo sapiens,Epidermal growth factor receptor,9606,,,pIC50,,UO_0000065,,5.1,366.3980000000001,3.8218600000000023,6,2,114.34
,,277772,[],CHEMBL677890,Inhibitory activity against protein tyrosine kinase of Epidermal growth factor receptor was determined,B,,,BAO_0000190,BAO_0000357,single protein format,CO[C@H]1[C@@H](N(C)C(=O)c2cccnc2)C[C@@H]2O[C@@]1(C)n1c3ccccc3c3c4c(c5c6ccccc6n2c5c31)C(=O)NC4,,,CHEMBL1127758,Bioorg Med Chem Lett,1994,"{'bei': '8.90', 'le': '0.16', 'lle': '-0.21', 'sei': '5.61'}",,CHEMBL335012,,CHEMBL335012,5.09,0,http://www.openphacts.org/units/Nanomolar,249316,=,1,1,=,,IC50,nM,,8180.0,CHEMBL203,Homo sapiens,Epidermal growth factor receptor,9606,,,IC50,uM,UO_0000065,,8.18,571.6370000000002,5.301800000000005,7,1,90.62
,,295884,[],CHEMBL677890,Inhibitory activity against protein tyrosine kinase of Epidermal growth factor receptor was determined,B,,,BAO_0000190,BAO_0000357,single protein format,CO[C@H]1[C@@H](N(C)C(=O)c2cnccn2)C[C@@H]2O[C@@]1(C)n1c3ccccc3c3c4c(c5c6ccccc6n2c5c31)C(=O)NC4,,,CHEMBL1127758,Bioorg Med Chem Lett,1994,"{'bei': '8.88', 'le': '0.16', 'lle': '0.39', 'sei': '4.91'}",,CHEMBL337297,,CHEMBL337297,5.09,0,http://www.openphacts.org/units/Nanomolar,249315,=,1,1,=,,IC50,nM,,8180.0,CHEMBL203,Homo sapiens,Epidermal growth factor receptor,9606,,,IC50,uM,UO_0000065,,8.18,572.6250000000002,4.696800000000004,8,1,103.50999999999999
,,469967,[],CHEMBL677878,Concentration required for inhibition of epidermal growth factor receptor (EGF-R) by tyrosine kinase enzyme activity,B,,,BAO_0000190,BAO_0000357,single protein format,CC(C)(C)OC(=O)N1CCC(n2cc(-c3ccccc3)c3c(N)ncnc32)C1,,,CHEMBL1134003,Bioorg Med Chem Lett,2001,"{'bei': '13.39', 'le': '0.25', 'lle': '1.22', 'sei': '5.89'}",,CHEMBL353823,,CHEMBL353823,5.08,0,http://www.openphacts.org/units/Nanomolar,333571,=,1,1,=,,IC50,nM,,8300.0,CHEMBL203,Homo sapiens,Epidermal growth factor receptor,9606,,,IC50,uM,UO_0000065,,8.3,379.46400000000017,3.862400000000002,6,1,86.27
,,358711,[],CHEMBL674029,Inhibition of EGF-stimulated EGFR tyrosine kinase activity using plasma membrane vesicles shed from cultured human A431 carcinoma cells,F,,,BAO_0000190,BAO_0000219,cell-based format,Cc1ccc2[nH]c(SSc3[nH]c4ccc(C)cc4c3CCC(=O)O)c(CCC(=O)O)c2c1,,,CHEMBL1127050,J Med Chem,1993,,,CHEMBL83559,,CHEMBL83559,5.08,0,http://www.openphacts.org/units/Nanomolar,146863,=,1,1,=,,IC50,nM,,8400.0,CHEMBL203,Homo sapiens,Epidermal growth factor receptor,9606,,,IC50,uM,UO_0000065,,8.4,468.6000000000004,6.099840000000005,4,4,106.17999999999999
,,369990,[],CHEMBL674029,Inhibition of EGF-stimulated EGFR tyrosine kinase activity using plasma membrane vesicles shed from cultured human A431 carcinoma cells,F,,,BAO_0000190,BAO_0000219,cell-based format,Cn1c(SSc2c(CCCC(=O)O)c3ccccc3n2C)c(CCCC(=O)O)c2ccccc21,,,CHEMBL1127050,J Med Chem,1993,,,CHEMBL82214,,CHEMBL82214,5.08,0,http://www.openphacts.org/units/Nanomolar,146859,=,1,1,=,,IC50,nM,,8300.0,CHEMBL203,Homo sapiens,Epidermal growth factor receptor,9606,,,IC50,uM,UO_0000065,,8.3,496.6540000000003,6.284000000000004,6,2,84.46000000000001
,,51141,[],CHEMBL677833,In vitro inhibition of Epidermal growth factor receptor tyrosine kinase isolated from A431 (human carcinoma).,B,,,BAO_0000190,BAO_0000357,single protein format,CN(c1ccccc1)c1ncnc2ccc(N)cc12,,,CHEMBL1145114,J Med Chem,2003,"{'bei': '20.28', 'le': '0.36', 'lle': '2.10', 'sei': '9.22'}",,CHEMBL136492,,CHEMBL136492,5.08,0,http://www.openphacts.org/units/Nanomolar,262246,=,1,1,=,,IC50,nM,,8400.0,CHEMBL203,Homo sapiens,Epidermal growth factor receptor,9606,,,IC50,uM,UO_0000065,,8.4,250.30499999999998,2.9799000000000007,4,1,55.040000000000006
,,125800,[],CHEMBL679549,Inhibitory activity against recombinant tyrosine kinase EGF-R (EGF-R ICD),B,,,BAO_0000190,BAO_0000357,single protein format,CN(c1ccccc1)c1cc2c(cc1Nc1ccccc1)C(=O)NC2=O,,,CHEMBL1127678,J Med Chem,1994,"{'bei': '14.74', 'le': '0.27', 'lle': '0.98', 'sei': '8.24'}",,CHEMBL7775,,CHEMBL7775,5.06,0,http://www.openphacts.org/units/Nanomolar,3010,=,1,1,=,,IC50,nM,,8700.0,CHEMBL203,Homo sapiens,Epidermal growth factor receptor,9606,,,IC50,uM,UO_0000065,,8.7,343.3860000000001,4.081700000000002,4,2,61.440000000000005
,,139961,[],CHEMBL680019,Inhibitory concentration was evaluated against epidermal growth factor receptor (EGFr) tyrosine kinase,B,,,BAO_0000190,BAO_0000357,single protein format,CN1CCN(CCCNc2ncc3cc(-c4c(Cl)cccc4Cl)c(=O)n(C)c3n2)CC1,,,CHEMBL1131066,J Med Chem,1998,"{'bei': '10.97', 'le': '0.22', 'lle': '1.71', 'sei': '7.63'}",,CHEMBL299194,,CHEMBL299194,5.06,1,http://www.openphacts.org/units/Nanomolar,210161,=,1,1,=,,IC50,nM,,8700.0,CHEMBL203,Homo sapiens,Epidermal growth factor receptor,9606,,,IC50,uM,UO_0000065,,8.7,461.3970000000002,3.351700000000001,7,1,66.28999999999999
,,310539,[],CHEMBL676067,Inhibitory activity against epidermal growth factor receptor (EGFR),B,,,BAO_0000190,BAO_0000357,single protein format,COc1cc(/C=C(\C#N)C(N)=O)cc(CSC2=NCCS2)c1O,,,CHEMBL1136802,J Med Chem,2003,"{'bei': '14.48', 'le': '0.30', 'lle': '2.93', 'sei': '4.66'}",,CHEMBL324030,,CHEMBL324030,5.06,1,http://www.openphacts.org/units/Nanomolar,275715,=,1,1,=,,IC50,nM,,8709.64,CHEMBL203,Homo sapiens,Epidermal growth factor receptor,9606,,,pIC50,,UO_0000065,,5.06,349.43700000000007,2.1290800000000005,7,2,108.69999999999999
,,78012,[],CHEMBL679949,Evaluated for inhibitory activity towards tyrosine kinase Epidermal growth factor receptor,B,,,BAO_0000190,BAO_0000357,single protein format,COc1cccc(-c2ccc3c(c2)NC(=O)/C3=C\c2[nH]c3c(c2CCC(=O)O)CCCC3)c1,,,CHEMBL1133768,J Med Chem,2000,"{'bei': '11.42', 'le': '0.21', 'lle': '-0.03', 'sei': '5.53'}",,CHEMBL432941,,CHEMBL432941,5.05,0,http://www.openphacts.org/units/Nanomolar,163350,=,1,1,=,,IC50,nM,,8880.0,CHEMBL203,Homo sapiens,Epidermal growth factor receptor,9606,,,IC50,uM,UO_0000065,,8.88,442.5150000000003,5.079000000000003,3,3,91.42
,,110240,[],CHEMBL676146,Inhibition of EGF-dependent DNA synthesis in ER 22 cells incubated with [3H]TdR,F,,,BAO_0000190,BAO_0000219,cell-based format,COC(=O)c1cccc(NCc2cc(O)ccc2O)c1,,,CHEMBL1127084,J Med Chem,1993,,,CHEMBL334334,,CHEMBL334334,5.05,0,http://www.openphacts.org/units/Nanomolar,252404,=,1,1,=,,IC50,nM,,9000.0,CHEMBL203,Homo sapiens,Epidermal growth factor receptor,9606,,,IC50,uM,UO_0000065,,9.0,273.28799999999995,2.4965,5,3,78.79
,,125665,[],CHEMBL676146,Inhibition of EGF-dependent DNA synthesis in ER 22 cells incubated with [3H]TdR,F,,,BAO_0000190,BAO_0000219,cell-based format,COC(=O)c1cc(NCc2cc(O)ccc2O)ccc1O,,,CHEMBL1127084,J Med Chem,1993,,,CHEMBL131653,,CHEMBL131653,5.05,0,http://www.openphacts.org/units/Nanomolar,252399,=,1,1,=,,IC50,nM,,9000.0,CHEMBL203,Homo sapiens,Epidermal growth factor receptor,9606,,,IC50,uM,UO_0000065,,9.0,289.28700000000003,2.2021,6,4,99.02000000000001
,,369987,[],CHEMBL674029,Inhibition of EGF-stimulated EGFR tyrosine kinase activity using plasma membrane vesicles shed from cultured human A431 carcinoma cells,F,,,BAO_0000190,BAO_0000219,cell-based format,O=C(O)Cc1c(SSSc2[nH]c3ccccc3c2CC(=O)O)[nH]c2ccccc12,,,CHEMBL1127050,J Med Chem,1993,,,CHEMBL79970,,CHEMBL79970,5.03,0,http://www.openphacts.org/units/Nanomolar,146849,=,1,1,=,,IC50,nM,,9300.0,CHEMBL203,Homo sapiens,Epidermal growth factor receptor,9606,,,IC50,uM,UO_0000065,,9.3,444.55900000000025,5.351000000000003,5,4,106.18
,,32680,[],CHEMBL677833,In vitro inhibition of Epidermal growth factor receptor tyrosine kinase isolated from A431 (human carcinoma).,B,,,BAO_0000190,BAO_0000357,single protein format,CN(c1ccccc1)c1ncnc2ccc(N/N=N/Cc3ccccn3)cc12,,,CHEMBL1145114,J Med Chem,2003,"{'bei': '13.62', 'le': '0.25', 'lle': '0.26', 'sei': '6.40'}",,CHEMBL137635,,CHEMBL137635,5.03,0,http://www.openphacts.org/units/Nanomolar,262238,=,1,1,=,,IC50,nM,,9300.0,CHEMBL203,Homo sapiens,Epidermal growth factor receptor,9606,,,IC50,uM,UO_0000065,,9.3,369.43200000000013,4.772000000000004,6,1,78.66000000000001
,,128255,[],CHEMBL676146,Inhibition of EGF-dependent DNA synthesis in ER 22 cells incubated with [3H]TdR,F,,,BAO_0000190,BAO_0000219,cell-based format,COC(=O)c1cc(NCc2cc(O)ccc2O)ccc1OC,,,CHEMBL1127084,J Med Chem,1993,,,CHEMBL129930,,CHEMBL129930,5.02,0,http://www.openphacts.org/units/Nanomolar,252403,=,1,1,=,,IC50,nM,,9500.0,CHEMBL203,Homo sapiens,Epidermal growth factor receptor,9606,,,IC50,uM,UO_0000065,,9.5,303.3140000000001,2.5051000000000005,6,3,88.02000000000001
,,394821,[],CHEMBL674693,Inhibition of Epidermal growth factor receptor (EGF-R) tyrosine kinase activity ,B,,,BAO_0000190,BAO_0000357,single protein format,COc1ccc(CC(CO)n2cc(-c3cccc(OC)c3)c3c(N)ncnc32)cc1,,,CHEMBL1134829,Bioorg Med Chem Lett,2001,"{'bei': '12.39', 'le': '0.23', 'lle': '1.54', 'sei': '5.25'}",,CHEMBL168555,,CHEMBL168555,5.01,0,http://www.openphacts.org/units/Nanomolar,333363,=,1,1,=,,IC50,nM,,9700.0,CHEMBL203,Homo sapiens,Epidermal growth factor receptor,9606,,,IC50,uM,UO_0000065,,9.7,404.4700000000002,3.4738000000000016,7,2,95.42
,,196098,[],CHEMBL677389,Inhibition of the phosphorylation of a random polyglutamic acid/tyrosine copolymer by human epidermal growth factor receptor(EGFR) prepared from human A431 carcinoma cells,B,,,BAO_0000190,BAO_0000219,cell-based format,Cc1nc(Nc2cccc(Br)c2)c2ccccc2n1,,,CHEMBL1130030,J Med Chem,1997,,,CHEMBL37099,,CHEMBL37099,5.0,0,http://www.openphacts.org/units/Nanomolar,60202,>,1,1,>,,IC50,nM,,10000.0,CHEMBL203,Homo sapiens,Epidermal growth factor receptor,9606,,,IC50,nM,UO_0000065,,10000.0,314.186,4.444320000000002,3,1,37.81
,,192571,[],CHEMBL677389,Inhibition of the phosphorylation of a random polyglutamic acid/tyrosine copolymer by human epidermal growth factor receptor(EGFR) prepared from human A431 carcinoma cells,B,,,BAO_0000190,BAO_0000219,cell-based format,COc1cccc2c(Nc3cccc(Br)c3)ncnc12,,,CHEMBL1130030,J Med Chem,1997,,,CHEMBL289787,,CHEMBL289787,5.0,0,http://www.openphacts.org/units/Nanomolar,60201,>,1,1,>,,IC50,nM,,10000.0,CHEMBL203,Homo sapiens,Epidermal growth factor receptor,9606,,,IC50,nM,UO_0000065,,10000.0,330.185,4.144500000000002,4,1,47.04
,,140478,[],CHEMBL677391,Inhibition of tyrosine phosphorylation activity of the epidermal growth factor receptor (EGFR) tyrosine kinase from human A-431 carcinoma cell-shed membrane vesicles,B,,,BAO_0000190,BAO_0000019,assay format,CC(=O)Oc1cccc2c(C(=O)Nc3ccccc3)c(SSc3c(C(=O)Nc4ccccc4)c4cccc(OC(C)=O)c4n3C)n(C)c12,,,CHEMBL1127560,J Med Chem,1994,"{'bei': '7.37', 'le': '0.14', 'lle': '-2.82', 'sei': '4.15'}",,CHEMBL291359,,CHEMBL291359,5.0,0,http://www.openphacts.org/units/Nanomolar,109048,=,1,1,=,,IC50,nM,,9900.0,CHEMBL203,Homo sapiens,Epidermal growth factor receptor,9606,,,IC50,uM,UO_0000065,,9.9,678.7919999999999,7.824600000000006,10,2,120.66000000000003
,,404727,[],CHEMBL679944,Concentration needed to inhibit the phosphorylation of a 14-residue fragment of phospholipase C-gamma1 by Epidermal growth factor receptor (prepared from human A431 carcinoma cell vesicles by immunoaffinity chromatography),B,,,BAO_0000190,BAO_0000357,single protein format,Cc1nc(Nc2cccc(Br)c2)c2c(n1)[nH]c1ccccc12.Cl,,,CHEMBL1132555,J Med Chem,1999,,,CHEMBL555739,,CHEMBL1195996,5.0,0,http://www.openphacts.org/units/Nanomolar,296359,>,1,1,>,,IC50,nM,,10000.0,CHEMBL203,Homo sapiens,Epidermal growth factor receptor,9606,,,IC50,nM,UO_0000065,,10000.0,389.684,5.347420000000003,3,2,53.6
,,437174,[],CHEMBL672267,Inhibition of EGF receptor kinase,B,,,BAO_0000190,BAO_0000357,single protein format,C[C@H](Nc1cc(-c2c(-c3cccc(C(F)(F)F)c3)nc(C3CCNCC3)n2C)ccn1)c1ccccc1,,,CHEMBL1132637,J Med Chem,1999,,,CHEMBL303144,,CHEMBL303144,5.0,0,http://www.openphacts.org/units/Nanomolar,122331,>,1,1,>,,IC50,nM,,10000.0,CHEMBL203,Homo sapiens,Epidermal growth factor receptor,9606,,,IC50,nM,UO_0000065,,10000.0,505.58800000000025,6.808000000000006,5,2,54.77
,,128253,[],CHEMBL676147,Inhibition of EGF-dependent DNA synthesis in EGF-receptor expressing ER22 cells,F,,,BAO_0000190,BAO_0000219,cell-based format,COC(=O)c1cc(/N=C/c2ccc(O)cc2)ccc1O,,,CHEMBL1127084,J Med Chem,1993,,,CHEMBL130117,,CHEMBL130117,5.0,0,http://www.openphacts.org/units/Nanomolar,252406,>,1,1,>,,IC50,nM,,10000.0,CHEMBL203,Homo sapiens,Epidermal growth factor receptor,9606,,,IC50,uM,UO_0000065,,10.0,271.272,2.635000000000001,5,2,79.12
,,125659,[],CHEMBL676146,Inhibition of EGF-dependent DNA synthesis in ER 22 cells incubated with [3H]TdR,F,,,BAO_0000190,BAO_0000219,cell-based format,COC(=O)c1ccc(/N=C/c2cc(O)ccc2O)cc1O,,,CHEMBL1127084,J Med Chem,1993,,,CHEMBL130893,,CHEMBL130893,5.0,0,http://www.openphacts.org/units/Nanomolar,252387,>,1,1,>,,IC50,nM,,10000.0,CHEMBL203,Homo sapiens,Epidermal growth factor receptor,9606,,,IC50,uM,UO_0000065,,10.0,287.271,2.3406000000000007,6,3,99.35000000000001
,,446739,[],CHEMBL672267,Inhibition of EGF receptor kinase,B,,,BAO_0000190,BAO_0000357,single protein format,C[C@H](Nc1nccc(-c2c(-c3cccc(C(F)(F)F)c3)nc(C3CCNCC3)n2C)n1)c1ccccc1,,,CHEMBL1132637,J Med Chem,1999,,,CHEMBL305178,,CHEMBL305178,5.0,0,http://www.openphacts.org/units/Nanomolar,122332,>,1,1,>,,IC50,nM,,10000.0,CHEMBL203,Homo sapiens,Epidermal growth factor receptor,9606,,,IC50,nM,UO_0000065,,10000.0,506.57600000000025,6.203000000000005,6,2,67.66
,,130926,[],CHEMBL676146,Inhibition of EGF-dependent DNA synthesis in ER 22 cells incubated with [3H]TdR,F,,,BAO_0000190,BAO_0000219,cell-based format,COC(=O)c1ccc(NCc2cc(O)ccc2O)cc1O,,,CHEMBL1127084,J Med Chem,1993,,,CHEMBL133283,,CHEMBL133283,5.0,0,http://www.openphacts.org/units/Nanomolar,252390,=,1,1,=,,IC50,nM,,10000.0,CHEMBL203,Homo sapiens,Epidermal growth factor receptor,9606,,,IC50,uM,UO_0000065,,10.0,289.28700000000003,2.2021,6,4,99.02000000000001
,,140517,[],CHEMBL676146,Inhibition of EGF-dependent DNA synthesis in ER 22 cells incubated with [3H]TdR,F,,,BAO_0000190,BAO_0000219,cell-based format,COC(=O)c1cc(/N=C/c2ccccc2O)ccc1O,,,CHEMBL1127084,J Med Chem,1993,,,CHEMBL335074,,CHEMBL335074,5.0,0,http://www.openphacts.org/units/Nanomolar,252407,>,1,1,>,,IC50,nM,,10000.0,CHEMBL203,Homo sapiens,Epidermal growth factor receptor,9606,,,IC50,uM,UO_0000065,,10.0,271.272,2.635000000000001,5,2,79.12
,,113112,[],CHEMBL677391,Inhibition of tyrosine phosphorylation activity of the epidermal growth factor receptor (EGFR) tyrosine kinase from human A-431 carcinoma cell-shed membrane vesicles,B,,,BAO_0000190,BAO_0000019,assay format,Cn1c(SSc2c(C(=O)Nc3ccccc3)c3ccccc3n2C)c(C(=O)Nc2ccccc2)c2ccccc21,,,CHEMBL1127560,J Med Chem,1994,"{'bei': '8.89', 'le': '0.17', 'lle': '-2.97', 'sei': '7.35'}",,CHEMBL304414,,CHEMBL304414,5.0,0,http://www.openphacts.org/units/Nanomolar,109028,=,1,1,=,,IC50,nM,,10000.0,CHEMBL203,Homo sapiens,Epidermal growth factor receptor,9606,,,IC50,uM,UO_0000065,,10.0,562.7200000000003,7.9740000000000055,6,2,68.06
,,132136,[],CHEMBL676146,Inhibition of EGF-dependent DNA synthesis in ER 22 cells incubated with [3H]TdR,F,,,BAO_0000190,BAO_0000219,cell-based format,COC(=O)c1cc(NCc2ccc(O)cc2)ccc1O,,,CHEMBL1127084,J Med Chem,1993,,,CHEMBL130337,,CHEMBL130337,5.0,0,http://www.openphacts.org/units/Nanomolar,252391,>,1,1,>,,IC50,nM,,10000.0,CHEMBL203,Homo sapiens,Epidermal growth factor receptor,9606,,,IC50,uM,UO_0000065,,10.0,273.28800000000007,2.4965000000000006,5,3,78.79
,,430436,[],CHEMBL674014,Inhibition of epidermal growth factor receptor (EGF-R),B,,,BAO_0000190,BAO_0000357,single protein format,COc1ccc(Oc2ccnc3cc(OC)c(OC)cc23)cc1OC,,,CHEMBL1152084,Bioorg Med Chem Lett,1997,,,CHEMBL327300,,CHEMBL327300,5.0,0,http://www.openphacts.org/units/Nanomolar,185642,>,1,1,>,,IC50,nM,,10000.0,CHEMBL203,Homo sapiens,Epidermal growth factor receptor,9606,,,IC50,uM,UO_0000065,,10.0,341.3630000000001,4.061500000000003,6,0,59.040000000000006
,,396599,[],CHEMBL679944,Concentration needed to inhibit the phosphorylation of a 14-residue fragment of phospholipase C-gamma1 by Epidermal growth factor receptor (prepared from human A431 carcinoma cell vesicles by immunoaffinity chromatography),B,,,BAO_0000190,BAO_0000357,single protein format,CCOC(C)=O.CN(C)CCNc1[nH]cnc2nc3ccccc3c1-2,,,CHEMBL1132555,J Med Chem,1999,,,CHEMBL357326,,CHEMBL1184578,5.0,0,http://www.openphacts.org/units/Nanomolar,296364,>,1,1,>,,IC50,nM,,10000.0,CHEMBL203,Homo sapiens,Epidermal growth factor receptor,9606,,,IC50,nM,UO_0000065,,10000.0,343.4310000000001,2.6056,6,2,83.14
,,360394,[],CHEMBL680028,Inhibition of autophosphorylation of cytoplasmic domain of epidermal growth factor receptor,B,,,BAO_0000190,BAO_0000357,single protein format,CCOc1cc2ncc(C#N)c(Nc3cccc(Br)c3)c2cc1NC(=O)/C=C/CN1CCOCC1,,,CHEMBL1145020,J Med Chem,2003,"{'bei': '9.30', 'le': '0.19', 'lle': '0.15', 'sei': '5.01'}",,CHEMBL116012,,CHEMBL116012,4.99,0,http://www.openphacts.org/units/Nanomolar,308385,=,1,1,=,,IC50,nM,,10320.0,CHEMBL203,Homo sapiens,Epidermal growth factor receptor,9606,,,IC50,uM,UO_0000065,,10.32,536.4300000000002,4.838180000000003,7,2,99.50999999999999
,,306529,[],CHEMBL676067,Inhibitory activity against epidermal growth factor receptor (EGFR),B,,,BAO_0000190,BAO_0000357,single protein format,Cc1cccc(C)c1NC(=O)/C(C#N)=C/c1ccc(O)c(O)c1,,,CHEMBL1136802,J Med Chem,2003,"{'bei': '16.18', 'le': '0.30', 'lle': '1.73', 'sei': '5.35'}",,CHEMBL55360,,CHEMBL55360,4.99,1,http://www.openphacts.org/units/Nanomolar,275688,=,1,1,=,,IC50,nM,,10232.93,CHEMBL203,Homo sapiens,Epidermal growth factor receptor,9606,,,pIC50,,UO_0000065,,4.99,308.33700000000005,3.260320000000002,4,3,93.35000000000001
,,364250,[],CHEMBL674029,Inhibition of EGF-stimulated EGFR tyrosine kinase activity using plasma membrane vesicles shed from cultured human A431 carcinoma cells,F,,,BAO_0000190,BAO_0000219,cell-based format,O=C(O)Cc1c(SSc2[nH]c3ccccc3c2CC(=O)O)[nH]c2ccccc12,,,CHEMBL1127050,J Med Chem,1993,,,CHEMBL419650,,CHEMBL419650,4.99,0,http://www.openphacts.org/units/Nanomolar,146854,=,1,1,=,,IC50,nM,,10200.0,CHEMBL203,Homo sapiens,Epidermal growth factor receptor,9606,,,IC50,uM,UO_0000065,,10.2,412.4920000000002,4.702800000000002,4,4,106.18
,,377315,[],CHEMBL680028,Inhibition of autophosphorylation of cytoplasmic domain of epidermal growth factor receptor,B,,,BAO_0000190,BAO_0000357,single protein format,COc1cc2ncc(C#N)c(Nc3ccc(F)c(Cl)c3)c2cc1NC(=O)/C=C/C(C)N1CCOCC1,,,CHEMBL1145020,J Med Chem,2003,"{'bei': '9.76', 'le': '0.19', 'lle': '0.11', 'sei': '5.00'}",,CHEMBL114073,,CHEMBL114073,4.97,0,http://www.openphacts.org/units/Nanomolar,308366,=,1,1,=,,IC50,nM,,10590.0,CHEMBL203,Homo sapiens,Epidermal growth factor receptor,9606,,,IC50,uM,UO_0000065,,10.59,509.96900000000034,4.8665800000000035,7,2,99.50999999999999
,,325565,[],CHEMBL676067,Inhibitory activity against epidermal growth factor receptor (EGFR),B,,,BAO_0000190,BAO_0000357,single protein format,N#C/C(=C\c1ccc(O)c(O)c1)C(=O)c1ccc([N+](=O)[O-])cc1,,,CHEMBL1136802,J Med Chem,2003,"{'bei': '15.99', 'le': '0.29', 'lle': '2.16', 'sei': '3.99'}",,CHEMBL56879,,CHEMBL56879,4.96,1,http://www.openphacts.org/units/Nanomolar,275697,=,1,1,=,,IC50,nM,,10964.78,CHEMBL203,Homo sapiens,Epidermal growth factor receptor,9606,,,pIC50,,UO_0000065,,4.96,310.26500000000004,2.7958800000000013,6,2,124.46000000000001
,,139390,[],CHEMBL677391,Inhibition of tyrosine phosphorylation activity of the epidermal growth factor receptor (EGFR) tyrosine kinase from human A-431 carcinoma cell-shed membrane vesicles,B,,,BAO_0000190,BAO_0000019,assay format,Cn1c(SSc2c(C(=O)Nc3ccccc3)c3cc(Br)ccc3n2C)c(C(=O)Nc2ccccc2)c2cc(Br)ccc21,,,CHEMBL1127560,J Med Chem,1994,"{'bei': '6.86', 'le': '0.16', 'lle': '-4.56', 'sei': '7.26'}",,CHEMBL293251,,CHEMBL293251,4.94,0,http://www.openphacts.org/units/Nanomolar,109030,=,1,1,=,,IC50,nM,,11400.0,CHEMBL203,Homo sapiens,Epidermal growth factor receptor,9606,,,IC50,uM,UO_0000065,,11.4,720.5120000000002,9.498999999999995,6,2,68.06
,,313231,[],CHEMBL676067,Inhibitory activity against epidermal growth factor receptor (EGFR),B,,,BAO_0000190,BAO_0000357,single protein format,N#C/C(=C\c1ccc(O)c(O)c1)C(=O)N1CCc2ccccc21,,,CHEMBL1136802,J Med Chem,2003,"{'bei': '16.06', 'le': '0.29', 'lle': '2.33', 'sei': '5.82'}",,CHEMBL56542,,CHEMBL56542,4.92,1,http://www.openphacts.org/units/Nanomolar,275729,=,1,1,=,,IC50,nM,,12022.64,CHEMBL203,Homo sapiens,Epidermal growth factor receptor,9606,,,pIC50,,UO_0000065,,4.92,306.32099999999997,2.594080000000001,4,2,84.55999999999999
,,299857,[],CHEMBL677890,Inhibitory activity against protein tyrosine kinase of Epidermal growth factor receptor was determined,B,,,BAO_0000190,BAO_0000357,single protein format,CNC(=S)N(C)[C@H]1C[C@@H]2O[C@](C)([C@H]1OC)n1c3ccccc3c3c4c(c5c6ccccc6n2c5c31)C(=O)NC4,,,CHEMBL1127758,Bioorg Med Chem Lett,1994,"{'bei': '9.09', 'le': '0.17', 'lle': '0.33', 'sei': '6.75'}",,CHEMBL337035,,CHEMBL337035,4.9,0,http://www.openphacts.org/units/Nanomolar,249307,=,1,1,=,,IC50,nM,,12500.0,CHEMBL203,Homo sapiens,Epidermal growth factor receptor,9606,,,IC50,uM,UO_0000065,,12.5,539.6610000000003,4.570700000000003,6,2,72.69
,,313559,[],CHEMBL677206,Inhibition of epidermal growth factor receptor (EGFr),B,,,BAO_0000190,BAO_0000357,single protein format,CNC(=O)c1c([Se][Se]c2[nH]c3ccccc3c2C(=O)NC)[nH]c2ccccc12,,,CHEMBL1129933,J Med Chem,1997,"{'bei': '9.69', 'le': None, 'lle': None, 'sei': None}",,CHEMBL135861,,CHEMBL135861,4.89,0,http://www.openphacts.org/units/Nanomolar,259287,=,1,1,=,,IC50,nM,,13000.0,CHEMBL203,Homo sapiens,Epidermal growth factor receptor,9606,,,IC50,uM,UO_0000065,,13.0,504.3100000000001,0.6426000000000013,2,4,89.78
,,44695,[],CHEMBL677833,In vitro inhibition of Epidermal growth factor receptor tyrosine kinase isolated from A431 (human carcinoma).,B,,,BAO_0000190,BAO_0000357,single protein format,CN(C)/N=N/c1ccc2ncnc(N(C)c3ccccc3)c2c1,,,CHEMBL1145114,J Med Chem,2003,"{'bei': '15.91', 'le': '0.29', 'lle': '0.91', 'sei': '8.55'}",,CHEMBL344652,,CHEMBL344652,4.88,0,http://www.openphacts.org/units/Nanomolar,262234,=,1,1,=,,IC50,nM,,13350.0,CHEMBL203,Homo sapiens,Epidermal growth factor receptor,9606,,,IC50,uM,UO_0000065,,13.35,306.373,3.958000000000003,5,0,56.980000000000004
,,420076,[],CHEMBL674693,Inhibition of Epidermal growth factor receptor (EGF-R) tyrosine kinase activity ,B,,,BAO_0000190,BAO_0000357,single protein format,Nc1ncnc2c1c(-c1ccccc1)cn2C(CO)Cc1ccc(O)cc1,,,CHEMBL1134829,Bioorg Med Chem Lett,2001,"{'bei': '13.54', 'le': '0.25', 'lle': '1.72', 'sei': '5.02'}",,CHEMBL170438,,CHEMBL170438,4.88,0,http://www.openphacts.org/units/Nanomolar,333362,=,1,1,=,,IC50,nM,,13200.0,CHEMBL203,Homo sapiens,Epidermal growth factor receptor,9606,,,IC50,uM,UO_0000065,,13.2,360.41700000000014,3.1622000000000012,6,3,97.19
,,285899,[],CHEMBL677890,Inhibitory activity against protein tyrosine kinase of Epidermal growth factor receptor was determined,B,,,BAO_0000190,BAO_0000357,single protein format,CO[C@H]1[C@@H](N(C)C(=O)OC(C)(C)C)C[C@@H]2O[C@@]1(C)n1c3ccccc3c3c4c(c5c6ccccc6n2c5c31)C(=O)NC4,,,CHEMBL1127758,Bioorg Med Chem Lett,1994,"{'bei': '8.59', 'le': '0.16', 'lle': '-1.13', 'sei': '5.60'}",,CHEMBL338449,,CHEMBL338449,4.87,0,http://www.openphacts.org/units/Nanomolar,249319,=,1,1,=,,IC50,nM,,13500.0,CHEMBL203,Homo sapiens,Epidermal growth factor receptor,9606,,,IC50,uM,UO_0000065,,13.5,566.6580000000001,6.001500000000006,7,1,86.96000000000001
,,435724,[],CHEMBL677878,Concentration required for inhibition of epidermal growth factor receptor (EGF-R) by tyrosine kinase enzyme activity,B,,,BAO_0000190,BAO_0000357,single protein format,Nc1ncnc2c1c(-c1ccccc1)cn2C1CCNC1,,,CHEMBL1134003,Bioorg Med Chem Lett,2001,"{'bei': '17.44', 'le': '0.32', 'lle': '2.66', 'sei': '7.09'}",,CHEMBL168829,,CHEMBL168829,4.87,0,http://www.openphacts.org/units/Nanomolar,333570,=,1,1,=,,IC50,nM,,13400.0,CHEMBL203,Homo sapiens,Epidermal growth factor receptor,9606,,,IC50,uM,UO_0000065,,13.4,279.34700000000004,2.2149,5,2,68.75999999999999
,,346388,[],CHEMBL680028,Inhibition of autophosphorylation of cytoplasmic domain of epidermal growth factor receptor,B,,,BAO_0000190,BAO_0000357,single protein format,COc1cc2ncc(C#N)c(Nc3ccc(F)c(Cl)c3)c2cc1NC(=O)/C=C/CN1CCOCC1,,,CHEMBL1145020,J Med Chem,2003,"{'bei': '9.81', 'le': '0.19', 'lle': '0.39', 'sei': '4.89'}",,CHEMBL113996,,CHEMBL113996,4.87,0,http://www.openphacts.org/units/Nanomolar,308370,=,1,1,=,,IC50,nM,,13570.0,CHEMBL203,Homo sapiens,Epidermal growth factor receptor,9606,,,IC50,uM,UO_0000065,,13.57,495.94200000000035,4.478080000000003,7,2,99.50999999999999
,,47278,[],CHEMBL674643,Inhibitory concentration of EGF dependent autophosphorylation of epidermal growth factor receptor kinase,B,,,BAO_0000190,BAO_0000357,single protein format,N#CC(C#N)=C(O)c1cc(O)c(O)c(O)c1,,,CHEMBL1124610,J Med Chem,1989,"{'bei': '22.32', 'le': '0.42', 'lle': '3.75', 'sei': '3.79'}",,CHEMBL309598,,CHEMBL309598,4.87,0,http://www.openphacts.org/units/Nanomolar,137174,=,1,1,=,,IC50,nM,,13500.0,CHEMBL203,Homo sapiens,Epidermal growth factor receptor,9606,,,IC50,uM,UO_0000065,,13.5,218.16799999999998,1.1196599999999999,6,4,128.5
,,342459,[],CHEMBL676067,Inhibitory activity against epidermal growth factor receptor (EGFR),B,,,BAO_0000190,BAO_0000357,single protein format,N#C/C(=C\c1ccc(O)c(O)c1)C(=O)c1ccccc1,,,CHEMBL1136802,J Med Chem,2003,"{'bei': '18.28', 'le': '0.33', 'lle': '1.96', 'sei': '5.96'}",,CHEMBL56132,,CHEMBL56132,4.85,1,http://www.openphacts.org/units/Nanomolar,275732,=,1,1,=,,IC50,nM,,14125.38,CHEMBL203,Homo sapiens,Epidermal growth factor receptor,9606,,,pIC50,,UO_0000065,,4.85,265.268,2.8876800000000014,4,2,81.32
,,325567,[],CHEMBL676067,Inhibitory activity against epidermal growth factor receptor (EGFR),B,,,BAO_0000190,BAO_0000357,single protein format,COc1cc(/C=C(\C#N)C(N)=O)cc(CSc2nc3ccccc3[nH]2)c1O,,,CHEMBL1136802,J Med Chem,2003,"{'bei': '12.72', 'le': '0.24', 'lle': '1.88', 'sei': '3.87'}",,CHEMBL331026,,CHEMBL331026,4.84,1,http://www.openphacts.org/units/Nanomolar,275725,=,1,1,=,,IC50,nM,,14454.4,CHEMBL203,Homo sapiens,Epidermal growth factor receptor,9606,,,pIC50,,UO_0000065,,4.84,380.42900000000003,2.9616800000000016,6,3,125.02
,,411591,[],CHEMBL674693,Inhibition of Epidermal growth factor receptor (EGF-R) tyrosine kinase activity ,B,,,BAO_0000190,BAO_0000357,single protein format,COc1ccc(CC(CO)n2cc(-c3ccccc3)c3c(N)ncnc32)cc1,,,CHEMBL1134829,Bioorg Med Chem Lett,2001,"{'bei': '12.93', 'le': '0.24', 'lle': '1.37', 'sei': '5.62'}",,CHEMBL171256,,CHEMBL171256,4.84,0,http://www.openphacts.org/units/Nanomolar,333381,=,1,1,=,,IC50,nM,,14400.0,CHEMBL203,Homo sapiens,Epidermal growth factor receptor,9606,,,IC50,uM,UO_0000065,,14.4,374.44400000000013,3.465200000000001,6,2,86.19
,,388709,[],CHEMBL674029,Inhibition of EGF-stimulated EGFR tyrosine kinase activity using plasma membrane vesicles shed from cultured human A431 carcinoma cells,F,,,BAO_0000190,BAO_0000219,cell-based format,O=C(O)CC1C(S)=Nc2ccccc21,,,CHEMBL1127050,J Med Chem,1993,,,CHEMBL83429,,CHEMBL83429,4.83,0,http://www.openphacts.org/units/Nanomolar,146877,=,1,1,=,,IC50,nM,,14900.0,CHEMBL203,Homo sapiens,Epidermal growth factor receptor,9606,,,IC50,uM,UO_0000065,,14.9,207.254,2.2183,2,2,49.66
,,330799,[],CHEMBL676067,Inhibitory activity against epidermal growth factor receptor (EGFR),B,,,BAO_0000190,BAO_0000357,single protein format,Cc1ccc(C(=O)/C(C#N)=C/c2ccc(O)c(O)c2)cc1,,,CHEMBL1136802,J Med Chem,2003,"{'bei': '17.26', 'le': '0.31', 'lle': '1.62', 'sei': '5.93'}",,CHEMBL54471,,CHEMBL54471,4.82,1,http://www.openphacts.org/units/Nanomolar,275718,=,1,1,=,,IC50,nM,,15135.61,CHEMBL203,Homo sapiens,Epidermal growth factor receptor,9606,,,pIC50,,UO_0000065,,4.82,279.295,3.196100000000002,4,2,81.32000000000001
,,343640,[],CHEMBL676067,Inhibitory activity against epidermal growth factor receptor (EGFR),B,,,BAO_0000190,BAO_0000357,single protein format,COc1cc(/C=C(/C#N)C(N)=O)cc(CSCc2ccc(Cl)cc2)c1O,,,CHEMBL1136802,J Med Chem,2003,"{'bei': '12.34', 'le': '0.25', 'lle': '0.92', 'sei': '4.98'}",,CHEMBL141175,,CHEMBL141175,4.8,0,http://www.openphacts.org/units/Nanomolar,275701,=,1,1,=,,IC50,nM,,15848.93,CHEMBL203,Homo sapiens,Epidermal growth factor receptor,9606,,,pIC50,,UO_0000065,,4.8,388.8760000000001,3.879880000000003,5,2,96.33999999999999
,,389992,[],CHEMBL674029,Inhibition of EGF-stimulated EGFR tyrosine kinase activity using plasma membrane vesicles shed from cultured human A431 carcinoma cells,F,,,BAO_0000190,BAO_0000219,cell-based format,COC(=O)Cc1c(SSc2[nH]c3ccccc3c2CC(=O)OC)[nH]c2ccccc12,,,CHEMBL1127050,J Med Chem,1993,,,CHEMBL83838,,CHEMBL83838,4.75,0,http://www.openphacts.org/units/Nanomolar,146852,=,1,1,=,,IC50,nM,,18000.0,CHEMBL203,Homo sapiens,Epidermal growth factor receptor,9606,,,IC50,uM,UO_0000065,,18.0,440.5460000000003,4.879600000000003,6,2,84.18
,,358713,[],CHEMBL674029,Inhibition of EGF-stimulated EGFR tyrosine kinase activity using plasma membrane vesicles shed from cultured human A431 carcinoma cells,F,,,BAO_0000190,BAO_0000219,cell-based format,O=C(O)CCCc1c(SSc2[nH]c3ccccc3c2CCCC(=O)O)[nH]c2ccccc12,,,CHEMBL1127050,J Med Chem,1993,,,CHEMBL79531,,CHEMBL79531,4.75,0,http://www.openphacts.org/units/Nanomolar,146860,=,1,1,=,,IC50,nM,,18000.0,CHEMBL203,Homo sapiens,Epidermal growth factor receptor,9606,,,IC50,uM,UO_0000065,,18.0,468.6000000000003,6.263200000000004,4,4,106.18
,,336077,[],CHEMBL676067,Inhibitory activity against epidermal growth factor receptor (EGFR),B,,,BAO_0000190,BAO_0000357,single protein format,COc1cc(/C=C(\C#N)C(N)=O)cc(CSc2nc3ccccc3s2)c1O,,,CHEMBL1136802,J Med Chem,2003,"{'bei': '11.87', 'le': '0.24', 'lle': '1.02', 'sei': '4.32'}",,CHEMBL118109,,CHEMBL118109,4.72,1,http://www.openphacts.org/units/Nanomolar,275728,=,1,1,=,,IC50,nM,,19054.61,CHEMBL203,Homo sapiens,Epidermal growth factor receptor,9606,,,pIC50,,UO_0000065,,4.72,397.48100000000005,3.695080000000002,7,2,109.22999999999999
,,305236,[],CHEMBL676067,Inhibitory activity against epidermal growth factor receptor (EGFR),B,,,BAO_0000190,BAO_0000357,single protein format,Cc1cc(C)c(C(=O)/C(C#N)=C/c2ccc(O)c(O)c2)c(C)c1,,,CHEMBL1136802,J Med Chem,2003,"{'bei': '15.36', 'le': '0.28', 'lle': '0.91', 'sei': '5.80'}",,CHEMBL55993,,CHEMBL55993,4.72,0,http://www.openphacts.org/units/Nanomolar,275687,=,1,1,=,,IC50,nM,,19054.61,CHEMBL203,Homo sapiens,Epidermal growth factor receptor,9606,,,pIC50,,UO_0000065,,4.72,307.34900000000005,3.812940000000003,4,2,81.32000000000001
,,333587,[],CHEMBL676067,Inhibitory activity against epidermal growth factor receptor (EGFR),B,,,BAO_0000190,BAO_0000357,single protein format,Cc1cc(C)c(NC(=O)/C(C#N)=C/c2ccc(O)c(O)c2)c(C)c1,,,CHEMBL1136802,J Med Chem,2003,"{'bei': '14.64', 'le': '0.27', 'lle': '1.15', 'sei': '5.06'}",,CHEMBL141238,,CHEMBL141238,4.72,0,http://www.openphacts.org/units/Nanomolar,275708,=,1,1,=,,IC50,nM,,19054.61,CHEMBL203,Homo sapiens,Epidermal growth factor receptor,9606,,,pIC50,,UO_0000065,,4.72,322.36400000000003,3.5687400000000027,4,3,93.35000000000001
,,132094,[],CHEMBL677391,Inhibition of tyrosine phosphorylation activity of the epidermal growth factor receptor (EGFR) tyrosine kinase from human A-431 carcinoma cell-shed membrane vesicles,B,,,BAO_0000190,BAO_0000019,assay format,CC(=O)Oc1cccc2c1c(C(=O)Nc1ccccc1)c(SSc1c(C(=O)Nc3ccccc3)c3c(OC(C)=O)cccc3n1C)n2C,,,CHEMBL1127560,J Med Chem,1994,"{'bei': '6.92', 'le': '0.13', 'lle': '-3.12', 'sei': '3.89'}",,CHEMBL59812,,CHEMBL59812,4.7,0,http://www.openphacts.org/units/Nanomolar,109056,=,1,1,=,,IC50,nM,,20000.0,CHEMBL203,Homo sapiens,Epidermal growth factor receptor,9606,,,IC50,uM,UO_0000065,,20.0,678.792,7.824600000000006,10,2,120.66000000000003
,,111721,[],CHEMBL676146,Inhibition of EGF-dependent DNA synthesis in ER 22 cells incubated with [3H]TdR,F,,,BAO_0000190,BAO_0000219,cell-based format,COC(=O)c1cc(NCc2ccccc2O)ccc1O,,,CHEMBL1127084,J Med Chem,1993,,,CHEMBL132907,,CHEMBL132907,4.7,0,http://www.openphacts.org/units/Nanomolar,252393,=,1,1,=,,IC50,nM,,20000.0,CHEMBL203,Homo sapiens,Epidermal growth factor receptor,9606,,,IC50,uM,UO_0000065,,20.0,273.28800000000007,2.4965000000000006,5,3,78.79
,,335761,[],CHEMBL679946,Concentration required to inhibit phosphorylation of isolated human epidermal growth factor tyrosine kinase receptor by 50%,B,,,BAO_0000190,BAO_0000357,single protein format,COc1ccc(/C=C/c2cnc3cc(OC)c(OC)cc3c2)cc1,,,CHEMBL1127568,J Med Chem,1994,"{'bei': '14.62', 'le': '0.27', 'lle': '0.27', 'sei': '11.58'}",,CHEMBL66101,,CHEMBL66101,4.7,0,http://www.openphacts.org/units/Nanomolar,117744,=,1,1,=,,IC50,nM,,20000.0,CHEMBL203,Homo sapiens,Epidermal growth factor receptor,9606,,,IC50,uM,UO_0000065,,20.0,321.376,4.431000000000004,4,0,40.58
,,324104,[],CHEMBL679946,Concentration required to inhibit phosphorylation of isolated human epidermal growth factor tyrosine kinase receptor by 50%,B,,,BAO_0000190,BAO_0000357,single protein format,COc1ccc(-c2cnc3cc(OC)c(OC)cc3c2)c(OC)c1,,,CHEMBL1127568,J Med Chem,1994,,,CHEMBL67991,,CHEMBL67991,4.698970004336019,0,http://www.openphacts.org/units/Nanomolar,117746,>,1,1,>,,IC50,nM,,20000.0,CHEMBL203,Homo sapiens,Epidermal growth factor receptor,9606,,,IC50,uM,UO_0000065,,20.0,325.3640000000001,3.936200000000003,5,0,49.81
,,324101,[],CHEMBL679946,Concentration required to inhibit phosphorylation of isolated human epidermal growth factor tyrosine kinase receptor by 50%,B,,,BAO_0000190,BAO_0000357,single protein format,COc1cc(OC)c2cc(-c3ccsc3)cnc2c1,,,CHEMBL1127568,J Med Chem,1994,,,CHEMBL66071,,CHEMBL66071,4.698970004336019,0,http://www.openphacts.org/units/Nanomolar,117740,>,1,1,>,,IC50,nM,,20000.0,CHEMBL203,Homo sapiens,Epidermal growth factor receptor,9606,,,IC50,uM,UO_0000065,,20.0,271.341,3.980500000000003,4,0,31.35
,,329343,[],CHEMBL679946,Concentration required to inhibit phosphorylation of isolated human epidermal growth factor tyrosine kinase receptor by 50%,B,,,BAO_0000190,BAO_0000357,single protein format,COc1cc2cc(-c3cc(F)c(OC)c(F)c3)cnc2cc1OC,,,CHEMBL1127568,J Med Chem,1994,,,CHEMBL66924,,CHEMBL66924,4.698970004336019,0,http://www.openphacts.org/units/Nanomolar,117772,>,1,1,>,,IC50,nM,,20000.0,CHEMBL203,Homo sapiens,Epidermal growth factor receptor,9606,,,IC50,uM,UO_0000065,,20.0,331.31800000000004,4.2058000000000035,4,0,40.58
,,322971,[],CHEMBL679946,Concentration required to inhibit phosphorylation of isolated human epidermal growth factor tyrosine kinase receptor by 50%,B,,,BAO_0000190,BAO_0000357,single protein format,COc1cc2cc(NCc3ccccc3)cnc2cc1OC,,,CHEMBL1127568,J Med Chem,1994,,,CHEMBL65850,,CHEMBL65850,4.698970004336019,0,http://www.openphacts.org/units/Nanomolar,117766,>,1,1,>,,IC50,nM,,20000.0,CHEMBL203,Homo sapiens,Epidermal growth factor receptor,9606,,,IC50,uM,UO_0000065,,20.0,294.3540000000001,3.8641000000000023,4,1,43.379999999999995
,,308969,[],CHEMBL679946,Concentration required to inhibit phosphorylation of isolated human epidermal growth factor tyrosine kinase receptor by 50%,B,,,BAO_0000190,BAO_0000357,single protein format,COc1cc2cc(O)cnc2cc1OC,,,CHEMBL1127568,J Med Chem,1994,,,CHEMBL308879,,CHEMBL308879,4.698970004336019,0,http://www.openphacts.org/units/Nanomolar,117755,>,1,1,>,,IC50,nM,,20000.0,CHEMBL203,Homo sapiens,Epidermal growth factor receptor,9606,,,IC50,uM,UO_0000065,,20.0,205.21299999999997,1.9575999999999996,4,1,51.58
,,308971,[],CHEMBL679946,Concentration required to inhibit phosphorylation of isolated human epidermal growth factor tyrosine kinase receptor by 50%,B,,,BAO_0000190,BAO_0000357,single protein format,COc1cc2cc(-c3ccc4ccccc4c3)cnc2cc1OC,,,CHEMBL1127568,J Med Chem,1994,,,CHEMBL417740,,CHEMBL417740,4.698970004336019,0,http://www.openphacts.org/units/Nanomolar,117785,>,1,1,>,,IC50,nM,,20000.0,CHEMBL203,Homo sapiens,Epidermal growth factor receptor,9606,,,IC50,uM,UO_0000065,,20.0,315.3720000000001,5.072200000000004,3,0,31.35
,,322967,[],CHEMBL679946,Concentration required to inhibit phosphorylation of isolated human epidermal growth factor tyrosine kinase receptor by 50%,B,,,BAO_0000190,BAO_0000357,single protein format,COc1cc2cc(/C=C/c3ccccc3)cnc2cc1OC,,,CHEMBL1127568,J Med Chem,1994,,,CHEMBL70149,,CHEMBL70149,4.698970004336019,0,http://www.openphacts.org/units/Nanomolar,117782,>,1,1,>,,IC50,nM,,20000.0,CHEMBL203,Homo sapiens,Epidermal growth factor receptor,9606,,,IC50,uM,UO_0000065,,20.0,291.3500000000001,4.422400000000004,3,0,31.35
,,320353,[],CHEMBL679946,Concentration required to inhibit phosphorylation of isolated human epidermal growth factor tyrosine kinase receptor by 50%,B,,,BAO_0000190,BAO_0000357,single protein format,COc1ccc2ncc(-c3ccsc3)cc2c1,,,CHEMBL1127568,J Med Chem,1994,,,CHEMBL303184,,CHEMBL303184,4.698970004336019,0,http://www.openphacts.org/units/Nanomolar,117787,>,1,1,>,,IC50,nM,,20000.0,CHEMBL203,Homo sapiens,Epidermal growth factor receptor,9606,,,IC50,uM,UO_0000065,,20.0,241.31500000000003,3.9719000000000024,3,0,22.12
,,321615,[],CHEMBL679946,Concentration required to inhibit phosphorylation of isolated human epidermal growth factor tyrosine kinase receptor by 50%,B,,,BAO_0000190,BAO_0000357,single protein format,COc1cc2cc(CCC3CCCCC3)cnc2cc1OC,,,CHEMBL1127568,J Med Chem,1994,,,CHEMBL66786,,CHEMBL66786,4.698970004336019,0,http://www.openphacts.org/units/Nanomolar,117759,>,1,1,>,,IC50,nM,,20000.0,CHEMBL203,Homo sapiens,Epidermal growth factor receptor,9606,,,IC50,uM,UO_0000065,,20.0,299.414,4.764900000000004,3,0,31.35
,,322844,[],CHEMBL679946,Concentration required to inhibit phosphorylation of isolated human epidermal growth factor tyrosine kinase receptor by 50%,B,,,BAO_0000190,BAO_0000357,single protein format,COc1ccc(-c2cnc3cc(OC)c(OC)cc3c2)s1,,,CHEMBL1127568,J Med Chem,1994,,,CHEMBL302745,,CHEMBL302745,4.698970004336019,0,http://www.openphacts.org/units/Nanomolar,117747,>,1,1,>,,IC50,nM,,20000.0,CHEMBL203,Homo sapiens,Epidermal growth factor receptor,9606,,,IC50,uM,UO_0000065,,20.0,301.367,3.989100000000003,5,0,40.58
,,139439,[],CHEMBL676146,Inhibition of EGF-dependent DNA synthesis in ER 22 cells incubated with [3H]TdR,F,,,BAO_0000190,BAO_0000219,cell-based format,O=C(O)c1cc(NCc2ccccc2O)ccc1O,,,CHEMBL1127084,J Med Chem,1993,,,CHEMBL131407,,CHEMBL131407,4.698970004336019,0,http://www.openphacts.org/units/Nanomolar,252394,>,1,1,>,,IC50,nM,,20000.0,CHEMBL203,Homo sapiens,Epidermal growth factor receptor,9606,,,IC50,uM,UO_0000065,,20.0,259.261,2.4081000000000006,4,4,89.79
,,320355,[],CHEMBL679946,Concentration required to inhibit phosphorylation of isolated human epidermal growth factor tyrosine kinase receptor by 50%,B,,,BAO_0000190,BAO_0000357,single protein format,COc1cc2cc(N)cnc2cc1OC,,,CHEMBL1127568,J Med Chem,1994,,,CHEMBL303037,,CHEMBL303037,4.698970004336019,0,http://www.openphacts.org/units/Nanomolar,117786,>,1,1,>,,IC50,nM,,20000.0,CHEMBL203,Homo sapiens,Epidermal growth factor receptor,9606,,,IC50,uM,UO_0000065,,20.0,204.22899999999998,1.8341999999999998,4,1,57.370000000000005
,,68467,[],CHEMBL674637,Inhibitory activity towards tyrosine phosphorylation for the epidermal growth factor-receptor kinase,B,,,BAO_0000190,BAO_0000357,single protein format,O=C1Nc2ncnc(Nc3ccc(F)c(Cl)c3)c2/C1=C/c1ccc[nH]1,,,CHEMBL1134862,Bioorg Med Chem Lett,2002,,,CHEMBL69106,,CHEMBL69106,4.698970004336019,0,http://www.openphacts.org/units/Nanomolar,119481,>,1,1,>,,IC50,nM,,20000.0,CHEMBL203,Homo sapiens,Epidermal growth factor receptor,9606,,,IC50,uM,UO_0000065,,20.0,355.76000000000005,3.8335000000000017,4,3,82.69999999999999
,,67211,[],CHEMBL674637,Inhibitory activity towards tyrosine phosphorylation for the epidermal growth factor-receptor kinase,B,,,BAO_0000190,BAO_0000357,single protein format,Cc1cc(C)c(/C=C2\C(=O)N(C)c3ncnc(Nc4ccc(F)c(Cl)c4)c32)[nH]1,,,CHEMBL1134862,Bioorg Med Chem Lett,2002,,,CHEMBL69709,,CHEMBL69709,4.698970004336019,0,http://www.openphacts.org/units/Nanomolar,119496,>,1,1,>,,IC50,nM,,20000.0,CHEMBL203,Homo sapiens,Epidermal growth factor receptor,9606,,,IC50,uM,UO_0000065,,20.0,397.84100000000007,4.4746400000000035,4,2,73.91
,,317919,[],CHEMBL679946,Concentration required to inhibit phosphorylation of isolated human epidermal growth factor tyrosine kinase receptor by 50%,B,,,BAO_0000190,BAO_0000357,single protein format,COc1cc2cc(-c3ccc(OC)c([N+](=O)[O-])c3)cnc2cc1OC,,,CHEMBL1127568,J Med Chem,1994,,,CHEMBL67170,,CHEMBL67170,4.698970004336019,0,http://www.openphacts.org/units/Nanomolar,117777,>,1,1,>,,IC50,nM,,20000.0,CHEMBL203,Homo sapiens,Epidermal growth factor receptor,9606,,,IC50,uM,UO_0000065,,20.0,340.3350000000001,3.8358000000000025,6,0,83.72
,,319023,[],CHEMBL679946,Concentration required to inhibit phosphorylation of isolated human epidermal growth factor tyrosine kinase receptor by 50%,B,,,BAO_0000190,BAO_0000357,single protein format,COc1cc2cc(-c3ccc(OCc4ccccc4)cc3)cnc2cc1OC,,,CHEMBL1127568,J Med Chem,1994,,,CHEMBL308210,,CHEMBL308210,4.698970004336019,0,http://www.openphacts.org/units/Nanomolar,117745,>,1,1,>,,IC50,nM,,20000.0,CHEMBL203,Homo sapiens,Epidermal growth factor receptor,9606,,,IC50,uM,UO_0000065,,20.0,371.4360000000001,5.498000000000005,4,0,40.58
,,319107,[],CHEMBL679946,Concentration required to inhibit phosphorylation of isolated human epidermal growth factor tyrosine kinase receptor by 50%,B,,,BAO_0000190,BAO_0000357,single protein format,COc1ccc2cc(-c3c[nH]c4ccccc34)cnc2c1OC,,,CHEMBL1127568,J Med Chem,1994,,,CHEMBL430605,,CHEMBL430605,4.698970004336019,0,http://www.openphacts.org/units/Nanomolar,117789,>,1,1,>,,IC50,nM,,20000.0,CHEMBL203,Homo sapiens,Epidermal growth factor receptor,9606,,,IC50,uM,UO_0000065,,20.0,304.3490000000001,4.400300000000002,3,1,47.14
,,314306,[],CHEMBL679946,Concentration required to inhibit phosphorylation of isolated human epidermal growth factor tyrosine kinase receptor by 50%,B,,,BAO_0000190,BAO_0000357,single protein format,COc1ccc(CCc2cnc3cc(OC)c(OC)cc3c2)cc1,,,CHEMBL1127568,J Med Chem,1994,,,CHEMBL66787,,CHEMBL66787,4.698970004336019,0,http://www.openphacts.org/units/Nanomolar,117760,>,1,1,>,,IC50,nM,,20000.0,CHEMBL203,Homo sapiens,Epidermal growth factor receptor,9606,,,IC50,uM,UO_0000065,,20.0,323.39200000000005,4.0458000000000025,4,0,40.58
,,316547,[],CHEMBL679946,Concentration required to inhibit phosphorylation of isolated human epidermal growth factor tyrosine kinase receptor by 50%,B,,,BAO_0000190,BAO_0000357,single protein format,c1cc(-c2cnc3cc4c(cc3c2)OCO4)cs1,,,CHEMBL1127568,J Med Chem,1994,,,CHEMBL69378,,CHEMBL69378,4.698970004336019,0,http://www.openphacts.org/units/Nanomolar,117741,>,1,1,>,,IC50,nM,,20000.0,CHEMBL203,Homo sapiens,Epidermal growth factor receptor,9606,,,IC50,uM,UO_0000065,,20.0,255.29799999999997,3.692000000000001,4,0,31.35
,,316633,[],CHEMBL679946,Concentration required to inhibit phosphorylation of isolated human epidermal growth factor tyrosine kinase receptor by 50%,B,,,BAO_0000190,BAO_0000357,single protein format,COc1cc2cc(-c3sccc3Cl)cnc2cc1OC,,,CHEMBL1127568,J Med Chem,1994,,,CHEMBL306234,,CHEMBL306234,4.698970004336019,0,http://www.openphacts.org/units/Nanomolar,117780,>,1,1,>,,IC50,nM,,20000.0,CHEMBL203,Homo sapiens,Epidermal growth factor receptor,9606,,,IC50,uM,UO_0000065,,20.0,305.78600000000006,4.633900000000002,4,0,31.35
,,314304,[],CHEMBL679946,Concentration required to inhibit phosphorylation of isolated human epidermal growth factor tyrosine kinase receptor by 50%,B,,,BAO_0000190,BAO_0000357,single protein format,COc1cc2cc(-c3ccc(O)cc3)cnc2cc1OC,,,CHEMBL1127568,J Med Chem,1994,,,CHEMBL303704,,CHEMBL303704,4.698970004336019,0,http://www.openphacts.org/units/Nanomolar,117761,>,1,1,>,,IC50,nM,,20000.0,CHEMBL203,Homo sapiens,Epidermal growth factor receptor,9606,,,IC50,uM,UO_0000065,,20.0,281.31100000000004,3.6246000000000027,4,1,51.58
,,319113,[],CHEMBL679946,Concentration required to inhibit phosphorylation of isolated human epidermal growth factor tyrosine kinase receptor by 50%,B,,,BAO_0000190,BAO_0000357,single protein format,COc1cc2cc(C3CCCC3)cnc2cc1OC,,,CHEMBL1127568,J Med Chem,1994,,,CHEMBL66785,,CHEMBL66785,4.698970004336019,0,http://www.openphacts.org/units/Nanomolar,117758,>,1,1,>,,IC50,nM,,20000.0,CHEMBL203,Homo sapiens,Epidermal growth factor receptor,9606,,,IC50,uM,UO_0000065,,20.0,257.3329999999999,3.909600000000003,3,0,31.35
,,319109,[],CHEMBL679946,Concentration required to inhibit phosphorylation of isolated human epidermal growth factor tyrosine kinase receptor by 50%,B,,,BAO_0000190,BAO_0000357,single protein format,COc1cccc(-c2cnc3cc(OC)c(OC)cc3c2)c1,,,CHEMBL1127568,J Med Chem,1994,,,CHEMBL308466,,CHEMBL308466,4.698970004336019,0,http://www.openphacts.org/units/Nanomolar,117779,>,1,1,>,,IC50,nM,,20000.0,CHEMBL203,Homo sapiens,Epidermal growth factor receptor,9606,,,IC50,uM,UO_0000065,,20.0,295.33799999999997,3.9276000000000026,4,0,40.58
,,312892,[],CHEMBL679946,Concentration required to inhibit phosphorylation of isolated human epidermal growth factor tyrosine kinase receptor by 50%,B,,,BAO_0000190,BAO_0000357,single protein format,COc1ccc2cc(-c3ccsc3)cnc2c1,,,CHEMBL1127568,J Med Chem,1994,,,CHEMBL68185,,CHEMBL68185,4.698970004336019,0,http://www.openphacts.org/units/Nanomolar,117732,>,1,1,>,,IC50,nM,,20000.0,CHEMBL203,Homo sapiens,Epidermal growth factor receptor,9606,,,IC50,uM,UO_0000065,,20.0,241.31500000000003,3.9719000000000024,3,0,22.12
,,51818,[],CHEMBL674637,Inhibitory activity towards tyrosine phosphorylation for the epidermal growth factor-receptor kinase,B,,,BAO_0000190,BAO_0000357,single protein format,Cc1cc(C(=O)N2CCOCC2)[nH]c1/C=C1\C(=O)Nc2ncnc(N3CCCCC3)c21,,,CHEMBL1134862,Bioorg Med Chem Lett,2002,,,CHEMBL68258,,CHEMBL68258,4.698970004336019,0,http://www.openphacts.org/units/Nanomolar,119497,>,1,1,>,,IC50,nM,,20000.0,CHEMBL203,Homo sapiens,Epidermal growth factor receptor,9606,,,IC50,uM,UO_0000065,,20.0,422.48900000000026,2.0685199999999995,6,2,103.44999999999999
,,314215,[],CHEMBL679946,Concentration required to inhibit phosphorylation of isolated human epidermal growth factor tyrosine kinase receptor by 50%,B,,,BAO_0000190,BAO_0000357,single protein format,COc1ccc(-c2cnc3cc(OC)c(OC)cc3c2)cc1OC,,,CHEMBL1127568,J Med Chem,1994,,,CHEMBL66100,,CHEMBL66100,4.698970004336019,0,http://www.openphacts.org/units/Nanomolar,117743,>,1,1,>,,IC50,nM,,20000.0,CHEMBL203,Homo sapiens,Epidermal growth factor receptor,9606,,,IC50,uM,UO_0000065,,20.0,325.3640000000001,3.936200000000003,5,0,49.81
,,319111,[],CHEMBL679946,Concentration required to inhibit phosphorylation of isolated human epidermal growth factor tyrosine kinase receptor by 50%,B,,,BAO_0000190,BAO_0000357,single protein format,COc1cc2cc(C#Cc3ccccc3)cnc2cc1OC,,,CHEMBL1127568,J Med Chem,1994,,,CHEMBL67059,,CHEMBL67059,4.698970004336019,0,http://www.openphacts.org/units/Nanomolar,117769,>,1,1,>,,IC50,nM,,20000.0,CHEMBL203,Homo sapiens,Epidermal growth factor receptor,9606,,,IC50,uM,UO_0000065,,20.0,289.33400000000006,3.6518000000000024,3,0,31.35
,,317854,[],CHEMBL679946,Concentration required to inhibit phosphorylation of isolated human epidermal growth factor tyrosine kinase receptor by 50%,B,,,BAO_0000190,BAO_0000357,single protein format,COc1cc2cc(-c3ccc(C)cc3)cnc2cc1OC,,,CHEMBL1127568,J Med Chem,1994,,,CHEMBL67219,,CHEMBL67219,4.698970004336019,0,http://www.openphacts.org/units/Nanomolar,117742,>,1,1,>,,IC50,nM,,20000.0,CHEMBL203,Homo sapiens,Epidermal growth factor receptor,9606,,,IC50,uM,UO_0000065,,20.0,279.33900000000006,4.227420000000003,3,0,31.35
,,329283,[],CHEMBL679946,Concentration required to inhibit phosphorylation of isolated human epidermal growth factor tyrosine kinase receptor by 50%,B,,,BAO_0000190,BAO_0000357,single protein format,COc1cc2cc(-c3cccc(F)c3)cnc2cc1OC,,,CHEMBL1127568,J Med Chem,1994,,,CHEMBL302491,,CHEMBL302491,4.698970004336019,0,http://www.openphacts.org/units/Nanomolar,117735,>,1,1,>,,IC50,nM,,20000.0,CHEMBL203,Homo sapiens,Epidermal growth factor receptor,9606,,,IC50,uM,UO_0000065,,20.0,283.302,4.058100000000003,3,0,31.35
,,329341,[],CHEMBL679946,Concentration required to inhibit phosphorylation of isolated human epidermal growth factor tyrosine kinase receptor by 50%,B,,,BAO_0000190,BAO_0000357,single protein format,Cc1cc(C)c2cc(-c3ccsc3)cnc2c1,,,CHEMBL1127568,J Med Chem,1994,,,CHEMBL304333,,CHEMBL304333,4.698970004336019,0,http://www.openphacts.org/units/Nanomolar,117774,>,1,1,>,,IC50,nM,,20000.0,CHEMBL203,Homo sapiens,Epidermal growth factor receptor,9606,,,IC50,uM,UO_0000065,,20.0,239.34300000000002,4.580140000000003,2,0,12.89
,,337074,[],CHEMBL679946,Concentration required to inhibit phosphorylation of isolated human epidermal growth factor tyrosine kinase receptor by 50%,B,,,BAO_0000190,BAO_0000357,single protein format,COc1cc2cc([N+](=O)[O-])cnc2cc1OC,,,CHEMBL1127568,J Med Chem,1994,,,CHEMBL66008,,CHEMBL66008,4.698970004336019,0,http://www.openphacts.org/units/Nanomolar,117754,>,1,1,>,,IC50,nM,,20000.0,CHEMBL203,Homo sapiens,Epidermal growth factor receptor,9606,,,IC50,uM,UO_0000065,,20.0,234.21099999999998,2.1601999999999997,5,0,74.49000000000001
,,338292,[],CHEMBL679946,Concentration required to inhibit phosphorylation of isolated human epidermal growth factor tyrosine kinase receptor by 50%,B,,,BAO_0000190,BAO_0000357,single protein format,C(=C/c1cnc2ccccc2c1)\c1ccccc1,,,CHEMBL1127568,J Med Chem,1994,,,CHEMBL65858,,CHEMBL65858,4.698970004336019,0,http://www.openphacts.org/units/Nanomolar,117737,>,1,1,>,,IC50,nM,,20000.0,CHEMBL203,Homo sapiens,Epidermal growth factor receptor,9606,,,IC50,uM,UO_0000065,,20.0,231.298,4.405200000000003,1,0,12.89
,,341113,[],CHEMBL679946,Concentration required to inhibit phosphorylation of isolated human epidermal growth factor tyrosine kinase receptor by 50%,B,,,BAO_0000190,BAO_0000357,single protein format,COc1cc2cc(-c3c[nH]c4ccccc34)cnc2cc1OC,,,CHEMBL1127568,J Med Chem,1994,,,CHEMBL302545,,CHEMBL302545,4.698970004336019,0,http://www.openphacts.org/units/Nanomolar,117791,>,1,1,>,,IC50,nM,,20000.0,CHEMBL203,Homo sapiens,Epidermal growth factor receptor,9606,,,IC50,uM,UO_0000065,,20.0,304.34900000000005,4.400300000000003,3,1,47.14
,,339747,[],CHEMBL679946,Concentration required to inhibit phosphorylation of isolated human epidermal growth factor tyrosine kinase receptor by 50%,B,,,BAO_0000190,BAO_0000357,single protein format,COc1ccc(-c2cnc3cc(OC)c(OC)cc3c2)cc1F,,,CHEMBL1127568,J Med Chem,1994,,,CHEMBL67436,,CHEMBL67436,4.698970004336019,0,http://www.openphacts.org/units/Nanomolar,117771,>,1,1,>,,IC50,nM,,20000.0,CHEMBL203,Homo sapiens,Epidermal growth factor receptor,9606,,,IC50,uM,UO_0000065,,20.0,313.32800000000003,4.066700000000003,4,0,40.58
,,335845,[],CHEMBL679946,Concentration required to inhibit phosphorylation of isolated human epidermal growth factor tyrosine kinase receptor by 50%,B,,,BAO_0000190,BAO_0000357,single protein format,COc1cc2cc(-c3ccc(-c4ccccc4)cc3)cnc2cc1OC,,,CHEMBL1127568,J Med Chem,1994,,,CHEMBL66329,,CHEMBL66329,4.698970004336019,0,http://www.openphacts.org/units/Nanomolar,117756,>,1,1,>,,IC50,nM,,20000.0,CHEMBL203,Homo sapiens,Epidermal growth factor receptor,9606,,,IC50,uM,UO_0000065,,20.0,341.41000000000014,5.586000000000005,3,0,31.35
,,334586,[],CHEMBL679946,Concentration required to inhibit phosphorylation of isolated human epidermal growth factor tyrosine kinase receptor by 50%,B,,,BAO_0000190,BAO_0000357,single protein format,COc1cc2cc(-c3ccc(F)cc3)cnc2cc1OC,,,CHEMBL1127568,J Med Chem,1994,,,CHEMBL68401,,CHEMBL68401,4.698970004336019,0,http://www.openphacts.org/units/Nanomolar,117736,>,1,1,>,,IC50,nM,,20000.0,CHEMBL203,Homo sapiens,Epidermal growth factor receptor,9606,,,IC50,uM,UO_0000065,,20.0,283.302,4.058100000000003,3,0,31.35
,,335759,[],CHEMBL679946,Concentration required to inhibit phosphorylation of isolated human epidermal growth factor tyrosine kinase receptor by 50%,B,,,BAO_0000190,BAO_0000357,single protein format,COc1cc2cc(-c3ccc(N(C)C)cc3)cnc2cc1OC,,,CHEMBL1127568,J Med Chem,1994,,,CHEMBL66502,,CHEMBL66502,4.698970004336019,0,http://www.openphacts.org/units/Nanomolar,117733,>,1,1,>,,IC50,nM,,20000.0,CHEMBL203,Homo sapiens,Epidermal growth factor receptor,9606,,,IC50,uM,UO_0000065,,20.0,308.3810000000001,3.985000000000003,4,0,34.59
,,335757,[],CHEMBL679946,Concentration required to inhibit phosphorylation of isolated human epidermal growth factor tyrosine kinase receptor by 50%,B,,,BAO_0000190,BAO_0000357,single protein format,COc1ccc(-c2cnc3cc(OC)c(OC)cc3c2)cn1,,,CHEMBL1127568,J Med Chem,1994,,,CHEMBL66612,,CHEMBL66612,4.698970004336019,0,http://www.openphacts.org/units/Nanomolar,117730,>,1,1,>,,IC50,nM,,20000.0,CHEMBL203,Homo sapiens,Epidermal growth factor receptor,9606,,,IC50,uM,UO_0000065,,20.0,296.326,3.3226000000000013,5,0,53.47
,,335849,[],CHEMBL679946,Concentration required to inhibit phosphorylation of isolated human epidermal growth factor tyrosine kinase receptor by 50%,B,,,BAO_0000190,BAO_0000357,single protein format,c1ccc2ncc(-c3ccsc3)cc2c1,,,CHEMBL1127568,J Med Chem,1994,,,CHEMBL304310,,CHEMBL304310,4.698970004336019,0,http://www.openphacts.org/units/Nanomolar,117775,>,1,1,>,,IC50,nM,,20000.0,CHEMBL203,Homo sapiens,Epidermal growth factor receptor,9606,,,IC50,uM,UO_0000065,,20.0,211.289,3.963300000000002,2,0,12.89
,,335847,[],CHEMBL679946,Concentration required to inhibit phosphorylation of isolated human epidermal growth factor tyrosine kinase receptor by 50%,B,,,BAO_0000190,BAO_0000357,single protein format,COc1cc2cc(-c3ccc(Cl)c(Cl)c3)cnc2cc1OC,,,CHEMBL1127568,J Med Chem,1994,,,CHEMBL67702,,CHEMBL67702,4.698970004336019,0,http://www.openphacts.org/units/Nanomolar,117784,>,1,1,>,,IC50,nM,,20000.0,CHEMBL203,Homo sapiens,Epidermal growth factor receptor,9606,,,IC50,uM,UO_0000065,,20.0,334.2020000000001,5.225800000000002,3,0,31.35
,,333315,[],CHEMBL679946,Concentration required to inhibit phosphorylation of isolated human epidermal growth factor tyrosine kinase receptor by 50%,B,,,BAO_0000190,BAO_0000357,single protein format,COc1cc2cc(-c3ccc(O)nc3)cnc2cc1OC,,,CHEMBL1127568,J Med Chem,1994,,,CHEMBL66981,,CHEMBL66981,4.698970004336019,0,http://www.openphacts.org/units/Nanomolar,117762,>,1,1,>,,IC50,nM,,20000.0,CHEMBL203,Homo sapiens,Epidermal growth factor receptor,9606,,,IC50,uM,UO_0000065,,20.0,282.29900000000004,3.0196000000000014,5,1,64.47
,,334584,[],CHEMBL679946,Concentration required to inhibit phosphorylation of isolated human epidermal growth factor tyrosine kinase receptor by 50%,B,,,BAO_0000190,BAO_0000357,single protein format,COc1cc2cc(-c3ccc(F)c(F)c3)cnc2cc1OC,,,CHEMBL1127568,J Med Chem,1994,,,CHEMBL67424,,CHEMBL67424,4.698970004336019,0,http://www.openphacts.org/units/Nanomolar,117750,>,1,1,>,,IC50,nM,,20000.0,CHEMBL203,Homo sapiens,Epidermal growth factor receptor,9606,,,IC50,uM,UO_0000065,,20.0,301.29200000000003,4.197200000000003,3,0,31.35
,,331831,[],CHEMBL679946,Concentration required to inhibit phosphorylation of isolated human epidermal growth factor tyrosine kinase receptor by 50%,B,,,BAO_0000190,BAO_0000357,single protein format,COc1cc2cc(-c3ccc(Cl)s3)cnc2cc1OC,,,CHEMBL1127568,J Med Chem,1994,,,CHEMBL69820,,CHEMBL69820,4.698970004336019,0,http://www.openphacts.org/units/Nanomolar,117781,>,1,1,>,,IC50,nM,,20000.0,CHEMBL203,Homo sapiens,Epidermal growth factor receptor,9606,,,IC50,uM,UO_0000065,,20.0,305.78600000000006,4.633900000000002,4,0,31.35
,,331829,[],CHEMBL679946,Concentration required to inhibit phosphorylation of isolated human epidermal growth factor tyrosine kinase receptor by 50%,B,,,BAO_0000190,BAO_0000357,single protein format,COc1cc2cc(-c3ccccc3)cnc2cc1OC,,,CHEMBL1127568,J Med Chem,1994,,,CHEMBL66063,,CHEMBL66063,4.698970004336019,0,http://www.openphacts.org/units/Nanomolar,117788,>,1,1,>,,IC50,nM,,20000.0,CHEMBL203,Homo sapiens,Epidermal growth factor receptor,9606,,,IC50,uM,UO_0000065,,20.0,265.312,3.919000000000003,3,0,31.35
,,330466,[],CHEMBL679946,Concentration required to inhibit phosphorylation of isolated human epidermal growth factor tyrosine kinase receptor by 50%,B,,,BAO_0000190,BAO_0000357,single protein format,COc1cc2cc(-c3ccccc3OC)cnc2cc1OC,,,CHEMBL1127568,J Med Chem,1994,,,CHEMBL419248,,CHEMBL419248,4.698970004336019,0,http://www.openphacts.org/units/Nanomolar,117734,>,1,1,>,,IC50,nM,,20000.0,CHEMBL203,Homo sapiens,Epidermal growth factor receptor,9606,,,IC50,uM,UO_0000065,,20.0,295.3380000000001,3.9276000000000026,4,0,40.58
,,330534,[],CHEMBL679946,Concentration required to inhibit phosphorylation of isolated human epidermal growth factor tyrosine kinase receptor by 50%,B,,,BAO_0000190,BAO_0000357,single protein format,COc1cc2cc(OCc3ccccc3)cnc2cc1OC,,,CHEMBL1127568,J Med Chem,1994,,,CHEMBL66932,,CHEMBL66932,4.698970004336019,0,http://www.openphacts.org/units/Nanomolar,117765,>,1,1,>,,IC50,nM,,20000.0,CHEMBL203,Homo sapiens,Epidermal growth factor receptor,9606,,,IC50,uM,UO_0000065,,20.0,295.3380000000001,3.831000000000002,4,0,40.58
,,306240,[],CHEMBL679946,Concentration required to inhibit phosphorylation of isolated human epidermal growth factor tyrosine kinase receptor by 50%,B,,,BAO_0000190,BAO_0000357,single protein format,COc1ccc(-c2cnc3cc(OC)c(OC)cc3c2)cc1C,,,CHEMBL1127568,J Med Chem,1994,,,CHEMBL66925,,CHEMBL66925,4.698970004336019,0,http://www.openphacts.org/units/Nanomolar,117773,>,1,1,>,,IC50,nM,,20000.0,CHEMBL203,Homo sapiens,Epidermal growth factor receptor,9606,,,IC50,uM,UO_0000065,,20.0,309.36500000000007,4.2360200000000034,4,0,40.58
,,333312,[],CHEMBL679946,Concentration required to inhibit phosphorylation of isolated human epidermal growth factor tyrosine kinase receptor by 50%,B,,,BAO_0000190,BAO_0000357,single protein format,COc1cc2cc(-c3ccsc3)cnc2cc1OC,,,CHEMBL1127568,J Med Chem,1994,,,CHEMBL66643,,CHEMBL66643,4.698970004336019,0,http://www.openphacts.org/units/Nanomolar,117752,>,1,1,>,,IC50,nM,,20000.0,CHEMBL203,Homo sapiens,Epidermal growth factor receptor,9606,,,IC50,uM,UO_0000065,,20.0,271.34100000000007,3.980500000000003,4,0,31.35
,,329281,[],CHEMBL679946,Concentration required to inhibit phosphorylation of isolated human epidermal growth factor tyrosine kinase receptor by 50%,B,,,BAO_0000190,BAO_0000357,single protein format,Cc1ccc(C)c2ncc(-c3ccsc3)cc12,,,CHEMBL1127568,J Med Chem,1994,,,CHEMBL303872,,CHEMBL303872,4.698970004336019,0,http://www.openphacts.org/units/Nanomolar,117749,>,1,1,>,,IC50,nM,,20000.0,CHEMBL203,Homo sapiens,Epidermal growth factor receptor,9606,,,IC50,uM,UO_0000065,,20.0,239.34300000000002,4.580140000000003,2,0,12.89
,,327899,[],CHEMBL679946,Concentration required to inhibit phosphorylation of isolated human epidermal growth factor tyrosine kinase receptor by 50%,B,,,BAO_0000190,BAO_0000357,single protein format,COc1cc2cc(C3=CCCC3)cnc2cc1OC,,,CHEMBL1127568,J Med Chem,1994,,,CHEMBL66618,,CHEMBL66618,4.698970004336019,0,http://www.openphacts.org/units/Nanomolar,117770,>,1,1,>,,IC50,nM,,20000.0,CHEMBL203,Homo sapiens,Epidermal growth factor receptor,9606,,,IC50,uM,UO_0000065,,20.0,255.31699999999995,3.819300000000002,3,0,31.35
,,308976,[],CHEMBL679946,Concentration required to inhibit phosphorylation of isolated human epidermal growth factor tyrosine kinase receptor by 50%,B,,,BAO_0000190,BAO_0000357,single protein format,COc1cc2cc(-c3cc(OC)c(OC)c(OC)c3)cnc2cc1OC,,,CHEMBL1127568,J Med Chem,1994,,,CHEMBL66107,,CHEMBL66107,4.698970004336019,0,http://www.openphacts.org/units/Nanomolar,117778,>,1,1,>,,IC50,nM,,20000.0,CHEMBL203,Homo sapiens,Epidermal growth factor receptor,9606,,,IC50,uM,UO_0000065,,20.0,355.39000000000004,3.9448000000000025,6,0,59.040000000000006
,,344684,[],CHEMBL679946,Concentration required to inhibit phosphorylation of isolated human epidermal growth factor tyrosine kinase receptor by 50%,B,,,BAO_0000190,BAO_0000357,single protein format,COc1cc2cc(-c3ccc([N+](=O)[O-])cc3)cnc2cc1OC,,,CHEMBL1127568,J Med Chem,1994,,,CHEMBL69585,,CHEMBL69585,4.698970004336019,0,http://www.openphacts.org/units/Nanomolar,117728,>,1,1,>,,IC50,nM,,20000.0,CHEMBL203,Homo sapiens,Epidermal growth factor receptor,9606,,,IC50,uM,UO_0000065,,20.0,310.3090000000001,3.827200000000003,5,0,74.49000000000001
,,342252,[],CHEMBL679946,Concentration required to inhibit phosphorylation of isolated human epidermal growth factor tyrosine kinase receptor by 50%,B,,,BAO_0000190,BAO_0000357,single protein format,c1ccc2ncc(-c3c[nH]c4ccccc34)cc2c1,,,CHEMBL1127568,J Med Chem,1994,,,CHEMBL309116,,CHEMBL309116,4.698970004336019,0,http://www.openphacts.org/units/Nanomolar,117753,>,1,1,>,,IC50,nM,,20000.0,CHEMBL203,Homo sapiens,Epidermal growth factor receptor,9606,,,IC50,uM,UO_0000065,,20.0,244.297,4.3831000000000016,1,1,28.68
,,342254,[],CHEMBL679946,Concentration required to inhibit phosphorylation of isolated human epidermal growth factor tyrosine kinase receptor by 50%,B,,,BAO_0000190,BAO_0000357,single protein format,COc1cc2cc(C#CC3CCCCC3)cnc2cc1OC,,,CHEMBL1127568,J Med Chem,1994,,,CHEMBL63575,,CHEMBL63575,4.698970004336019,0,http://www.openphacts.org/units/Nanomolar,117768,>,1,1,>,,IC50,nM,,20000.0,CHEMBL203,Homo sapiens,Epidermal growth factor receptor,9606,,,IC50,uM,UO_0000065,,20.0,295.382,4.183800000000003,3,0,31.35
,,310205,[],CHEMBL679946,Concentration required to inhibit phosphorylation of isolated human epidermal growth factor tyrosine kinase receptor by 50%,B,,,BAO_0000190,BAO_0000357,single protein format,COc1cc2cccnc2cc1OC,,,CHEMBL1127568,J Med Chem,1994,,,CHEMBL66705,,CHEMBL66705,4.698970004336019,0,http://www.openphacts.org/units/Nanomolar,117764,>,1,1,>,,IC50,nM,,20000.0,CHEMBL203,Homo sapiens,Epidermal growth factor receptor,9606,,,IC50,uM,UO_0000065,,20.0,189.21399999999997,2.252,3,0,31.35
,,308973,[],CHEMBL679946,Concentration required to inhibit phosphorylation of isolated human epidermal growth factor tyrosine kinase receptor by 50%,B,,,BAO_0000190,BAO_0000357,single protein format,COc1ccc(-c2cnc3cc(OC)c(OC)cc3c2)cc1,,,CHEMBL1127568,J Med Chem,1994,,,CHEMBL70130,,CHEMBL70130,4.698970004336019,0,http://www.openphacts.org/units/Nanomolar,117783,>,1,1,>,,IC50,nM,,20000.0,CHEMBL203,Homo sapiens,Epidermal growth factor receptor,9606,,,IC50,uM,UO_0000065,,20.0,295.338,3.9276000000000026,4,0,40.58
,,312890,[],CHEMBL679946,Concentration required to inhibit phosphorylation of isolated human epidermal growth factor tyrosine kinase receptor by 50%,B,,,BAO_0000190,BAO_0000357,single protein format,COc1cc2cc(-c3cccs3)cnc2cc1OC,,,CHEMBL1127568,J Med Chem,1994,,,CHEMBL304336,,CHEMBL304336,4.698970004336019,0,http://www.openphacts.org/units/Nanomolar,117729,>,1,1,>,,IC50,nM,,20000.0,CHEMBL203,Homo sapiens,Epidermal growth factor receptor,9606,,,IC50,uM,UO_0000065,,20.0,271.34100000000007,3.980500000000003,4,0,31.35
,,311545,[],CHEMBL679946,Concentration required to inhibit phosphorylation of isolated human epidermal growth factor tyrosine kinase receptor by 50%,B,,,BAO_0000190,BAO_0000357,single protein format,Fc1ccc2cc(-c3ccsc3)cnc2c1,,,CHEMBL1127568,J Med Chem,1994,,,CHEMBL307093,,CHEMBL307093,4.698970004336019,0,http://www.openphacts.org/units/Nanomolar,117738,>,1,1,>,,IC50,nM,,20000.0,CHEMBL203,Homo sapiens,Epidermal growth factor receptor,9606,,,IC50,uM,UO_0000065,,20.0,229.27900000000002,4.102400000000002,2,0,12.89
,,343342,[],CHEMBL679946,Concentration required to inhibit phosphorylation of isolated human epidermal growth factor tyrosine kinase receptor by 50%,B,,,BAO_0000190,BAO_0000357,single protein format,Clc1cc2cc(-c3ccsc3)cnc2cc1Cl,,,CHEMBL1127568,J Med Chem,1994,,,CHEMBL66718,,CHEMBL66718,4.698970004336019,0,http://www.openphacts.org/units/Nanomolar,117748,>,1,1,>,,IC50,nM,,20000.0,CHEMBL203,Homo sapiens,Epidermal growth factor receptor,9606,,,IC50,uM,UO_0000065,,20.0,280.179,5.270100000000002,2,0,12.89
,,119394,[],CHEMBL676146,Inhibition of EGF-dependent DNA synthesis in ER 22 cells incubated with [3H]TdR,F,,,BAO_0000190,BAO_0000219,cell-based format,O=C(O)c1cc(/N=C/c2ccccc2O)ccc1O,,,CHEMBL1127084,J Med Chem,1993,,,CHEMBL130694,,CHEMBL130694,4.698970004336019,0,http://www.openphacts.org/units/Nanomolar,252386,>,1,1,>,,IC50,nM,,20000.0,CHEMBL203,Homo sapiens,Epidermal growth factor receptor,9606,,,IC50,uM,UO_0000065,,20.0,257.245,2.546600000000001,4,3,90.12
,,124308,[],CHEMBL676146,Inhibition of EGF-dependent DNA synthesis in ER 22 cells incubated with [3H]TdR,F,,,BAO_0000190,BAO_0000219,cell-based format,O=C(O)c1cccc(/N=C/c2cc(O)ccc2O)c1,,,CHEMBL1127084,J Med Chem,1993,,,CHEMBL130116,,CHEMBL130116,4.698970004336019,0,http://www.openphacts.org/units/Nanomolar,252405,>,1,1,>,,IC50,nM,,20000.0,CHEMBL203,Homo sapiens,Epidermal growth factor receptor,9606,,,IC50,uM,UO_0000065,,20.0,257.245,2.5465999999999998,4,3,90.12
,,125663,[],CHEMBL676146,Inhibition of EGF-dependent DNA synthesis in ER 22 cells incubated with [3H]TdR,F,,,BAO_0000190,BAO_0000219,cell-based format,O=C(O)c1cccc(NCc2cc(O)ccc2O)c1,,,CHEMBL1127084,J Med Chem,1993,,,CHEMBL129907,,CHEMBL129907,4.698970004336019,0,http://www.openphacts.org/units/Nanomolar,252389,>,1,1,>,,IC50,nM,,20000.0,CHEMBL203,Homo sapiens,Epidermal growth factor receptor,9606,,,IC50,uM,UO_0000065,,20.0,259.26099999999997,2.4081,4,4,89.79
,,360083,[],CHEMBL674029,Inhibition of EGF-stimulated EGFR tyrosine kinase activity using plasma membrane vesicles shed from cultured human A431 carcinoma cells,F,,,BAO_0000190,BAO_0000219,cell-based format,COC(=O)CCc1c(SSc2[nH]c3ccccc3c2CCC(=O)OC)[nH]c2ccccc12,,,CHEMBL1127050,J Med Chem,1993,,,CHEMBL79808,,CHEMBL79808,4.68,0,http://www.openphacts.org/units/Nanomolar,146874,=,1,1,=,,IC50,nM,,21000.0,CHEMBL203,Homo sapiens,Epidermal growth factor receptor,9606,,,IC50,uM,UO_0000065,,21.0,468.6000000000003,5.659800000000004,6,2,84.18
,,119396,[],CHEMBL676146,Inhibition of EGF-dependent DNA synthesis in ER 22 cells incubated with [3H]TdR,F,,,BAO_0000190,BAO_0000219,cell-based format,COC(=O)c1cc(NCc2cccc(O)c2)ccc1O,,,CHEMBL1127084,J Med Chem,1993,,,CHEMBL423159,,CHEMBL423159,4.68,0,http://www.openphacts.org/units/Nanomolar,252392,=,1,1,=,,IC50,nM,,21000.0,CHEMBL203,Homo sapiens,Epidermal growth factor receptor,9606,,,IC50,uM,UO_0000065,,21.0,273.28800000000007,2.4965000000000006,5,3,78.79
,,324411,[],CHEMBL676067,Inhibitory activity against epidermal growth factor receptor (EGFR),B,,,BAO_0000190,BAO_0000357,single protein format,COc1cc(/C=C(\C#N)C(N)=O)cc(CSc2ccccc2NC(C)=O)c1O,,,CHEMBL1136802,J Med Chem,2003,"{'bei': '11.72', 'le': '0.23', 'lle': '1.62', 'sei': '3.71'}",,CHEMBL115895,,CHEMBL115895,4.66,1,http://www.openphacts.org/units/Nanomolar,275717,=,1,1,=,,IC50,nM,,21877.62,CHEMBL203,Homo sapiens,Epidermal growth factor receptor,9606,,,pIC50,,UO_0000065,,4.66,397.4560000000001,3.043780000000002,6,3,125.43999999999998
,,133316,[],CHEMBL677391,Inhibition of tyrosine phosphorylation activity of the epidermal growth factor receptor (EGFR) tyrosine kinase from human A-431 carcinoma cell-shed membrane vesicles,B,,,BAO_0000190,BAO_0000019,assay format,Cn1c(SSc2c(C(=O)Nc3ccccc3)c3cccnc3n2C)c(C(=O)Nc2ccccc2)c2cccnc21,,,CHEMBL1127560,J Med Chem,1994,"{'bei': '8.24', 'le': '0.16', 'lle': '-2.11', 'sei': '4.96'}",,CHEMBL62701,,CHEMBL62701,4.65,0,http://www.openphacts.org/units/Nanomolar,109046,=,1,1,=,,IC50,nM,,22300.0,CHEMBL203,Homo sapiens,Epidermal growth factor receptor,9606,,,IC50,uM,UO_0000065,,22.3,564.6960000000003,6.764000000000005,8,2,93.84
,,338663,[],CHEMBL676067,Inhibitory activity against epidermal growth factor receptor (EGFR),B,,,BAO_0000190,BAO_0000357,single protein format,COc1cc(C=C(C#N)C#N)cc(CS(=O)(=O)c2ccc(C)cc2)c1O,,,CHEMBL1136802,J Med Chem,2003,"{'bei': '12.59', 'le': '0.24', 'lle': '1.53', 'sei': '4.17'}",,CHEMBL334032,,CHEMBL334032,4.64,1,http://www.openphacts.org/units/Nanomolar,275711,=,1,1,=,,IC50,nM,,22908.68,CHEMBL203,Homo sapiens,Epidermal growth factor receptor,9606,,,pIC50,,UO_0000065,,4.64,368.4140000000001,3.1136800000000027,6,1,111.17999999999999
,,161214,[],CHEMBL677888,Inhibition of Epidermal growth factor receptor (Her1/ErbB1),B,,,BAO_0000190,BAO_0000357,single protein format,CC(C)(C)c1cnc(CSc2cnc(NC(=O)Cc3ccc(CNC(CO)CO)cc3)s2)o1,,,CHEMBL1135763,J Med Chem,2002,,,CHEMBL300936,,CHEMBL300936,4.6020599913279625,0,http://www.openphacts.org/units/Nanomolar,243873,>,1,1,>,,IC50,nM,,25000.0,CHEMBL203,Homo sapiens,Epidermal growth factor receptor,9606,,,IC50,nM,UO_0000065,,25000.0,490.65100000000024,3.3449000000000018,9,4,120.51
,,304928,[],CHEMBL679946,Concentration required to inhibit phosphorylation of isolated human epidermal growth factor tyrosine kinase receptor by 50%,B,,,BAO_0000190,BAO_0000357,single protein format,COc1cc2cc(-c3cccnc3)cnc2cc1OC,,,CHEMBL1127568,J Med Chem,1994,,,CHEMBL304668,,CHEMBL304668,4.6020599913279625,0,http://www.openphacts.org/units/Nanomolar,117751,>,1,1,>,,IC50,nM,,25000.0,CHEMBL203,Homo sapiens,Epidermal growth factor receptor,9606,,,IC50,uM,UO_0000065,,25.0,266.3,3.314000000000002,4,0,44.24000000000001
,,324153,[],CHEMBL679946,Concentration required to inhibit phosphorylation of isolated human epidermal growth factor tyrosine kinase receptor by 50%,B,,,BAO_0000190,BAO_0000357,single protein format,COc1ccc2cc(-c3cccnc3)cnc2c1OC,,,CHEMBL1127568,J Med Chem,1994,,,CHEMBL303391,,CHEMBL303391,4.6020599913279625,0,http://www.openphacts.org/units/Nanomolar,117790,>,1,1,>,,IC50,nM,,25000.0,CHEMBL203,Homo sapiens,Epidermal growth factor receptor,9606,,,IC50,uM,UO_0000065,,25.0,266.3,3.314000000000001,4,0,44.24000000000001
,,71725,[],CHEMBL674643,Inhibitory concentration of EGF dependent autophosphorylation of epidermal growth factor receptor kinase,B,,,BAO_0000190,BAO_0000357,single protein format,N#C/C(=C\c1ccc(O)c(O)c1)C(=O)O,,,CHEMBL1124610,J Med Chem,1989,"{'bei': '22.43', 'le': '0.42', 'lle': '3.51', 'sei': '4.53'}",,CHEMBL73820,,CHEMBL73820,4.6,0,http://www.openphacts.org/units/Nanomolar,137182,=,1,1,=,,IC50,nM,,25000.0,CHEMBL203,Homo sapiens,Epidermal growth factor receptor,9606,,,IC50,uM,UO_0000065,,25.0,205.16899999999998,1.0893799999999998,4,3,101.55
,,341376,[],CHEMBL676067,Inhibitory activity against epidermal growth factor receptor (EGFR),B,,,BAO_0000190,BAO_0000357,single protein format,COc1ccc(NC(=O)/C(C#N)=C/c2ccc(O)c(O)c2)c(OC)c1,,,CHEMBL1136802,J Med Chem,2003,"{'bei': '13.52', 'le': '0.25', 'lle': '1.94', 'sei': '4.11'}",,CHEMBL57251,,CHEMBL57251,4.6,0,http://www.openphacts.org/units/Nanomolar,275695,=,1,1,=,,IC50,nM,,25118.86,CHEMBL203,Homo sapiens,Epidermal growth factor receptor,9606,,,pIC50,,UO_0000065,,4.6,340.3350000000001,2.660680000000001,6,3,111.81
,,98667,[],CHEMBL679949,Evaluated for inhibitory activity towards tyrosine kinase Epidermal growth factor receptor,B,,,BAO_0000190,BAO_0000357,single protein format,NS(=O)(=O)c1ccc2c(c1)/C(=C/c1[nH]c3c(c1CCC(=O)O)CCCC3)C(=O)N2,,,CHEMBL1133768,J Med Chem,2000,"{'bei': '10.92', 'le': '0.21', 'lle': '2.49', 'sei': '3.19'}",,CHEMBL86531,,CHEMBL86531,4.54,0,http://www.openphacts.org/units/Nanomolar,163342,=,1,1,=,,IC50,nM,,29100.0,CHEMBL203,Homo sapiens,Epidermal growth factor receptor,9606,,,IC50,uM,UO_0000065,,29.1,415.4710000000003,2.0508,4,4,142.35000000000002
,,338661,[],CHEMBL676067,Inhibitory activity against epidermal growth factor receptor (EGFR),B,,,BAO_0000190,BAO_0000357,single protein format,N#C/C(=C\c1ccc(O)c(O)c1)C(=O)c1cccs1,,,CHEMBL1136802,J Med Chem,2003,"{'bei': '16.62', 'le': '0.32', 'lle': '1.56', 'sei': '5.55'}",,CHEMBL55994,,CHEMBL55994,4.51,1,http://www.openphacts.org/units/Nanomolar,275730,=,1,1,=,,IC50,nM,,30902.95,CHEMBL203,Homo sapiens,Epidermal growth factor receptor,9606,,,pIC50,,UO_0000065,,4.51,271.29699999999997,2.949180000000001,5,2,81.32
,,361249,[],CHEMBL674029,Inhibition of EGF-stimulated EGFR tyrosine kinase activity using plasma membrane vesicles shed from cultured human A431 carcinoma cells,F,,,BAO_0000190,BAO_0000219,cell-based format,COC(=O)Cc1c(SSc2c(CC(=O)OC)c3ccccc3n2C)n(C)c2ccccc12,,,CHEMBL1127050,J Med Chem,1993,,,CHEMBL83837,,CHEMBL83837,4.48,0,http://www.openphacts.org/units/Nanomolar,146851,=,1,1,=,,IC50,nM,,33000.0,CHEMBL203,Homo sapiens,Epidermal growth factor receptor,9606,,,IC50,uM,UO_0000065,,33.0,468.60000000000014,4.900400000000004,8,0,62.46000000000001
,,371313,[],CHEMBL674029,Inhibition of EGF-stimulated EGFR tyrosine kinase activity using plasma membrane vesicles shed from cultured human A431 carcinoma cells,F,,,BAO_0000190,BAO_0000219,cell-based format,COC(=O)Cc1c(SSSc2[nH]c3ccccc3c2CC(=O)OC)[nH]c2ccccc12,,,CHEMBL1127050,J Med Chem,1993,,,CHEMBL79621,,CHEMBL79621,4.46,0,http://www.openphacts.org/units/Nanomolar,146848,=,1,1,=,,IC50,nM,,35000.0,CHEMBL203,Homo sapiens,Epidermal growth factor receptor,9606,,,IC50,uM,UO_0000065,,35.0,472.6130000000003,5.5278000000000045,7,2,84.18
,,34049,[],CHEMBL674643,Inhibitory concentration of EGF dependent autophosphorylation of epidermal growth factor receptor kinase,B,,,BAO_0000190,BAO_0000357,single protein format,N#CC(C#N)=Cc1ccc(O)c(O)c1,,,CHEMBL1124610,J Med Chem,1989,"{'bei': '23.93', 'le': '0.43', 'lle': '2.93', 'sei': '5.06'}",,CHEMBL76904,TYRPHOSTIN 23,CHEMBL76904,4.46,0,http://www.openphacts.org/units/Nanomolar,137194,=,1,1,=,,IC50,nM,,35000.0,CHEMBL203,Homo sapiens,Epidermal growth factor receptor,9606,,,IC50,uM,UO_0000065,,35.0,186.17,1.52836,4,2,88.04
,,53763,[],CHEMBL674643,Inhibitory concentration of EGF dependent autophosphorylation of epidermal growth factor receptor kinase,B,,,BAO_0000190,BAO_0000357,single protein format,N#CC(C#N)=Cc1cc(O)cc(O)c1,,,CHEMBL1124610,J Med Chem,1989,"{'bei': '23.81', 'le': '0.43', 'lle': '2.90', 'sei': '5.03'}",,CHEMBL76905,,CHEMBL76905,4.43,0,http://www.openphacts.org/units/Nanomolar,137195,=,1,1,=,,IC50,nM,,37000.0,CHEMBL203,Homo sapiens,Epidermal growth factor receptor,9606,,,IC50,uM,UO_0000065,,37.0,186.17,1.52836,4,2,88.04
,,133314,[],CHEMBL677391,Inhibition of tyrosine phosphorylation activity of the epidermal growth factor receptor (EGFR) tyrosine kinase from human A-431 carcinoma cell-shed membrane vesicles,B,,,BAO_0000190,BAO_0000019,assay format,Cn1c(SSc2c(C(=O)Nc3ccccc3)c3cc(O)ccc3n2C)c(C(=O)Nc2ccccc2)c2cc(O)ccc21,,,CHEMBL1127560,J Med Chem,1994,"{'bei': '7.39', 'le': '0.14', 'lle': '-3.00', 'sei': '4.05'}",,CHEMBL293250,,CHEMBL293250,4.39,0,http://www.openphacts.org/units/Nanomolar,109032,=,1,1,=,,IC50,nM,,40500.0,CHEMBL203,Homo sapiens,Epidermal growth factor receptor,9606,,,IC50,uM,UO_0000065,,40.5,594.7180000000003,7.3852000000000055,8,4,108.52000000000001
,,130899,[],CHEMBL677391,Inhibition of tyrosine phosphorylation activity of the epidermal growth factor receptor (EGFR) tyrosine kinase from human A-431 carcinoma cell-shed membrane vesicles,B,,,BAO_0000190,BAO_0000019,assay format,Cn1c(SSc2c(C(=O)Nc3ccccc3)c3ccc(O)cc3n2C)c(C(=O)Nc2ccccc2)c2ccc(O)cc21,,,CHEMBL1127560,J Med Chem,1994,"{'bei': '7.33', 'le': '0.14', 'lle': '-3.03', 'sei': '4.01'}",,CHEMBL293913,,CHEMBL293913,4.36,0,http://www.openphacts.org/units/Nanomolar,109034,=,1,1,=,,IC50,nM,,44000.0,CHEMBL203,Homo sapiens,Epidermal growth factor receptor,9606,,,IC50,uM,UO_0000065,,44.0,594.7180000000003,7.3852000000000055,8,4,108.52000000000001
,,49988,[],CHEMBL674643,Inhibitory concentration of EGF dependent autophosphorylation of epidermal growth factor receptor kinase,B,,,BAO_0000190,BAO_0000357,single protein format,N#C/C(=C\c1ccc(C=O)cc1)C(=O)O,,,CHEMBL1124610,J Med Chem,1989,"{'bei': '21.51', 'le': '0.39', 'lle': '2.84', 'sei': '5.54'}",,CHEMBL76985,,CHEMBL76985,4.33,0,http://www.openphacts.org/units/Nanomolar,137173,=,1,1,=,,IC50,nM,,47000.0,CHEMBL203,Homo sapiens,Epidermal growth factor receptor,9606,,,IC50,uM,UO_0000065,,47.0,201.18099999999998,1.49068,3,1,78.16
,,315722,[],CHEMBL676067,Inhibitory activity against epidermal growth factor receptor (EGFR),B,,,BAO_0000190,BAO_0000357,single protein format,COc1cc(/C=C(\C#N)C(N)=O)cc(SCCCC(=O)O)c1O,,,CHEMBL1136802,J Med Chem,2003,"{'bei': '12.84', 'le': '0.26', 'lle': '2.57', 'sei': '3.23'}",,CHEMBL1161234,,CHEMBL1161234,4.32,0,http://www.openphacts.org/units/Nanomolar,275712,=,1,1,=,,IC50,nM,,47863.01,CHEMBL203,Homo sapiens,Epidermal growth factor receptor,9606,,,pIC50,,UO_0000065,,4.32,336.3690000000001,1.7499799999999999,6,3,133.64
,,320639,[],CHEMBL676067,Inhibitory activity against epidermal growth factor receptor (EGFR),B,,,BAO_0000190,BAO_0000357,single protein format,CCOC(=O)C(Cc1ccccc1)NC(=O)/C(C#N)=C/c1ccc(O)c(O)c1,,,CHEMBL1136802,J Med Chem,2003,"{'bei': '11.33', 'le': '0.21', 'lle': '2.01', 'sei': '3.60'}",,CHEMBL56319,,CHEMBL56319,4.31,1,http://www.openphacts.org/units/Nanomolar,275690,=,1,1,=,,IC50,nM,,48977.88,CHEMBL203,Homo sapiens,Epidermal growth factor receptor,9606,,,pIC50,,UO_0000065,,4.31,380.4000000000001,2.2953800000000006,6,3,119.65
,,125685,[],CHEMBL679549,Inhibitory activity against recombinant tyrosine kinase EGF-R (EGF-R ICD),B,,,BAO_0000190,BAO_0000357,single protein format,COc1ccc(Nc2cc3c(cc2Nc2ccc(OC)cc2)C(=O)NC3=O)cc1,,,CHEMBL1127678,J Med Chem,1994,,,CHEMBL7352,,CHEMBL7352,4.301029995663981,0,http://www.openphacts.org/units/Nanomolar,2990,>,1,1,>,,IC50,nM,,50000.0,CHEMBL203,Homo sapiens,Epidermal growth factor receptor,9606,,,IC50,uM,UO_0000065,,50.0,389.4110000000001,4.074600000000001,6,3,88.69
,,116316,[],CHEMBL680019,Inhibitory concentration was evaluated against epidermal growth factor receptor (EGFr) tyrosine kinase,B,,,BAO_0000190,BAO_0000357,single protein format,Cn1c(=O)c(-c2c(Cl)cccc2Cl)cc2cnc(NCc3ccccc3)nc21,,,CHEMBL1131066,J Med Chem,1998,,,CHEMBL113356,,CHEMBL113356,4.301029995663981,0,http://www.openphacts.org/units/Nanomolar,210165,>,1,1,>,,IC50,nM,,50000.0,CHEMBL203,Homo sapiens,Epidermal growth factor receptor,9606,,,IC50,uM,UO_0000065,,50.0,411.29200000000014,4.914400000000003,5,1,59.81
,,108287,[],CHEMBL680019,Inhibitory concentration was evaluated against epidermal growth factor receptor (EGFr) tyrosine kinase,B,,,BAO_0000190,BAO_0000357,single protein format,Cn1c(=O)c(-c2c(Cl)cccc2Cl)cc2cnc(NC3CCCCC3)nc21,,,CHEMBL1131066,J Med Chem,1998,,,CHEMBL113128,,CHEMBL113128,4.301029995663981,0,http://www.openphacts.org/units/Nanomolar,210167,>,1,1,>,,IC50,nM,,50000.0,CHEMBL203,Homo sapiens,Epidermal growth factor receptor,9606,,,IC50,uM,UO_0000065,,50.0,403.3130000000003,5.0469000000000035,5,1,59.81
,,117058,[],CHEMBL679549,Inhibitory activity against recombinant tyrosine kinase EGF-R (EGF-R ICD),B,,,BAO_0000190,BAO_0000357,single protein format,CN(c1ccccc1)c1cc2c(cc1N(C)c1ccccc1)C(=O)NC2=O,,,CHEMBL1127678,J Med Chem,1994,,,CHEMBL267941,,CHEMBL267941,4.301029995663981,0,http://www.openphacts.org/units/Nanomolar,3005,>,1,1,>,,IC50,nM,,50000.0,CHEMBL203,Homo sapiens,Epidermal growth factor receptor,9606,,,IC50,uM,UO_0000065,,50.0,357.41300000000007,4.106000000000003,4,1,52.65
,,283234,[],CHEMBL675521,Inhibition of Epidermal growth factor receptor (EGFr) tyrosine kinase,B,,,BAO_0000190,BAO_0000357,single protein format,COc1cc(OC)cc(-c2cc3cnc(N)nc3nc2NC(=O)NC(C)(C)C)c1,,,CHEMBL1130094,J Med Chem,1997,,,CHEMBL299763,,CHEMBL299763,4.301029995663981,0,http://www.openphacts.org/units/Nanomolar,133215,>,1,1,>,,IC50,nM,,50000.0,CHEMBL203,Homo sapiens,Epidermal growth factor receptor,9606,,,IC50,uM,UO_0000065,,50.0,396.45100000000014,3.2112000000000016,7,3,124.28
,,114492,[],CHEMBL679549,Inhibitory activity against recombinant tyrosine kinase EGF-R (EGF-R ICD),B,,,BAO_0000190,BAO_0000357,single protein format,O=C1NC(=O)C(c2c[nH]c3ccccc23)=C1c1c[nH]c2ccccc12,,,CHEMBL1127678,J Med Chem,1994,,,CHEMBL266487,RO-316233,CHEMBL266487,4.301029995663981,0,http://www.openphacts.org/units/Nanomolar,2997,>,1,1,>,,IC50,nM,,50000.0,CHEMBL203,Homo sapiens,Epidermal growth factor receptor,9606,,,IC50,uM,UO_0000065,,50.0,327.3430000000001,3.216400000000001,2,3,77.75
,,118831,[],CHEMBL680019,Inhibitory concentration was evaluated against epidermal growth factor receptor (EGFr) tyrosine kinase,B,,,BAO_0000190,BAO_0000357,single protein format,CN(C)c1ncc2cc(-c3c(Cl)cccc3Cl)c(=O)n(C)c2n1,,,CHEMBL1131066,J Med Chem,1998,,,CHEMBL299347,,CHEMBL299347,4.301029995663981,1,http://www.openphacts.org/units/Nanomolar,210164,>,1,1,>,,IC50,nM,,50000.0,CHEMBL203,Homo sapiens,Epidermal growth factor receptor,9606,,,IC50,uM,UO_0000065,,50.0,349.22100000000006,3.3683000000000023,5,0,51.02
,,130938,[],CHEMBL679549,Inhibitory activity against recombinant tyrosine kinase EGF-R (EGF-R ICD),B,,,BAO_0000190,BAO_0000357,single protein format,O=C1NC(=O)c2cc(Nc3ccc(-c4ccccc4)cc3)c(Nc3ccc(-c4ccccc4)cc3)cc21,,,CHEMBL1127678,J Med Chem,1994,,,CHEMBL7929,,CHEMBL7929,4.301029995663981,0,http://www.openphacts.org/units/Nanomolar,3003,>,1,1,>,,IC50,nM,,50000.0,CHEMBL203,Homo sapiens,Epidermal growth factor receptor,9606,,,IC50,uM,UO_0000065,,50.0,481.5550000000002,7.391400000000005,4,3,70.23
,,337665,[],CHEMBL677206,Inhibition of epidermal growth factor receptor (EGFr),B,,,BAO_0000190,BAO_0000357,single protein format,O=C(NCc1ccccc1)[C@H](Cc1c([Se]c2[nH]c3ccccc3c2C[C@@H](NC(=O)C(F)(F)F)C(=O)NCc2ccccc2)[nH]c2ccccc12)NC(=O)C(F)(F)F,,,CHEMBL1129933,J Med Chem,1997,,,CHEMBL135241,,CHEMBL135241,4.301029995663981,0,http://www.openphacts.org/units/Nanomolar,259295,>,1,1,>,,IC50,nM,,50000.0,CHEMBL203,Homo sapiens,Epidermal growth factor receptor,9606,,,IC50,uM,UO_0000065,,50.0,855.6980000000001,4.116200000000001,4,6,147.98
,,105574,[],CHEMBL679549,Inhibitory activity against recombinant tyrosine kinase EGF-R (EGF-R ICD),B,,,BAO_0000190,BAO_0000357,single protein format,O=C1NC(=O)c2cc(NC3CCCCC3)c(NC3CCCCC3)cc21,,,CHEMBL1127678,J Med Chem,1994,,,CHEMBL266969,,CHEMBL266969,4.301029995663981,0,http://www.openphacts.org/units/Nanomolar,2999,>,1,1,>,,IC50,nM,,50000.0,CHEMBL203,Homo sapiens,Epidermal growth factor receptor,9606,,,IC50,uM,UO_0000065,,50.0,341.45500000000015,4.059400000000003,4,3,70.23
,,143002,[],CHEMBL679549,Inhibitory activity against recombinant tyrosine kinase EGF-R (EGF-R ICD),B,,,BAO_0000190,BAO_0000357,single protein format,O=C1NC(=O)c2cc(Nc3ccc(I)cc3)c(Nc3ccc(I)cc3)cc21,,,CHEMBL1127678,J Med Chem,1994,,,CHEMBL8163,,CHEMBL8163,4.301029995663981,0,http://www.openphacts.org/units/Nanomolar,2991,>,1,1,>,,IC50,nM,,50000.0,CHEMBL203,Homo sapiens,Epidermal growth factor receptor,9606,,,IC50,uM,UO_0000065,,50.0,581.1510000000001,5.266600000000002,4,3,70.23
,,143069,[],CHEMBL621149,Inhibition of EGF-dependent autophosphorylation of EGF-R in human A431 cells,F,,,BAO_0000190,BAO_0000219,cell-based format,CC(=O)N(c1ccccc1)c1cc2c(cc1Nc1ccccc1)C(=O)NC2=O,,,CHEMBL1127678,J Med Chem,1994,,,CHEMBL268441,,CHEMBL268441,4.301029995663981,0,http://www.openphacts.org/units/Nanomolar,3007,>,1,1,>,,IC50,nM,,50000.0,CHEMBL203,Homo sapiens,Epidermal growth factor receptor,9606,,,IC50,uM,UO_0000065,,50.0,371.3960000000001,3.998400000000002,4,2,78.51
,,142383,[],CHEMBL680019,Inhibitory concentration was evaluated against epidermal growth factor receptor (EGFr) tyrosine kinase,B,,,BAO_0000190,BAO_0000357,single protein format,CCOC(=O)c1ccc(Nc2ncc3cc(-c4c(Cl)cccc4Cl)c(=O)n(C)c3n2)cc1,,,CHEMBL1131066,J Med Chem,1998,,,CHEMBL109525,,CHEMBL109525,4.301029995663981,0,http://www.openphacts.org/units/Nanomolar,210182,>,1,1,>,,IC50,nM,,50000.0,CHEMBL203,Homo sapiens,Epidermal growth factor receptor,9606,,,IC50,uM,UO_0000065,,50.0,469.32800000000015,5.2226000000000035,7,1,86.11
,,106691,[],CHEMBL621149,Inhibition of EGF-dependent autophosphorylation of EGF-R in human A431 cells,F,,,BAO_0000190,BAO_0000219,cell-based format,O=C1c2cc(Nc3ccccc3)c(Nc3ccccc3)cc2C(=O)N1c1ccccc1,,,CHEMBL1127678,J Med Chem,1994,,,CHEMBL8000,,CHEMBL8000,4.301029995663981,0,http://www.openphacts.org/units/Nanomolar,3001,>,1,1,>,,IC50,nM,,50000.0,CHEMBL203,Homo sapiens,Epidermal growth factor receptor,9606,,,IC50,uM,UO_0000065,,50.0,405.45700000000016,5.974400000000004,4,2,61.440000000000005
,,224620,[],CHEMBL873605,Inhibition of Epidermal growth factor receptor,B,,,BAO_0000190,BAO_0000357,single protein format,CN1CC[C@H](c2c(O)cc(O)c3c(=O)cc(Oc4ccccc4Cl)oc23)[C@H](O)C1,,,CHEMBL1133502,J Med Chem,2000,,,CHEMBL133498,,CHEMBL133498,4.301029995663981,0,http://www.openphacts.org/units/Nanomolar,254273,>,1,1,>,,IC50,nM,,50000.0,CHEMBL203,Homo sapiens,Epidermal growth factor receptor,9606,,,IC50,uM,UO_0000065,,50.0,417.84500000000014,3.4299000000000017,7,3,103.37
,,229600,[],CHEMBL873605,Inhibition of Epidermal growth factor receptor,B,,,BAO_0000190,BAO_0000357,single protein format,CN1CC[C@H](c2c(O)cc(O)c3c(=O)cc(Sc4ccccc4Cl)oc23)[C@H](O)C1,,,CHEMBL1133502,J Med Chem,2000,,,CHEMBL334881,,CHEMBL334881,4.301029995663981,0,http://www.openphacts.org/units/Nanomolar,254276,>,1,1,>,,IC50,nM,,50000.0,CHEMBL203,Homo sapiens,Epidermal growth factor receptor,9606,,,IC50,uM,UO_0000065,,50.0,433.9130000000001,3.788800000000001,7,3,94.14
,,144239,[],CHEMBL679549,Inhibitory activity against recombinant tyrosine kinase EGF-R (EGF-R ICD),B,,,BAO_0000190,BAO_0000357,single protein format,CN1C(=O)c2cc(Nc3ccccc3)c(Nc3ccccc3)cc2C1=O,,,CHEMBL1127678,J Med Chem,1994,,,CHEMBL8036,,CHEMBL8036,4.301029995663981,0,http://www.openphacts.org/units/Nanomolar,3000,>,1,1,>,,IC50,nM,,50000.0,CHEMBL203,Homo sapiens,Epidermal growth factor receptor,9606,,,IC50,uM,UO_0000065,,50.0,343.38600000000014,4.399600000000002,4,2,61.440000000000005
,,144234,[],CHEMBL679549,Inhibitory activity against recombinant tyrosine kinase EGF-R (EGF-R ICD),B,,,BAO_0000190,BAO_0000357,single protein format,CCN(CC)c1ccc(Nc2cc3c(cc2Nc2ccc(N(CC)CC)cc2)C(=O)NC3=O)cc1,,,CHEMBL1127678,J Med Chem,1994,"{'bei': '9.12', 'le': '0.17', 'lle': '-1.45', 'sei': '5.61'}",,CHEMBL8223,,CHEMBL8223,4.3,0,http://www.openphacts.org/units/Nanomolar,2992,=,1,1,=,,IC50,nM,,50000.0,CHEMBL203,Homo sapiens,Epidermal growth factor receptor,9606,,,IC50,uM,UO_0000065,,50.0,471.60500000000025,5.749800000000005,6,3,76.71000000000001
,,372730,[],CHEMBL674029,Inhibition of EGF-stimulated EGFR tyrosine kinase activity using plasma membrane vesicles shed from cultured human A431 carcinoma cells,F,,,BAO_0000190,BAO_0000219,cell-based format,Cn1c(SSc2c(CC(=O)O)c3ccccc3n2C)c(CC(=O)O)c2ccccc21,,,CHEMBL1127050,J Med Chem,1993,,,CHEMBL84141,,CHEMBL84141,4.28,0,http://www.openphacts.org/units/Nanomolar,146853,=,1,1,=,,IC50,nM,,53000.0,CHEMBL203,Homo sapiens,Epidermal growth factor receptor,9606,,,IC50,uM,UO_0000065,,53.0,440.5460000000002,4.723600000000003,6,2,84.46000000000001
,,321861,[],CHEMBL676067,Inhibitory activity against epidermal growth factor receptor (EGFR),B,,,BAO_0000190,BAO_0000357,single protein format,COc1cc(C=C(C#N)C#N)cc(SCC(=O)O)c1O,,,CHEMBL1136802,J Med Chem,2003,"{'bei': '14.71', 'le': '0.29', 'lle': '2.26', 'sei': '3.73'}",,CHEMBL1161236,,CHEMBL1161236,4.27,0,http://www.openphacts.org/units/Nanomolar,275714,=,1,1,=,,IC50,nM,,53703.18,CHEMBL203,Homo sapiens,Epidermal growth factor receptor,9606,,,pIC50,,UO_0000065,,4.27,290.3,2.00806,6,2,114.34
,,116920,[],CHEMBL677391,Inhibition of tyrosine phosphorylation activity of the epidermal growth factor receptor (EGFR) tyrosine kinase from human A-431 carcinoma cell-shed membrane vesicles,B,,,BAO_0000190,BAO_0000019,assay format,Cn1c(SSc2c(C(=O)Nc3ccccc3)c3cc(C#N)ccc3n2C)c(C(=O)Nc2ccccc2)c2cc(C#N)ccc21,,,CHEMBL1127560,J Med Chem,1994,"{'bei': '6.96', 'le': '0.13', 'lle': '-3.45', 'sei': '3.69'}",,CHEMBL291979,,CHEMBL291979,4.27,0,http://www.openphacts.org/units/Nanomolar,109040,=,1,1,=,,IC50,nM,,54100.0,CHEMBL203,Homo sapiens,Epidermal growth factor receptor,9606,,,IC50,uM,UO_0000065,,54.1,612.7400000000001,7.717360000000005,8,2,115.63999999999999
,,61373,[],CHEMBL674643,Inhibitory concentration of EGF dependent autophosphorylation of epidermal growth factor receptor kinase,B,,,BAO_0000190,BAO_0000357,single protein format,CCCCc1cc(/C=C(\C#N)C(N)=O)cc(CCCC)c1O,,,CHEMBL1124610,J Med Chem,1989,"{'bei': '14.18', 'le': '0.26', 'lle': '0.79', 'sei': '4.89'}",,CHEMBL77243,,CHEMBL77243,4.26,0,http://www.openphacts.org/units/Nanomolar,137235,=,1,1,=,,IC50,nM,,55000.0,CHEMBL203,Homo sapiens,Epidermal growth factor receptor,9606,,,IC50,uM,UO_0000065,,55.0,300.402,3.4696800000000017,3,2,87.11
,,84549,[],CHEMBL679949,Evaluated for inhibitory activity towards tyrosine kinase Epidermal growth factor receptor,B,,,BAO_0000190,BAO_0000357,single protein format,O=C(O)CCc1c(/C=C2\C(=O)Nc3ccc(C(=O)O)cc32)[nH]c2c1CCCC2,,,CHEMBL1133768,J Med Chem,2000,"{'bei': '11.17', 'le': '0.21', 'lle': '1.15', 'sei': '3.56'}",,CHEMBL431996,,CHEMBL431996,4.25,0,http://www.openphacts.org/units/Nanomolar,163341,=,1,1,=,,IC50,nM,,56500.0,CHEMBL203,Homo sapiens,Epidermal growth factor receptor,9606,,,IC50,uM,UO_0000065,,56.5,380.4000000000002,3.101600000000002,3,4,119.49000000000001
,,215556,[],CHEMBL814060,Cytotoxic effect on EGF-receptor overexpressing HN5 squamous carcinoma cells,F,,,BAO_0000190,BAO_0000219,cell-based format,Oc1ccc(/N=N/c2ccc(O)cc2O)cc1,,,CHEMBL1127530,J Med Chem,1994,,,CHEMBL47966,,CHEMBL47966,4.24,0,http://www.openphacts.org/units/Nanomolar,76265,=,1,1,=,,IC50,nM,,58000.0,CHEMBL203,Homo sapiens,Epidermal growth factor receptor,9606,,,IC50,uM,UO_0000065,,58.0,230.22300000000004,3.2188000000000008,5,3,85.41000000000001
,,53761,[],CHEMBL674643,Inhibitory concentration of EGF dependent autophosphorylation of epidermal growth factor receptor kinase,B,,,BAO_0000190,BAO_0000357,single protein format,N#CC(C#N)=Cc1ccc(C=O)cc1,,,CHEMBL1124610,J Med Chem,1989,"{'bei': '23.17', 'le': '0.41', 'lle': '2.29', 'sei': '6.53'}",,CHEMBL311119,,CHEMBL311119,4.22,0,http://www.openphacts.org/units/Nanomolar,137196,=,1,1,=,,IC50,nM,,60000.0,CHEMBL203,Homo sapiens,Epidermal growth factor receptor,9606,,,IC50,uM,UO_0000065,,60.0,182.182,1.9296599999999997,3,0,64.65
,,35296,[],CHEMBL674643,Inhibitory concentration of EGF dependent autophosphorylation of epidermal growth factor receptor kinase,B,,,BAO_0000190,BAO_0000357,single protein format,N#CC(C#N)=C(N)/C(C#N)=C/c1ccc(O)c([N+](=O)[O-])c1,,,CHEMBL1124610,J Med Chem,1989,"{'bei': '15.01', 'le': '0.27', 'lle': '2.75', 'sei': '2.63'}",,CHEMBL309625,,CHEMBL309625,4.22,0,http://www.openphacts.org/units/Nanomolar,137231,=,1,1,=,,IC50,nM,,60000.0,CHEMBL203,Homo sapiens,Epidermal growth factor receptor,9606,,,IC50,uM,UO_0000065,,60.0,281.231,1.4673399999999999,7,2,160.76
,,318289,[],CHEMBL676067,Inhibitory activity against epidermal growth factor receptor (EGFR),B,,,BAO_0000190,BAO_0000357,single protein format,Cc1cc(C=C(C#N)C#N)cc(O)c1O,,,CHEMBL1136802,J Med Chem,2003,"{'bei': '21.03', 'le': '0.38', 'lle': '2.37', 'sei': '4.78'}",,CHEMBL116423,,CHEMBL116423,4.21,1,http://www.openphacts.org/units/Nanomolar,275706,=,1,1,=,,IC50,nM,,61659.5,CHEMBL203,Homo sapiens,Epidermal growth factor receptor,9606,,,pIC50,,UO_0000065,,4.21,200.197,1.836780000000001,4,2,88.04
,,288453,[],CHEMBL677890,Inhibitory activity against protein tyrosine kinase of Epidermal growth factor receptor was determined,B,,,BAO_0000190,BAO_0000357,single protein format,CO[C@H]1[C@@H](N(C)C(=O)c2cc([N+](=O)[O-])cc([N+](=O)[O-])c2)C[C@@H]2O[C@@]1(C)n1c3ccccc3c3c4c(c5c6ccccc6n2c5c31)C(=O)NC4,,,CHEMBL1127758,Bioorg Med Chem Lett,1994,,,CHEMBL132170,,CHEMBL132170,4.154901959985743,0,http://www.openphacts.org/units/Nanomolar,249295,>,1,1,>,,IC50,nM,,70000.0,CHEMBL203,Homo sapiens,Epidermal growth factor receptor,9606,,,IC50,uM,UO_0000065,,70.0,660.6430000000001,5.7232000000000065,10,1,164.01
,,57445,[],CHEMBL674643,Inhibitory concentration of EGF dependent autophosphorylation of epidermal growth factor receptor kinase,B,,,BAO_0000190,BAO_0000357,single protein format,N#C/C(=C/c1cc(O)ccc1O)C(=O)O,,,CHEMBL1124610,J Med Chem,1989,"{'bei': '20.10', 'le': '0.38', 'lle': '3.03', 'sei': '4.06'}",,CHEMBL76642,,CHEMBL76642,4.12,0,http://www.openphacts.org/units/Nanomolar,137227,=,1,1,=,,IC50,nM,,75000.0,CHEMBL203,Homo sapiens,Epidermal growth factor receptor,9606,,,IC50,uM,UO_0000065,,75.0,205.16899999999998,1.0893799999999998,4,3,101.55
,,420001,[],CHEMBL621024,Inhibition of epidermal growth factor receptor (EGF-R) autophosphorylation in A431 cells,F,,,BAO_0000190,BAO_0000219,cell-based format,COc1ccc(Nc2ccnc3cc(OC)c(OC)cc23)cc1OC,,,CHEMBL1152084,Bioorg Med Chem Lett,1997,,,CHEMBL98137,,CHEMBL98137,4.09,0,http://www.openphacts.org/units/Nanomolar,185639,=,1,1,=,,IC50,nM,,80500.0,CHEMBL203,Homo sapiens,Epidermal growth factor receptor,9606,,,IC50,uM,UO_0000065,,80.5,340.3790000000001,4.012800000000003,6,1,61.84
,,330793,[],CHEMBL676067,Inhibitory activity against epidermal growth factor receptor (EGFR),B,,,BAO_0000190,BAO_0000357,single protein format,COc1cc(/C=C(\C#N)C(N)=O)cc(CSc2nc3cc(Cl)ccc3s2)c1O,,,CHEMBL1136802,J Med Chem,2003,"{'bei': '9.45', 'le': '0.20', 'lle': '-0.27', 'sei': '3.74'}",,CHEMBL115519,,CHEMBL115519,4.08,0,http://www.openphacts.org/units/Nanomolar,275727,=,1,1,=,,IC50,nM,,83176.38,CHEMBL203,Homo sapiens,Epidermal growth factor receptor,9606,,,pIC50,,UO_0000065,,4.08,431.9260000000001,4.348480000000002,7,2,109.22999999999999
,,342461,[],CHEMBL676067,Inhibitory activity against epidermal growth factor receptor (EGFR),B,,,BAO_0000190,BAO_0000357,single protein format,COc1cc(C=C(C#N)C#N)cc(C)c1O,,,CHEMBL1136802,J Med Chem,2003,"{'bei': '18.95', 'le': '0.35', 'lle': '1.92', 'sei': '5.27'}",,CHEMBL120564,,CHEMBL120564,4.06,1,http://www.openphacts.org/units/Nanomolar,275710,=,1,1,=,,IC50,nM,,87096.36,CHEMBL203,Homo sapiens,Epidermal growth factor receptor,9606,,,pIC50,,UO_0000065,,4.06,214.224,2.1397800000000005,4,1,77.03999999999999
,,138233,[],CHEMBL676146,Inhibition of EGF-dependent DNA synthesis in ER 22 cells incubated with [3H]TdR,F,,,BAO_0000190,BAO_0000219,cell-based format,O=C(O)c1cc(NCc2cc(O)ccc2O)ccc1O,,,CHEMBL1127084,J Med Chem,1993,,,CHEMBL319620,LAVENDUSTIN C,CHEMBL319620,4.04,0,http://www.openphacts.org/units/Nanomolar,252400,=,1,1,=,,IC50,nM,,92000.0,CHEMBL203,Homo sapiens,Epidermal growth factor receptor,9606,,,IC50,uM,UO_0000065,,92.0,275.26000000000005,2.1137,5,5,110.02000000000001
,,468916,[],CHEMBL672267,Inhibition of EGF receptor kinase,B,,,BAO_0000190,BAO_0000357,single protein format,C[S+]([O-])c1ccc(-c2nc(-c3ccc(F)cc3)c(-c3ccncc3)[nH]2)cc1,,,CHEMBL1132637,J Med Chem,1999,"{'bei': '10.64', 'le': '0.20', 'lle': '-0.66', 'sei': '6.22'}",,CHEMBL10,SB-203580,CHEMBL10,4.02,0,http://www.openphacts.org/units/Nanomolar,122298,=,1,1,=,,IC50,nM,,96000.0,CHEMBL203,Homo sapiens,Epidermal growth factor receptor,9606,,,IC50,nM,UO_0000065,,96000.0,377.444,4.6822000000000035,3,1,64.63
,,32780,[],CHEMBL674643,Inhibitory concentration of EGF dependent autophosphorylation of epidermal growth factor receptor kinase,B,,,BAO_0000190,BAO_0000357,single protein format,N#CC(C#N)=Cc1cc(O)ccc1[N+](=O)[O-],,,CHEMBL1124610,J Med Chem,1989,"{'bei': '18.67', 'le': '0.34', 'lle': '2.29', 'sei': '3.62'}",,CHEMBL77085,,CHEMBL77085,4.02,0,http://www.openphacts.org/units/Nanomolar,137197,=,1,1,=,,IC50,nM,,96000.0,CHEMBL203,Homo sapiens,Epidermal growth factor receptor,9606,,,IC50,uM,UO_0000065,,96.0,215.16799999999998,1.73096,5,1,110.95000000000002
,,139392,[],CHEMBL677391,Inhibition of tyrosine phosphorylation activity of the epidermal growth factor receptor (EGFR) tyrosine kinase from human A-431 carcinoma cell-shed membrane vesicles,B,,,BAO_0000190,BAO_0000019,assay format,COc1ccc2c(c1)c(C(=O)Nc1ccccc1)c(SSc1c(C(=O)Nc3ccccc3)c3cc(OC)ccc3n1C)n2C,,,CHEMBL1127560,J Med Chem,1994,,,CHEMBL294341,,CHEMBL294341,4.0,0,http://www.openphacts.org/units/Nanomolar,109031,>,1,1,>,,IC50,nM,,100000.0,CHEMBL203,Homo sapiens,Epidermal growth factor receptor,9606,,,IC50,uM,UO_0000065,,100.0,622.772,7.9912000000000045,8,2,86.52000000000001
,,91573,[],CHEMBL679949,Evaluated for inhibitory activity towards tyrosine kinase Epidermal growth factor receptor,B,,,BAO_0000190,BAO_0000357,single protein format,NS(=O)(=O)c1ccc2c(c1)/C(=C/c1cc3c([nH]1)CCCC3)C(=O)N2,,,CHEMBL1133768,J Med Chem,2000,,,CHEMBL88483,,CHEMBL88483,4.0,0,http://www.openphacts.org/units/Nanomolar,163351,>,1,1,>,,IC50,nM,,100000.0,CHEMBL203,Homo sapiens,Epidermal growth factor receptor,9606,,,IC50,uM,UO_0000065,,100.0,343.4080000000002,2.0336000000000003,3,3,105.05000000000001
,,397799,[],CHEMBL679944,Concentration needed to inhibit the phosphorylation of a 14-residue fragment of phospholipase C-gamma1 by Epidermal growth factor receptor (prepared from human A431 carcinoma cell vesicles by immunoaffinity chromatography),B,,,BAO_0000190,BAO_0000357,single protein format,c1ccc2c(c1)[nH]c1c(NC3CCCCC3)ncnc12,,,CHEMBL1132555,J Med Chem,1999,,,CHEMBL5195327,,CHEMBL5195327,4.0,0,http://www.openphacts.org/units/Nanomolar,296366,>,1,1,>,,IC50,nM,,100000.0,CHEMBL203,Homo sapiens,Epidermal growth factor receptor,9606,,,IC50,nM,UO_0000065,,100000.0,266.34799999999996,3.8557000000000015,3,2,53.6
,,144215,[],CHEMBL677391,Inhibition of tyrosine phosphorylation activity of the epidermal growth factor receptor (EGFR) tyrosine kinase from human A-431 carcinoma cell-shed membrane vesicles,B,,,BAO_0000190,BAO_0000019,assay format,Cn1c(SSc2c(C(=O)Nc3ccccc3)c3c(Cl)cccc3n2C)c(C(=O)Nc2ccccc2)c2c(Cl)cccc21,,,CHEMBL1127560,J Med Chem,1994,"{'bei': '6.33', 'le': '0.13', 'lle': '-5.28', 'sei': '5.88'}",,CHEMBL293986,,CHEMBL293986,4.0,0,http://www.openphacts.org/units/Nanomolar,109057,=,1,1,=,,IC50,nM,,100000.0,CHEMBL203,Homo sapiens,Epidermal growth factor receptor,9606,,,IC50,uM,UO_0000065,,100.0,631.6100000000001,9.280799999999996,6,2,68.06
,,189003,[],CHEMBL677389,Inhibition of the phosphorylation of a random polyglutamic acid/tyrosine copolymer by human epidermal growth factor receptor(EGFR) prepared from human A431 carcinoma cells,B,,,BAO_0000190,BAO_0000219,cell-based format,Brc1cccc(Nc2nccc3ccccc23)c1,,,CHEMBL1130030,J Med Chem,1997,,,CHEMBL39563,,CHEMBL39563,4.0,1,http://www.openphacts.org/units/Nanomolar,60200,>,1,1,>,,IC50,nM,,100000.0,CHEMBL203,Homo sapiens,Epidermal growth factor receptor,9606,,,IC50,nM,UO_0000065,,100000.0,299.17100000000005,4.740900000000003,2,1,24.92
,,83552,[],CHEMBL679949,Evaluated for inhibitory activity towards tyrosine kinase Epidermal growth factor receptor,B,,,BAO_0000190,BAO_0000357,single protein format,COc1ccccc1-c1ccc2c(c1)NC(=O)/C2=C\c1cc2c([nH]1)CCCC2,,,CHEMBL1133768,J Med Chem,2000,,,CHEMBL88462,,CHEMBL88462,4.0,0,http://www.openphacts.org/units/Nanomolar,163347,>,1,1,>,,IC50,nM,,100000.0,CHEMBL203,Homo sapiens,Epidermal growth factor receptor,9606,,,IC50,uM,UO_0000065,,100.0,370.4520000000002,5.061800000000003,2,2,54.12
,,79181,[],CHEMBL679949,Evaluated for inhibitory activity towards tyrosine kinase Epidermal growth factor receptor,B,,,BAO_0000190,BAO_0000357,single protein format,COc1ccc2c(c1)NC(=O)/C2=C\c1[nH]c2c(c1CCC(=O)O)CCCC2,,,CHEMBL1133768,J Med Chem,2000,,,CHEMBL420609,,CHEMBL420609,4.0,0,http://www.openphacts.org/units/Nanomolar,163340,>,1,1,>,,IC50,nM,,100000.0,CHEMBL203,Homo sapiens,Epidermal growth factor receptor,9606,,,IC50,uM,UO_0000065,,100.0,366.4170000000002,3.4120000000000017,3,3,91.42
,,397434,[],CHEMBL621024,Inhibition of epidermal growth factor receptor (EGF-R) autophosphorylation in A431 cells,F,,,BAO_0000190,BAO_0000219,cell-based format,COc1ccc(Oc2ncnc3cc(OC)c(OC)cc23)cc1OC,,,CHEMBL1152084,Bioorg Med Chem Lett,1997,,,CHEMBL431818,,CHEMBL431818,4.0,0,http://www.openphacts.org/units/Nanomolar,185640,>,1,1,>,,IC50,nM,,100000.0,CHEMBL203,Homo sapiens,Epidermal growth factor receptor,9606,,,IC50,uM,UO_0000065,,100.0,342.3510000000001,3.456500000000002,7,0,71.93
,,91582,[],CHEMBL679949,Evaluated for inhibitory activity towards tyrosine kinase Epidermal growth factor receptor,B,,,BAO_0000190,BAO_0000357,single protein format,O=C1Nc2cc(-c3ccccc3)ccc2/C1=C/c1cc2c([nH]1)CCCC2,,,CHEMBL1133768,J Med Chem,2000,,,CHEMBL313746,,CHEMBL313746,4.0,0,http://www.openphacts.org/units/Nanomolar,163355,>,1,1,>,,IC50,nM,,100000.0,CHEMBL203,Homo sapiens,Epidermal growth factor receptor,9606,,,IC50,uM,UO_0000065,,100.0,340.4260000000002,5.053200000000004,1,2,44.89
,,336398,[],CHEMBL677206,Inhibition of epidermal growth factor receptor (EGFr),B,,,BAO_0000190,BAO_0000357,single protein format,Cn1c([Se][Se]c2c(C(=O)OC(C)(C)C)c3ccccc3n2C)c(C(=O)OC(C)(C)C)c2ccccc21,,,CHEMBL1129933,J Med Chem,1997,,,CHEMBL334973,,CHEMBL334973,4.0,0,http://www.openphacts.org/units/Nanomolar,259290,>,1,1,>,,IC50,nM,,100000.0,CHEMBL203,Homo sapiens,Epidermal growth factor receptor,9606,,,IC50,uM,UO_0000065,,100.0,618.4940000000001,3.8548000000000027,6,0,62.459999999999994
,,109085,[],CHEMBL679549,Inhibitory activity against recombinant tyrosine kinase EGF-R (EGF-R ICD),B,,,BAO_0000190,BAO_0000357,single protein format,O=C1NC(=O)c2cc(Sc3ccccc3)c(Sc3ccccc3)cc21,,,CHEMBL1127678,J Med Chem,1994,,,CHEMBL8271,,CHEMBL8271,4.0,0,http://www.openphacts.org/units/Nanomolar,3006,>,1,1,>,,IC50,nM,,100000.0,CHEMBL203,Homo sapiens,Epidermal growth factor receptor,9606,,,IC50,uM,UO_0000065,,100.0,363.4630000000001,4.872600000000003,4,1,46.17
,,369986,[],CHEMBL674029,Inhibition of EGF-stimulated EGFR tyrosine kinase activity using plasma membrane vesicles shed from cultured human A431 carcinoma cells,F,,,BAO_0000190,BAO_0000219,cell-based format,COC(=O)CCN1C(=S)C(CCC(=O)OC)(CCC(=O)OC)c2ccccc21,,,CHEMBL1127050,J Med Chem,1993,,,CHEMBL309513,,CHEMBL309513,4.0,0,http://www.openphacts.org/units/Nanomolar,146855,>,1,1,>,,IC50,nM,,100000.0,CHEMBL203,Homo sapiens,Epidermal growth factor receptor,9606,,,IC50,uM,UO_0000065,,100.0,407.4880000000002,2.5412999999999997,7,0,82.14
,,111730,[],CHEMBL679549,Inhibitory activity against recombinant tyrosine kinase EGF-R (EGF-R ICD),B,,,BAO_0000190,BAO_0000357,single protein format,O=C1NC(=O)c2c1c1c3ccccc3[nH]c1c1[nH]c3ccccc3c21,,,CHEMBL1127678,J Med Chem,1994,,,CHEMBL268368,STAUROSPORINE AGLYCON,CHEMBL268368,4.0,0,http://www.openphacts.org/units/Nanomolar,2998,>,1,1,>,,IC50,nM,,100000.0,CHEMBL203,Homo sapiens,Epidermal growth factor receptor,9606,,,IC50,uM,UO_0000065,,100.0,325.32700000000006,3.839200000000001,2,3,77.75
,,348688,[],CHEMBL674029,Inhibition of EGF-stimulated EGFR tyrosine kinase activity using plasma membrane vesicles shed from cultured human A431 carcinoma cells,F,,,BAO_0000190,BAO_0000219,cell-based format,CN1C(=S)C(CCCC(=O)O)c2ccccc21,,,CHEMBL1127050,J Med Chem,1993,,,CHEMBL83390,,CHEMBL83390,4.0,0,http://www.openphacts.org/units/Nanomolar,146869,>,1,1,>,,IC50,nM,,100000.0,CHEMBL203,Homo sapiens,Epidermal growth factor receptor,9606,,,IC50,uM,UO_0000065,,100.0,249.335,2.8023000000000007,2,1,40.540000000000006
,,348689,[],CHEMBL674029,Inhibition of EGF-stimulated EGFR tyrosine kinase activity using plasma membrane vesicles shed from cultured human A431 carcinoma cells,F,,,BAO_0000190,BAO_0000219,cell-based format,COC(=O)CCCC1C(=S)N(C)c2ccccc21,,,CHEMBL1127050,J Med Chem,1993,,,CHEMBL84512,,CHEMBL84512,4.0,0,http://www.openphacts.org/units/Nanomolar,146867,>,1,1,>,,IC50,nM,,100000.0,CHEMBL203,Homo sapiens,Epidermal growth factor receptor,9606,,,IC50,uM,UO_0000065,,100.0,263.362,2.8907000000000016,3,0,29.54
,,350016,[],CHEMBL674029,Inhibition of EGF-stimulated EGFR tyrosine kinase activity using plasma membrane vesicles shed from cultured human A431 carcinoma cells,F,,,BAO_0000190,BAO_0000219,cell-based format,COC(=O)CCc1c(SSc2c(CCC(=O)OC)c3ccccc3n2C)n(C)c2ccccc12,,,CHEMBL1127050,J Med Chem,1993,,,CHEMBL314029,,CHEMBL314029,4.0,0,http://www.openphacts.org/units/Nanomolar,146864,>,1,1,>,,IC50,nM,,100000.0,CHEMBL203,Homo sapiens,Epidermal growth factor receptor,9606,,,IC50,uM,UO_0000065,,100.0,496.6540000000002,5.6806000000000045,8,0,62.46000000000001
,,127172,[],CHEMBL677391,Inhibition of tyrosine phosphorylation activity of the epidermal growth factor receptor (EGFR) tyrosine kinase from human A-431 carcinoma cell-shed membrane vesicles,B,,,BAO_0000190,BAO_0000019,assay format,Cc1ccc2c(c1)c(C(=O)Nc1ccccc1)c(SSc1c(C(=O)Nc3ccccc3)c3cc(C)ccc3n1C)n2C,,,CHEMBL1127560,J Med Chem,1994,,,CHEMBL60200,,CHEMBL60200,4.0,0,http://www.openphacts.org/units/Nanomolar,109054,>,1,1,>,,IC50,nM,,100000.0,CHEMBL203,Homo sapiens,Epidermal growth factor receptor,9606,,,IC50,uM,UO_0000065,,100.0,590.7740000000001,8.590840000000002,6,2,68.06
,,124275,[],CHEMBL677391,Inhibition of tyrosine phosphorylation activity of the epidermal growth factor receptor (EGFR) tyrosine kinase from human A-431 carcinoma cell-shed membrane vesicles,B,,,BAO_0000190,BAO_0000019,assay format,Cc1cccc2c(C(=O)Nc3ccccc3)c(SSc3c(C(=O)Nc4ccccc4)c4cccc(C)c4n3C)n(C)c12,,,CHEMBL1127560,J Med Chem,1994,,,CHEMBL64165,,CHEMBL64165,4.0,0,http://www.openphacts.org/units/Nanomolar,109050,>,1,1,>,,IC50,nM,,100000.0,CHEMBL203,Homo sapiens,Epidermal growth factor receptor,9606,,,IC50,uM,UO_0000065,,100.0,590.774,8.590840000000002,6,2,68.06
,,355813,[],CHEMBL674029,Inhibition of EGF-stimulated EGFR tyrosine kinase activity using plasma membrane vesicles shed from cultured human A431 carcinoma cells,F,,,BAO_0000190,BAO_0000219,cell-based format,COC(=O)CCCC1C(S)=Nc2ccccc21,,,CHEMBL1127050,J Med Chem,1993,,,CHEMBL312402,,CHEMBL312402,4.0,0,http://www.openphacts.org/units/Nanomolar,146868,>,1,1,>,,IC50,nM,,100000.0,CHEMBL203,Homo sapiens,Epidermal growth factor receptor,9606,,,IC50,uM,UO_0000065,,100.0,249.33500000000004,3.0869000000000018,3,1,38.66
,,118165,[],CHEMBL677391,Inhibition of tyrosine phosphorylation activity of the epidermal growth factor receptor (EGFR) tyrosine kinase from human A-431 carcinoma cell-shed membrane vesicles,B,,,BAO_0000190,BAO_0000019,assay format,Cc1cccc2c1c(C(=O)Nc1ccccc1)c(SSc1c(C(=O)Nc3ccccc3)c3c(C)cccc3n1C)n2C,,,CHEMBL1127560,J Med Chem,1994,,,CHEMBL292287,,CHEMBL292287,4.0,0,http://www.openphacts.org/units/Nanomolar,109059,>,1,1,>,,IC50,nM,,100000.0,CHEMBL203,Homo sapiens,Epidermal growth factor receptor,9606,,,IC50,uM,UO_0000065,,100.0,590.7740000000001,8.590840000000002,6,2,68.06
,,116924,[],CHEMBL677391,Inhibition of tyrosine phosphorylation activity of the epidermal growth factor receptor (EGFR) tyrosine kinase from human A-431 carcinoma cell-shed membrane vesicles,B,,,BAO_0000190,BAO_0000019,assay format,CN1C(=S)C(C)(C(=O)Nc2ccccc2)c2ccccc21,,,CHEMBL1127560,J Med Chem,1994,,,CHEMBL63009,,CHEMBL63009,4.0,0,http://www.openphacts.org/units/Nanomolar,109042,>,1,1,>,,IC50,nM,,100000.0,CHEMBL203,Homo sapiens,Epidermal growth factor receptor,9606,,,IC50,uM,UO_0000065,,100.0,296.39500000000004,3.3602000000000016,2,1,32.34
,,116922,[],CHEMBL677391,Inhibition of tyrosine phosphorylation activity of the epidermal growth factor receptor (EGFR) tyrosine kinase from human A-431 carcinoma cell-shed membrane vesicles,B,,,BAO_0000190,BAO_0000019,assay format,Cn1c(SSc2c(C(=O)Nc3ccccc3)c3cccc(O)c3n2C)c(C(=O)Nc2ccccc2)c2cccc(O)c21,,,CHEMBL1127560,J Med Chem,1994,"{'bei': '6.73', 'le': '0.13', 'lle': '-3.39', 'sei': '3.69'}",,CHEMBL62843,,CHEMBL62843,4.0,0,http://www.openphacts.org/units/Nanomolar,109047,=,1,1,=,,IC50,nM,,100000.0,CHEMBL203,Homo sapiens,Epidermal growth factor receptor,9606,,,IC50,uM,UO_0000065,,100.0,594.7180000000003,7.3852000000000055,8,4,108.52000000000001
,,125815,[],CHEMBL679549,Inhibitory activity against recombinant tyrosine kinase EGF-R (EGF-R ICD),B,,,BAO_0000190,BAO_0000357,single protein format,COC(=O)c1cc(Nc2ccccc2)c(Nc2ccccc2)cc1C(=O)OC,,,CHEMBL1127678,J Med Chem,1994,,,CHEMBL8222,,CHEMBL8222,4.0,0,http://www.openphacts.org/units/Nanomolar,3009,>,1,1,>,,IC50,nM,,100000.0,CHEMBL203,Homo sapiens,Epidermal growth factor receptor,9606,,,IC50,uM,UO_0000065,,100.0,376.41200000000015,4.747000000000003,6,2,76.66000000000001
,,118172,[],CHEMBL677391,Inhibition of tyrosine phosphorylation activity of the epidermal growth factor receptor (EGFR) tyrosine kinase from human A-431 carcinoma cell-shed membrane vesicles,B,,,BAO_0000190,BAO_0000019,assay format,CN1C(=S)C(C(=O)Nc2ccccc2)c2cc(Cl)ccc21,,,CHEMBL1127560,J Med Chem,1994,,,CHEMBL62067,,CHEMBL62067,4.0,0,http://www.openphacts.org/units/Nanomolar,109044,>,1,1,>,,IC50,nM,,100000.0,CHEMBL203,Homo sapiens,Epidermal growth factor receptor,9606,,,IC50,uM,UO_0000065,,100.0,316.81300000000005,3.839500000000002,2,1,32.34
,,346047,[],CHEMBL674029,Inhibition of EGF-stimulated EGFR tyrosine kinase activity using plasma membrane vesicles shed from cultured human A431 carcinoma cells,F,,,BAO_0000190,BAO_0000219,cell-based format,COC(=O)CCCc1c(SSc2c(CCCC(=O)OC)c3ccccc3n2C)n(C)c2ccccc12,,,CHEMBL1127050,J Med Chem,1993,,,CHEMBL419280,,CHEMBL419280,4.0,0,http://www.openphacts.org/units/Nanomolar,146857,>,1,1,>,,IC50,nM,,100000.0,CHEMBL203,Homo sapiens,Epidermal growth factor receptor,9606,,,IC50,uM,UO_0000065,,100.0,524.7080000000002,6.460800000000006,8,0,62.46000000000001
,,352832,[],CHEMBL674029,Inhibition of EGF-stimulated EGFR tyrosine kinase activity using plasma membrane vesicles shed from cultured human A431 carcinoma cells,F,,,BAO_0000190,BAO_0000219,cell-based format,COC(=O)CCC1C(S)=Nc2ccccc21,,,CHEMBL1127050,J Med Chem,1993,,,CHEMBL309716,,CHEMBL309716,4.0,0,http://www.openphacts.org/units/Nanomolar,146872,>,1,1,>,,IC50,nM,,100000.0,CHEMBL203,Homo sapiens,Epidermal growth factor receptor,9606,,,IC50,uM,UO_0000065,,100.0,235.30800000000002,2.6968000000000005,3,1,38.66
,,347377,[],CHEMBL674029,Inhibition of EGF-stimulated EGFR tyrosine kinase activity using plasma membrane vesicles shed from cultured human A431 carcinoma cells,F,,,BAO_0000190,BAO_0000219,cell-based format,COC(=O)CC1C(=S)N(C)c2ccccc21,,,CHEMBL1127050,J Med Chem,1993,,,CHEMBL80001,,CHEMBL80001,4.0,0,http://www.openphacts.org/units/Nanomolar,146845,>,1,1,>,,IC50,nM,,100000.0,CHEMBL203,Homo sapiens,Epidermal growth factor receptor,9606,,,IC50,uM,UO_0000065,,100.0,235.30800000000002,2.1105,3,0,29.54
,,130896,[],CHEMBL677391,Inhibition of tyrosine phosphorylation activity of the epidermal growth factor receptor (EGFR) tyrosine kinase from human A-431 carcinoma cell-shed membrane vesicles,B,,,BAO_0000190,BAO_0000019,assay format,COc1cccc2c1c(C(=O)Nc1ccccc1)c(SSc1c(C(=O)Nc3ccccc3)c3c(OC)cccc3n1C)n2C,,,CHEMBL1127560,J Med Chem,1994,,,CHEMBL294205,,CHEMBL294205,4.0,0,http://www.openphacts.org/units/Nanomolar,109058,>,1,1,>,,IC50,nM,,100000.0,CHEMBL203,Homo sapiens,Epidermal growth factor receptor,9606,,,IC50,uM,UO_0000065,,100.0,622.772,7.9912000000000045,8,2,86.52000000000001
,,127318,[],CHEMBL677391,Inhibition of tyrosine phosphorylation activity of the epidermal growth factor receptor (EGFR) tyrosine kinase from human A-431 carcinoma cell-shed membrane vesicles,B,,,BAO_0000190,BAO_0000019,assay format,Cn1c(SSCc2ccccc2)c(C(=O)Nc2ccccc2)c2ccccc21,,,CHEMBL1127560,J Med Chem,1994,,,CHEMBL64231,,CHEMBL64231,4.0,0,http://www.openphacts.org/units/Nanomolar,109060,>,1,1,>,,IC50,nM,,100000.0,CHEMBL203,Homo sapiens,Epidermal growth factor receptor,9606,,,IC50,uM,UO_0000065,,100.0,404.5600000000002,6.371100000000004,4,1,34.03
,,129504,[],CHEMBL677391,Inhibition of tyrosine phosphorylation activity of the epidermal growth factor receptor (EGFR) tyrosine kinase from human A-431 carcinoma cell-shed membrane vesicles,B,,,BAO_0000190,BAO_0000019,assay format,CN1C(=S)C(C(=O)Nc2ccccc2)c2cccnc21,,,CHEMBL1127560,J Med Chem,1994,,,CHEMBL62699,,CHEMBL62699,4.0,0,http://www.openphacts.org/units/Nanomolar,109043,>,1,1,>,,IC50,nM,,100000.0,CHEMBL203,Homo sapiens,Epidermal growth factor receptor,9606,,,IC50,uM,UO_0000065,,100.0,283.35600000000005,2.581100000000001,3,1,45.230000000000004
,,350018,[],CHEMBL674029,Inhibition of EGF-stimulated EGFR tyrosine kinase activity using plasma membrane vesicles shed from cultured human A431 carcinoma cells,F,,,BAO_0000190,BAO_0000219,cell-based format,COC(=O)CCCc1c(SSc2[nH]c3ccccc3c2CCCC(=O)OC)[nH]c2ccccc12,,,CHEMBL1127050,J Med Chem,1993,,,CHEMBL420400,,CHEMBL420400,4.0,0,http://www.openphacts.org/units/Nanomolar,146858,>,1,1,>,,IC50,nM,,100000.0,CHEMBL203,Homo sapiens,Epidermal growth factor receptor,9606,,,IC50,uM,UO_0000065,,100.0,496.65400000000034,6.440000000000006,6,2,84.18
,,430776,[],CHEMBL679944,Concentration needed to inhibit the phosphorylation of a 14-residue fragment of phospholipase C-gamma1 by Epidermal growth factor receptor (prepared from human A431 carcinoma cell vesicles by immunoaffinity chromatography),B,,,BAO_0000190,BAO_0000357,single protein format,C[C@@H](Nc1[nH]cnc2c3ccccc3nc1-2)c1ccccc1.Cl,,,CHEMBL1132555,J Med Chem,1999,,,CHEMBL2094036,,CHEMBL102651,4.0,0,http://www.openphacts.org/units/Nanomolar,296376,>,1,1,>,,IC50,nM,,100000.0,CHEMBL203,Homo sapiens,Epidermal growth factor receptor,9606,,,IC50,nM,UO_0000065,,100000.0,324.815,4.657600000000003,3,2,53.6
,,118170,[],CHEMBL677391,Inhibition of tyrosine phosphorylation activity of the epidermal growth factor receptor (EGFR) tyrosine kinase from human A-431 carcinoma cell-shed membrane vesicles,B,,,BAO_0000190,BAO_0000019,assay format,CC(=O)Oc1ccc2c(C(=O)Nc3ccccc3)c(SSc3c(C(=O)Nc4ccccc4)c4ccc(OC(C)=O)cc4n3C)n(C)c2c1,,,CHEMBL1127560,J Med Chem,1994,,,CHEMBL64068,,CHEMBL64068,4.0,0,http://www.openphacts.org/units/Nanomolar,109035,>,1,1,>,,IC50,nM,,100000.0,CHEMBL203,Homo sapiens,Epidermal growth factor receptor,9606,,,IC50,uM,UO_0000065,,100.0,678.7919999999999,7.8246000000000056,10,2,120.66000000000003
,,365714,[],CHEMBL674029,Inhibition of EGF-stimulated EGFR tyrosine kinase activity using plasma membrane vesicles shed from cultured human A431 carcinoma cells,F,,,BAO_0000190,BAO_0000219,cell-based format,CN1C(=S)C(CC(=O)O)c2ccccc21,,,CHEMBL1127050,J Med Chem,1993,,,CHEMBL314416,,CHEMBL314416,4.0,0,http://www.openphacts.org/units/Nanomolar,146876,>,1,1,>,,IC50,nM,,100000.0,CHEMBL203,Homo sapiens,Epidermal growth factor receptor,9606,,,IC50,uM,UO_0000065,,100.0,221.281,2.0221,2,1,40.540000000000006
,,365715,[],CHEMBL674029,Inhibition of EGF-stimulated EGFR tyrosine kinase activity using plasma membrane vesicles shed from cultured human A431 carcinoma cells,F,,,BAO_0000190,BAO_0000219,cell-based format,COC(=O)CCC1C(=S)N(C)c2ccccc21,,,CHEMBL1127050,J Med Chem,1993,,,CHEMBL311609,,CHEMBL311609,4.0,0,http://www.openphacts.org/units/Nanomolar,146871,>,1,1,>,,IC50,nM,,100000.0,CHEMBL203,Homo sapiens,Epidermal growth factor receptor,9606,,,IC50,uM,UO_0000065,,100.0,249.335,2.5006000000000004,3,0,29.54
,,118174,[],CHEMBL677391,Inhibition of tyrosine phosphorylation activity of the epidermal growth factor receptor (EGFR) tyrosine kinase from human A-431 carcinoma cell-shed membrane vesicles,B,,,BAO_0000190,BAO_0000019,assay format,CSc1c(C(=O)Nc2ccccc2)c2ccccc2n1C,,,CHEMBL1127560,J Med Chem,1994,,,CHEMBL64814,,CHEMBL64814,4.0,0,http://www.openphacts.org/units/Nanomolar,109052,>,1,1,>,,IC50,nM,,100000.0,CHEMBL203,Homo sapiens,Epidermal growth factor receptor,9606,,,IC50,uM,UO_0000065,,100.0,296.3950000000001,4.1525000000000025,3,1,34.03
,,352834,[],CHEMBL674029,Inhibition of EGF-stimulated EGFR tyrosine kinase activity using plasma membrane vesicles shed from cultured human A431 carcinoma cells,F,,,BAO_0000190,BAO_0000219,cell-based format,COC(=O)Cc1c(Sc2c(CC(=O)OC)c3ccccc3n2C)n(C)c2ccccc12,,,CHEMBL1127050,J Med Chem,1993,,,CHEMBL311811,,CHEMBL311811,4.0,0,http://www.openphacts.org/units/Nanomolar,146850,>,1,1,>,,IC50,nM,,100000.0,CHEMBL203,Homo sapiens,Epidermal growth factor receptor,9606,,,IC50,uM,UO_0000065,,100.0,436.53300000000013,4.252200000000004,7,0,62.46000000000001
,,135801,[],CHEMBL679549,Inhibitory activity against recombinant tyrosine kinase EGF-R (EGF-R ICD),B,,,BAO_0000190,BAO_0000357,single protein format,N#Cc1ccc(Nc2cc3c(cc2Nc2ccc(C#N)cc2)C(=O)NC3=O)cc1,,,CHEMBL1127678,J Med Chem,1994,,,CHEMBL267869,,CHEMBL267869,4.0,0,http://www.openphacts.org/units/Nanomolar,2995,>,1,1,>,,IC50,nM,,100000.0,CHEMBL203,Homo sapiens,Epidermal growth factor receptor,9606,,,IC50,uM,UO_0000065,,100.0,379.3790000000001,3.800760000000002,6,3,117.81
,,135767,[],CHEMBL677391,Inhibition of tyrosine phosphorylation activity of the epidermal growth factor receptor (EGFR) tyrosine kinase from human A-431 carcinoma cell-shed membrane vesicles,B,,,BAO_0000190,BAO_0000019,assay format,Cn1c(SSc2c(C(=O)Nc3ccccc3)c3cc(C(F)(F)F)ccc3n2C)c(C(=O)Nc2ccccc2)c2cc(C(F)(F)F)ccc21,,,CHEMBL1127560,J Med Chem,1994,,,CHEMBL61278,,CHEMBL61278,4.0,0,http://www.openphacts.org/units/Nanomolar,109041,>,1,1,>,,IC50,nM,,100000.0,CHEMBL203,Homo sapiens,Epidermal growth factor receptor,9606,,,IC50,uM,UO_0000065,,100.0,698.7140000000003,10.011599999999993,6,2,68.06
,,138375,[],CHEMBL679549,Inhibitory activity against recombinant tyrosine kinase EGF-R (EGF-R ICD),B,,,BAO_0000190,BAO_0000357,single protein format,O=C1NC(=O)c2cc3c(cc21)N(c1ccccc1)CCN3c1ccccc1,,,CHEMBL1127678,J Med Chem,1994,,,CHEMBL266255,,CHEMBL266255,4.0,0,http://www.openphacts.org/units/Nanomolar,3004,>,1,1,>,,IC50,nM,,100000.0,CHEMBL203,Homo sapiens,Epidermal growth factor receptor,9606,,,IC50,uM,UO_0000065,,100.0,355.3970000000001,3.860000000000003,4,1,52.650000000000006
,,88634,[],CHEMBL679949,Evaluated for inhibitory activity towards tyrosine kinase Epidermal growth factor receptor,B,,,BAO_0000190,BAO_0000357,single protein format,O=C1Nc2ccccc2/C1=C/c1cc2c([nH]1)CCCC2,,,CHEMBL1133768,J Med Chem,2000,,,CHEMBL328029,,CHEMBL328029,4.0,0,http://www.openphacts.org/units/Nanomolar,163357,>,1,1,>,,IC50,nM,,100000.0,CHEMBL203,Homo sapiens,Epidermal growth factor receptor,9606,,,IC50,uM,UO_0000065,,100.0,264.328,3.3862000000000023,1,2,44.89
,,88643,[],CHEMBL679949,Evaluated for inhibitory activity towards tyrosine kinase Epidermal growth factor receptor,B,,,BAO_0000190,BAO_0000357,single protein format,O=C(O)CCc1c(/C=C2\C(=O)Nc3ccc(Br)cc32)[nH]c2c1CCCC2,,,CHEMBL1133768,J Med Chem,2000,,,CHEMBL314995,,CHEMBL314995,4.0,0,http://www.openphacts.org/units/Nanomolar,163343,>,1,1,>,,IC50,nM,,100000.0,CHEMBL203,Homo sapiens,Epidermal growth factor receptor,9606,,,IC50,uM,UO_0000065,,100.0,415.2870000000002,4.165900000000002,2,3,82.19
,,391455,[],CHEMBL679944,Concentration needed to inhibit the phosphorylation of a 14-residue fragment of phospholipase C-gamma1 by Epidermal growth factor receptor (prepared from human A431 carcinoma cell vesicles by immunoaffinity chromatography),B,,,BAO_0000190,BAO_0000357,single protein format,CN(C)CCNc1[nH]cnc2c3ccccc3nc1-2.Cl,,,CHEMBL1132555,J Med Chem,1999,,,CHEMBL543457,,CHEMBL1192249,4.0,0,http://www.openphacts.org/units/Nanomolar,296365,>,1,1,>,,IC50,nM,,100000.0,CHEMBL203,Homo sapiens,Epidermal growth factor receptor,9606,,,IC50,nM,UO_0000065,,100000.0,291.786,2.4580000000000006,4,2,56.84
,,85635,[],CHEMBL679949,Evaluated for inhibitory activity towards tyrosine kinase Epidermal growth factor receptor,B,,,BAO_0000190,BAO_0000357,single protein format,COc1ccc2c(c1)NC(=O)/C2=C\c1cc2c([nH]1)CCCC2,,,CHEMBL1133768,J Med Chem,2000,,,CHEMBL91250,,CHEMBL91250,4.0,0,http://www.openphacts.org/units/Nanomolar,163353,>,1,1,>,,IC50,nM,,100000.0,CHEMBL203,Homo sapiens,Epidermal growth factor receptor,9606,,,IC50,uM,UO_0000065,,100.0,294.3540000000001,3.394800000000002,2,2,54.12
,,104516,[],CHEMBL679949,Evaluated for inhibitory activity towards tyrosine kinase Epidermal growth factor receptor,B,,,BAO_0000190,BAO_0000357,single protein format,COc1ccccc1-c1ccc2c(c1)NC(=O)/C2=C\c1[nH]c2c(c1CCC(=O)O)CCCC2,,,CHEMBL1133768,J Med Chem,2000,,,CHEMBL313821,,CHEMBL313821,4.0,0,http://www.openphacts.org/units/Nanomolar,163349,>,1,1,>,,IC50,nM,,100000.0,CHEMBL203,Homo sapiens,Epidermal growth factor receptor,9606,,,IC50,uM,UO_0000065,,100.0,442.5150000000004,5.079000000000003,3,3,91.42
,,138225,[],CHEMBL677391,Inhibition of tyrosine phosphorylation activity of the epidermal growth factor receptor (EGFR) tyrosine kinase from human A-431 carcinoma cell-shed membrane vesicles,B,,,BAO_0000190,BAO_0000019,assay format,Cn1c(SSc2ccccc2)c(C(=O)Nc2ccccc2)c2ccccc21,,,CHEMBL1127560,J Med Chem,1994,,,CHEMBL64781,,CHEMBL64781,4.0,0,http://www.openphacts.org/units/Nanomolar,109051,>,1,1,>,,IC50,nM,,100000.0,CHEMBL203,Homo sapiens,Epidermal growth factor receptor,9606,,,IC50,uM,UO_0000065,,100.0,390.53300000000013,6.230000000000004,4,1,34.03
,,87623,[],CHEMBL679949,Evaluated for inhibitory activity towards tyrosine kinase Epidermal growth factor receptor,B,,,BAO_0000190,BAO_0000357,single protein format,COc1ccc(-c2ccc3c(c2)NC(=O)/C3=C\c2[nH]c3c(c2CCC(=O)O)CCCC3)cc1,,,CHEMBL1133768,J Med Chem,2000,,,CHEMBL91815,,CHEMBL91815,4.0,0,http://www.openphacts.org/units/Nanomolar,163348,>,1,1,>,,IC50,nM,,100000.0,CHEMBL203,Homo sapiens,Epidermal growth factor receptor,9606,,,IC50,uM,UO_0000065,,100.0,442.5150000000004,5.079000000000003,3,3,91.42
,,299862,[],CHEMBL677890,Inhibitory activity against protein tyrosine kinase of Epidermal growth factor receptor was determined,B,,,BAO_0000190,BAO_0000357,single protein format,CO[C@H]1[C@@H](N(C)C(=O)c2ccccc2)C[C@@H]2O[C@@]1(C)n1c3ccccc3c3c4c(c5c6ccccc6n2c5c31)C(=O)N(Cc1ccccc1)C4,,,CHEMBL1127758,Bioorg Med Chem Lett,1994,,,CHEMBL415233,,CHEMBL415233,4.0,0,http://www.openphacts.org/units/Nanomolar,249291,>,1,1,>,,IC50,nM,,100000.0,CHEMBL203,Homo sapiens,Epidermal growth factor receptor,9606,,,IC50,uM,UO_0000065,,100.0,660.7740000000001,7.81940000000001,6,0,68.93999999999998
,,85644,[],CHEMBL679949,Evaluated for inhibitory activity towards tyrosine kinase Epidermal growth factor receptor,B,,,BAO_0000190,BAO_0000357,single protein format,O=C(O)CCc1c(/C=C2\C(=O)Nc3cc(-c4ccccc4)ccc32)[nH]c2c1CCCC2,,,CHEMBL1133768,J Med Chem,2000,,,CHEMBL88771,,CHEMBL88771,4.0,0,http://www.openphacts.org/units/Nanomolar,163339,>,1,1,>,,IC50,nM,,100000.0,CHEMBL203,Homo sapiens,Epidermal growth factor receptor,9606,,,IC50,uM,UO_0000065,,100.0,412.48900000000026,5.070400000000004,2,3,82.19
,,388710,[],CHEMBL674029,Inhibition of EGF-stimulated EGFR tyrosine kinase activity using plasma membrane vesicles shed from cultured human A431 carcinoma cells,F,,,BAO_0000190,BAO_0000219,cell-based format,COC(=O)CC1C(S)=Nc2ccccc21,,,CHEMBL1127050,J Med Chem,1993,,,CHEMBL312001,,CHEMBL312001,4.0,0,http://www.openphacts.org/units/Nanomolar,146873,=,1,1,=,,IC50,nM,,100000.0,CHEMBL203,Homo sapiens,Epidermal growth factor receptor,9606,,,IC50,uM,UO_0000065,,100.0,221.28100000000003,2.3067,3,1,38.66
,,385535,[],CHEMBL674029,Inhibition of EGF-stimulated EGFR tyrosine kinase activity using plasma membrane vesicles shed from cultured human A431 carcinoma cells,F,,,BAO_0000190,BAO_0000219,cell-based format,O=C(O)CCC1(CCC(=O)O)C(S)=Nc2ccccc21,,,CHEMBL1127050,J Med Chem,1993,,,CHEMBL82640,,CHEMBL82640,4.0,0,http://www.openphacts.org/units/Nanomolar,146866,>,1,1,>,,IC50,nM,,100000.0,CHEMBL203,Homo sapiens,Epidermal growth factor receptor,9606,,,IC50,uM,UO_0000065,,100.0,293.34400000000005,2.6274000000000006,3,3,86.96
,,107803,[],CHEMBL677391,Inhibition of tyrosine phosphorylation activity of the epidermal growth factor receptor (EGFR) tyrosine kinase from human A-431 carcinoma cell-shed membrane vesicles,B,,,BAO_0000190,BAO_0000019,assay format,Cn1c(SSc2c(C(=O)Nc3ccccc3)c3cccc(Cl)c3n2C)c(C(=O)Nc2ccccc2)c2cccc(Cl)c21,,,CHEMBL1127560,J Med Chem,1994,,,CHEMBL291667,,CHEMBL291667,4.0,0,http://www.openphacts.org/units/Nanomolar,109033,>,1,1,>,,IC50,nM,,100000.0,CHEMBL203,Homo sapiens,Epidermal growth factor receptor,9606,,,IC50,uM,UO_0000065,,100.0,631.6100000000001,9.280799999999996,6,2,68.06
,,134564,[],CHEMBL677391,Inhibition of tyrosine phosphorylation activity of the epidermal growth factor receptor (EGFR) tyrosine kinase from human A-431 carcinoma cell-shed membrane vesicles,B,,,BAO_0000190,BAO_0000019,assay format,Cn1c(SSc2c(C(=O)Nc3ccccc3)c3ccc(Cl)cc3n2C)c(C(=O)Nc2ccccc2)c2ccc(Cl)cc21,,,CHEMBL1127560,J Med Chem,1994,,,CHEMBL303127,,CHEMBL303127,4.0,0,http://www.openphacts.org/units/Nanomolar,109038,>,1,1,>,,IC50,nM,,100000.0,CHEMBL203,Homo sapiens,Epidermal growth factor receptor,9606,,,IC50,uM,UO_0000065,,100.0,631.6100000000001,9.280799999999996,6,2,68.06
,,381225,[],CHEMBL674029,Inhibition of EGF-stimulated EGFR tyrosine kinase activity using plasma membrane vesicles shed from cultured human A431 carcinoma cells,F,,,BAO_0000190,BAO_0000219,cell-based format,COC(=O)CCC1(CCC(=O)OC)C(S)=Nc2ccccc21,,,CHEMBL1127050,J Med Chem,1993,,,CHEMBL312247,,CHEMBL312247,4.0,0,http://www.openphacts.org/units/Nanomolar,146865,>,1,1,>,,IC50,nM,,100000.0,CHEMBL203,Homo sapiens,Epidermal growth factor receptor,9606,,,IC50,uM,UO_0000065,,100.0,321.3980000000001,2.8042000000000007,5,1,64.96000000000001
,,107904,[],CHEMBL679549,Inhibitory activity against recombinant tyrosine kinase EGF-R (EGF-R ICD),B,,,BAO_0000190,BAO_0000357,single protein format,COC(=O)c1cc(Nc2ccc(F)cc2)c(Nc2ccc(F)cc2)cc1C(=O)OC,,,CHEMBL1127678,J Med Chem,1994,,,CHEMBL8091,,CHEMBL8091,4.0,0,http://www.openphacts.org/units/Nanomolar,3008,>,1,1,>,,IC50,nM,,100000.0,CHEMBL203,Homo sapiens,Epidermal growth factor receptor,9606,,,IC50,uM,UO_0000065,,100.0,412.39200000000017,5.0252000000000026,6,2,76.66000000000001
,,111719,[],CHEMBL676146,Inhibition of EGF-dependent DNA synthesis in ER 22 cells incubated with [3H]TdR,F,,,BAO_0000190,BAO_0000219,cell-based format,COC(=O)c1cc(/N=C/c2cc(O)ccc2O)ccc1OC,,,CHEMBL1127084,J Med Chem,1993,,,CHEMBL129989,,CHEMBL129989,4.0,0,http://www.openphacts.org/units/Nanomolar,252397,>,1,1,>,,IC50,nM,,100000.0,CHEMBL203,Homo sapiens,Epidermal growth factor receptor,9606,,,IC50,uM,UO_0000065,,100.0,301.29800000000006,2.6436,6,2,88.35000000000001
,,111701,[],CHEMBL677391,Inhibition of tyrosine phosphorylation activity of the epidermal growth factor receptor (EGFR) tyrosine kinase from human A-431 carcinoma cell-shed membrane vesicles,B,,,BAO_0000190,BAO_0000019,assay format,Cc1ccc2c(C(=O)Nc3ccccc3)c(SSc3c(C(=O)Nc4ccccc4)c4ccc(C)cc4n3C)n(C)c2c1,,,CHEMBL1127560,J Med Chem,1994,,,CHEMBL64459,,CHEMBL64459,4.0,0,http://www.openphacts.org/units/Nanomolar,109037,>,1,1,>,,IC50,nM,,100000.0,CHEMBL203,Homo sapiens,Epidermal growth factor receptor,9606,,,IC50,uM,UO_0000065,,100.0,590.7740000000001,8.590840000000002,6,2,68.06
,,110242,[],CHEMBL676146,Inhibition of EGF-dependent DNA synthesis in ER 22 cells incubated with [3H]TdR,F,,,BAO_0000190,BAO_0000219,cell-based format,O=C(O)c1cc(/N=C/c2cc(O)ccc2O)ccc1O,,,CHEMBL1127084,J Med Chem,1993,,,CHEMBL316764,,CHEMBL316764,4.0,0,http://www.openphacts.org/units/Nanomolar,252402,>,1,1,>,,IC50,nM,,100000.0,CHEMBL203,Homo sapiens,Epidermal growth factor receptor,9606,,,IC50,uM,UO_0000065,,100.0,273.244,2.2521999999999998,5,4,110.35000000000001
,,133312,[],CHEMBL677391,Inhibition of tyrosine phosphorylation activity of the epidermal growth factor receptor (EGFR) tyrosine kinase from human A-431 carcinoma cell-shed membrane vesicles,B,,,BAO_0000190,BAO_0000019,assay format,Cn1c(SSc2c(C(=O)Nc3ccccc3)c3cc(F)ccc3n2C)c(C(=O)Nc2ccccc2)c2cc(F)ccc21,,,CHEMBL1127560,J Med Chem,1994,,,CHEMBL63455,,CHEMBL63455,4.0,0,http://www.openphacts.org/units/Nanomolar,109029,>,1,1,>,,IC50,nM,,100000.0,CHEMBL203,Homo sapiens,Epidermal growth factor receptor,9606,,,IC50,uM,UO_0000065,,100.0,598.7000000000003,8.252200000000002,6,2,68.06
,,293355,[],CHEMBL677890,Inhibitory activity against protein tyrosine kinase of Epidermal growth factor receptor was determined,B,,,BAO_0000190,BAO_0000357,single protein format,COC(=O)CN1Cc2c(c3c4ccccc4n4c3c3c2c2ccccc2n3[C@]2(C)O[C@H]4C[C@H](N(C)C(=O)c3ccccc3)[C@@H]2OC)C1=O,,,CHEMBL1127758,Bioorg Med Chem Lett,1994,,,CHEMBL131456,,CHEMBL131456,4.0,0,http://www.openphacts.org/units/Nanomolar,249290,>,1,1,>,,IC50,nM,,100000.0,CHEMBL203,Homo sapiens,Epidermal growth factor receptor,9606,,,IC50,uM,UO_0000065,,100.0,642.7120000000003,5.792200000000006,8,0,95.24000000000001
,,91591,[],CHEMBL679949,Evaluated for inhibitory activity towards tyrosine kinase Epidermal growth factor receptor,B,,,BAO_0000190,BAO_0000357,single protein format,Cc1c[nH]c(/C=C2\C(=O)Nc3ccccc32)c1CCC(=O)O,,,CHEMBL1133768,J Med Chem,2000,,,CHEMBL89363,,CHEMBL89363,4.0,1,http://www.openphacts.org/units/Nanomolar,163345,>,1,1,>,,IC50,nM,,100000.0,CHEMBL203,Homo sapiens,Epidermal growth factor receptor,9606,,,IC50,uM,UO_0000065,,100.0,296.326,2.8330200000000003,2,3,82.19
,,96622,[],CHEMBL679949,Evaluated for inhibitory activity towards tyrosine kinase Epidermal growth factor receptor,B,,,BAO_0000190,BAO_0000357,single protein format,COc1ccc(-c2ccc3c(c2)NC(=O)/C3=C\c2cc3c([nH]2)CCCC3)cc1,,,CHEMBL1133768,J Med Chem,2000,,,CHEMBL313500,,CHEMBL313500,4.0,0,http://www.openphacts.org/units/Nanomolar,163346,>,1,1,>,,IC50,nM,,100000.0,CHEMBL203,Homo sapiens,Epidermal growth factor receptor,9606,,,IC50,uM,UO_0000065,,100.0,370.45200000000017,5.061800000000003,2,2,54.12
,,92603,[],CHEMBL679949,Evaluated for inhibitory activity towards tyrosine kinase Epidermal growth factor receptor,B,,,BAO_0000190,BAO_0000357,single protein format,Cc1cc(C)c(/C=C2\C(=O)Nc3ccccc32)[nH]1,,,CHEMBL1133768,J Med Chem,2000,,,CHEMBL276711,SEMAXANIB,CHEMBL276711,4.0,1,http://www.openphacts.org/units/Nanomolar,163338,>,1,1,>,,IC50,nM,,100000.0,CHEMBL203,Homo sapiens,Epidermal growth factor receptor,9606,,,IC50,uM,UO_0000065,,100.0,238.29000000000002,3.1242400000000004,1,2,44.89
,,98658,[],CHEMBL679949,Evaluated for inhibitory activity towards tyrosine kinase Epidermal growth factor receptor,B,,,BAO_0000190,BAO_0000357,single protein format,O=C1Nc2ccc(C(=O)O)cc2/C1=C/c1cc2c([nH]1)CCCC2,,,CHEMBL1133768,J Med Chem,2000,,,CHEMBL89010,,CHEMBL89010,4.0,0,http://www.openphacts.org/units/Nanomolar,163352,>,1,1,>,,IC50,nM,,100000.0,CHEMBL203,Homo sapiens,Epidermal growth factor receptor,9606,,,IC50,uM,UO_0000065,,100.0,308.33700000000016,3.0844000000000014,2,3,82.19
,,99530,[],CHEMBL679949,Evaluated for inhibitory activity towards tyrosine kinase Epidermal growth factor receptor,B,,,BAO_0000190,BAO_0000357,single protein format,O=C(O)CCc1c(/C=C2\C(=O)Nc3ccccc32)[nH]c2c1CCCC2,,,CHEMBL1133768,J Med Chem,2000,,,CHEMBL315753,,CHEMBL315753,4.0,0,http://www.openphacts.org/units/Nanomolar,163344,>,1,1,>,,IC50,nM,,100000.0,CHEMBL203,Homo sapiens,Epidermal growth factor receptor,9606,,,IC50,uM,UO_0000065,,100.0,336.39100000000025,3.403400000000002,2,3,82.19
,,104507,[],CHEMBL679949,Evaluated for inhibitory activity towards tyrosine kinase Epidermal growth factor receptor,B,,,BAO_0000190,BAO_0000357,single protein format,O=C1Nc2ccc(Br)cc2/C1=C/c1cc2c([nH]1)CCCC2,,,CHEMBL1133768,J Med Chem,2000,,,CHEMBL88606,,CHEMBL88606,4.0,0,http://www.openphacts.org/units/Nanomolar,163356,>,1,1,>,,IC50,nM,,100000.0,CHEMBL203,Homo sapiens,Epidermal growth factor receptor,9606,,,IC50,uM,UO_0000065,,100.0,343.22400000000016,4.1487000000000025,1,2,44.89
,,80323,[],CHEMBL679949,Evaluated for inhibitory activity towards tyrosine kinase Epidermal growth factor receptor,B,,,BAO_0000190,BAO_0000357,single protein format,COc1cccc(-c2ccc3c(c2)NC(=O)/C3=C\c2cc3c([nH]2)CCCC3)c1,,,CHEMBL1133768,J Med Chem,2000,,,CHEMBL419682,,CHEMBL419682,4.0,0,http://www.openphacts.org/units/Nanomolar,163354,>,1,1,>,,IC50,nM,,100000.0,CHEMBL203,Homo sapiens,Epidermal growth factor receptor,9606,,,IC50,uM,UO_0000065,,100.0,370.45200000000017,5.061800000000003,2,2,54.12
,,41226,[],CHEMBL674643,Inhibitory concentration of EGF dependent autophosphorylation of epidermal growth factor receptor kinase,B,,,BAO_0000190,BAO_0000357,single protein format,N#CC(C#N)=Cc1ccc(O)c([N+](=O)[O-])c1,Outside typical range,"Values for this activity type are unusually large/small, so may not be accurate",CHEMBL1124610,J Med Chem,1989,,,CHEMBL308134,,CHEMBL308134,3.9030899869919438,0,http://www.openphacts.org/units/Nanomolar,137198,=,1,1,=,,IC50,nM,,125000.0,CHEMBL203,Homo sapiens,Epidermal growth factor receptor,9606,,,IC50,uM,UO_0000065,,125.0,215.16799999999998,1.7309600000000003,5,1,110.95000000000002
,,213204,[],CHEMBL814059,Cytotoxic effect on EGF-receptor overexpressing HN5 squamous carcinoma cells,F,,,BAO_0000190,BAO_0000219,cell-based format,Oc1ccc(-c2nc3ccc(O)cc3s2)cc1,Outside typical range,"Values for this activity type are unusually large/small, so may not be accurate",CHEMBL1127530,J Med Chem,1994,,,CHEMBL44227,,CHEMBL44227,3.886056647693163,0,http://www.openphacts.org/units/Nanomolar,76267,=,1,1,=,,IC50,nM,,130000.0,CHEMBL203,Homo sapiens,Epidermal growth factor receptor,9606,,,IC50,uM,UO_0000065,,130.0,243.28700000000003,3.3745000000000003,4,2,53.35000000000001
,,184317,[],CHEMBL814059,Cytotoxic effect on EGF-receptor overexpressing HN5 squamous carcinoma cells,F,,,BAO_0000190,BAO_0000219,cell-based format,Oc1cc(O)c2nc(-c3ccc(O)c(O)c3)sc2c1,Outside typical range,"Values for this activity type are unusually large/small, so may not be accurate",CHEMBL1127530,J Med Chem,1994,,,CHEMBL48085,,CHEMBL48085,3.886056647693163,0,http://www.openphacts.org/units/Nanomolar,76271,=,1,1,=,,IC50,nM,,130000.0,CHEMBL203,Homo sapiens,Epidermal growth factor receptor,9606,,,IC50,uM,UO_0000065,,130.0,275.285,2.7857000000000003,6,4,93.81
,,71733,[],CHEMBL674643,Inhibitory concentration of EGF dependent autophosphorylation of epidermal growth factor receptor kinase,B,,,BAO_0000190,BAO_0000357,single protein format,COc1cc(C=C(C#N)C#N)cc(Br)c1O,Outside typical range,"Values for this activity type are unusually large/small, so may not be accurate",CHEMBL1124610,J Med Chem,1989,,,CHEMBL77298,,CHEMBL77298,3.815308569182401,0,http://www.openphacts.org/units/Nanomolar,137199,=,1,1,=,,IC50,nM,,153000.0,CHEMBL203,Homo sapiens,Epidermal growth factor receptor,9606,,,IC50,uM,UO_0000065,,153.0,279.093,2.5938600000000007,4,1,77.03999999999999
,,69116,[],CHEMBL674643,Inhibitory concentration of EGF dependent autophosphorylation of epidermal growth factor receptor kinase,B,,,BAO_0000190,BAO_0000357,single protein format,COc1cc(C=C(C#N)C#N)cc([N+](=O)[O-])c1O,Outside typical range,"Values for this activity type are unusually large/small, so may not be accurate",CHEMBL1124610,J Med Chem,1989,,,CHEMBL307179,,CHEMBL307179,3.795880017344075,0,http://www.openphacts.org/units/Nanomolar,137200,=,1,1,=,,IC50,nM,,160000.0,CHEMBL203,Homo sapiens,Epidermal growth factor receptor,9606,,,IC50,uM,UO_0000065,,160.0,245.194,1.73956,6,1,120.17999999999999
,,41220,[],CHEMBL674643,Inhibitory concentration of EGF dependent autophosphorylation of epidermal growth factor receptor kinase,B,,,BAO_0000190,BAO_0000357,single protein format,N#C/C(=C\c1ccc(O)cc1)C(=O)O,Outside typical range,"Values for this activity type are unusually large/small, so may not be accurate",CHEMBL1124610,J Med Chem,1989,,,CHEMBL76602,alpha-CYANO-4-HYDROXYCINNAMIC ACID,CHEMBL76602,3.7825160557860937,0,http://www.openphacts.org/units/Nanomolar,137236,=,1,1,=,,IC50,nM,,165000.0,CHEMBL203,Homo sapiens,Epidermal growth factor receptor,9606,,,IC50,uM,UO_0000065,,165.0,189.17,1.3837799999999998,3,2,81.32
,,336079,[],CHEMBL673947,Inhibition of epidermal growth factor receptor (EGFR),B,,,BAO_0000190,BAO_0000357,single protein format,CCOc1ccc2sc(SCc3cc(/C=C(\C#N)C(N)=O)cc(OC)c3O)nc2c1,Outside typical range,"Values for this activity type are unusually large/small, so may not be accurate",CHEMBL1136802,J Med Chem,2003,,,CHEMBL343875,,CHEMBL343875,3.7800000019463225,0,http://www.openphacts.org/units/Nanomolar,275726,=,1,1,=,,IC50,nM,,165958.69,CHEMBL203,Homo sapiens,Epidermal growth factor receptor,9606,,,pIC50,,UO_0000065,,3.78,441.5340000000002,4.093780000000002,8,2,118.46
,,198799,[],CHEMBL676234,Cytotoxic effect on EGF-receptor overexpressing HN5 squamous carcinoma cells,F,,,BAO_0000190,BAO_0000219,cell-based format,O=c1c(O)c(-c2ccc(O)c(O)c2)oc2cc(O)cc(O)c12,Outside typical range,"Values for this activity type are unusually large/small, so may not be accurate",CHEMBL1127530,J Med Chem,1994,,,CHEMBL50,QUERCETIN,CHEMBL50,3.721246399047171,0,http://www.openphacts.org/units/Nanomolar,76260,=,1,1,=,,IC50,nM,,190000.0,CHEMBL203,Homo sapiens,Epidermal growth factor receptor,9606,,,IC50,uM,UO_0000065,,190.0,302.23800000000006,1.988,7,5,131.36
,,62720,[],CHEMBL674643,Inhibitory concentration of EGF dependent autophosphorylation of epidermal growth factor receptor kinase,B,,,BAO_0000190,BAO_0000357,single protein format,COc1cc(C=C(C#N)C#N)ccc1O,Outside typical range,"Values for this activity type are unusually large/small, so may not be accurate",CHEMBL1124610,J Med Chem,1989,,,CHEMBL77869,,CHEMBL77869,3.6989700043360187,0,http://www.openphacts.org/units/Nanomolar,137205,=,1,1,=,,IC50,nM,,200000.0,CHEMBL203,Homo sapiens,Epidermal growth factor receptor,9606,,,IC50,uM,UO_0000065,,200.0,200.197,1.8313599999999997,4,1,77.03999999999999
,,60010,[],CHEMBL674643,Inhibitory concentration of EGF dependent autophosphorylation of epidermal growth factor receptor kinase,B,,,BAO_0000190,BAO_0000357,single protein format,N#CC(C#N)=NNc1ccc(O)cc1,Outside typical range,"Values for this activity type are unusually large/small, so may not be accurate",CHEMBL1124610,J Med Chem,1989,,,CHEMBL310958,,CHEMBL310958,3.6478174818886373,0,http://www.openphacts.org/units/Nanomolar,137224,=,1,1,=,,IC50,nM,,225000.0,CHEMBL203,Homo sapiens,Epidermal growth factor receptor,9606,,,IC50,uM,UO_0000065,,225.0,186.174,1.20726,5,2,92.2
,,71727,[],CHEMBL674643,Inhibitory concentration of EGF dependent autophosphorylation of epidermal growth factor receptor kinase,B,,,BAO_0000190,BAO_0000357,single protein format,N#CC(C#N)=C(O)c1ccc(O)cc1,Outside typical range,"Values for this activity type are unusually large/small, so may not be accurate",CHEMBL1124610,J Med Chem,1989,,,CHEMBL79064,,CHEMBL79064,3.638272163982407,0,http://www.openphacts.org/units/Nanomolar,137175,=,1,1,=,,IC50,nM,,230000.0,CHEMBL203,Homo sapiens,Epidermal growth factor receptor,9606,,,IC50,uM,UO_0000065,,230.0,186.17,1.7084599999999999,4,2,88.04
,,41222,[],CHEMBL674643,Inhibitory concentration of EGF dependent autophosphorylation of epidermal growth factor receptor kinase,B,,,BAO_0000190,BAO_0000357,single protein format,N#CC(C#N)=Cc1ccncc1,Outside typical range,"Values for this activity type are unusually large/small, so may not be accurate",CHEMBL1124610,J Med Chem,1989,,,CHEMBL77737,,CHEMBL77737,3.6020599913279625,0,http://www.openphacts.org/units/Nanomolar,137217,=,1,1,=,,IC50,nM,,250000.0,CHEMBL203,Homo sapiens,Epidermal growth factor receptor,9606,,,IC50,uM,UO_0000065,,250.0,155.15999999999997,1.51216,3,0,60.47
,,273532,[],CHEMBL675520,Inhibition of Epidermal growth factor receptor autophosphorylation in A431 cell membranes,B,,,BAO_0000190,BAO_0000219,cell-based format,O=P(O)(O)C(O)c1ccc2ccccc2c1,Outside typical range,"Values for this activity type are unusually large/small, so may not be accurate",CHEMBL1125830,J Med Chem,1991,,,CHEMBL26001,,CHEMBL26001,3.6020599913279625,0,http://www.openphacts.org/units/Nanomolar,64861,=,1,1,=,,IC50,nM,,250000.0,CHEMBL203,Homo sapiens,Epidermal growth factor receptor,9606,,,IC50,uM,UO_0000065,,250.0,238.179,2.008399999999999,2,3,77.76
,,47286,[],CHEMBL674643,Inhibitory concentration of EGF dependent autophosphorylation of epidermal growth factor receptor kinase,B,,,BAO_0000190,BAO_0000357,single protein format,COc1ccc(C=C(C#N)C#N)cc1O,Outside typical range,"Values for this activity type are unusually large/small, so may not be accurate",CHEMBL1124610,J Med Chem,1989,,,CHEMBL78302,,CHEMBL78302,3.6020599913279625,0,http://www.openphacts.org/units/Nanomolar,137206,>,1,1,>,,IC50,nM,,250000.0,CHEMBL203,Homo sapiens,Epidermal growth factor receptor,9606,,,IC50,uM,UO_0000065,,250.0,200.19699999999997,1.8313599999999997,4,1,77.03999999999999
,,65267,[],CHEMBL674643,Inhibitory concentration of EGF dependent autophosphorylation of epidermal growth factor receptor kinase,B,,,BAO_0000190,BAO_0000357,single protein format,N#CC(C#N)=Cc1ccc[nH]1,Outside typical range,"Values for this activity type are unusually large/small, so may not be accurate",CHEMBL1124610,J Med Chem,1989,,,CHEMBL310514,,CHEMBL310514,3.585026652029182,0,http://www.openphacts.org/units/Nanomolar,137218,=,1,1,=,,IC50,nM,,260000.0,CHEMBL203,Homo sapiens,Epidermal growth factor receptor,9606,,,IC50,uM,UO_0000065,,260.0,143.14899999999997,1.4452599999999998,2,1,63.37
,,34039,[],CHEMBL674643,Inhibitory concentration of EGF dependent autophosphorylation of epidermal growth factor receptor kinase,B,,,BAO_0000190,BAO_0000357,single protein format,COc1cc(/C=C(\C#N)C(=O)O)cc(OC)c1O,Outside typical range,"Values for this activity type are unusually large/small, so may not be accurate",CHEMBL1124610,J Med Chem,1989,,,CHEMBL76979,,CHEMBL76979,3.5783960731301687,0,http://www.openphacts.org/units/Nanomolar,137172,=,1,1,=,,IC50,nM,,264000.0,CHEMBL203,Homo sapiens,Epidermal growth factor receptor,9606,,,IC50,uM,UO_0000065,,264.0,249.22199999999998,1.40098,5,2,99.78
,,193127,[],CHEMBL814059,Cytotoxic effect on EGF-receptor overexpressing HN5 squamous carcinoma cells,F,,,BAO_0000190,BAO_0000219,cell-based format,Oc1ccc(-c2nc3c(O)cc(O)cc3s2)cc1,Outside typical range,"Values for this activity type are unusually large/small, so may not be accurate",CHEMBL1127530,J Med Chem,1994,,,CHEMBL45564,,CHEMBL45564,3.5228787452803374,0,http://www.openphacts.org/units/Nanomolar,76261,=,1,1,=,,IC50,nM,,300000.0,CHEMBL203,Homo sapiens,Epidermal growth factor receptor,9606,,,IC50,uM,UO_0000065,,300.0,259.286,3.0801,5,3,73.58000000000001
,,54979,[],CHEMBL674643,Inhibitory concentration of EGF dependent autophosphorylation of epidermal growth factor receptor kinase,B,,,BAO_0000190,BAO_0000357,single protein format,COc1cc(/C=C(\C#N)C(=O)O)ccc1O,Outside typical range,"Values for this activity type are unusually large/small, so may not be accurate",CHEMBL1124610,J Med Chem,1989,,,CHEMBL307250,,CHEMBL307250,3.4881166390211256,0,http://www.openphacts.org/units/Nanomolar,137237,=,1,1,=,,IC50,nM,,325000.0,CHEMBL203,Homo sapiens,Epidermal growth factor receptor,9606,,,IC50,uM,UO_0000065,,325.0,219.196,1.39238,4,2,90.55
,,60019,[],CHEMBL674643,Inhibitory concentration of EGF dependent autophosphorylation of epidermal growth factor receptor kinase,B,,,BAO_0000190,BAO_0000357,single protein format,N#CC(C#N)=Cc1ccc2c(c1)OCO2,Outside typical range,"Values for this activity type are unusually large/small, so may not be accurate",CHEMBL1124610,J Med Chem,1989,,,CHEMBL78005,,CHEMBL78005,3.4559319556497243,0,http://www.openphacts.org/units/Nanomolar,137207,=,1,1,=,,IC50,nM,,350000.0,CHEMBL203,Homo sapiens,Epidermal growth factor receptor,9606,,,IC50,uM,UO_0000065,,350.0,198.18099999999995,1.84586,4,0,66.04
,,44885,[],CHEMBL674643,Inhibitory concentration of EGF dependent autophosphorylation of epidermal growth factor receptor kinase,B,,,BAO_0000190,BAO_0000357,single protein format,N#CC(C#N)=CNc1ccc(O)cc1,Outside typical range,"Values for this activity type are unusually large/small, so may not be accurate",CHEMBL1124610,J Med Chem,1989,,,CHEMBL77814,,CHEMBL77814,3.4559319556497243,0,http://www.openphacts.org/units/Nanomolar,137223,=,1,1,=,,IC50,nM,,350000.0,CHEMBL203,Homo sapiens,Epidermal growth factor receptor,9606,,,IC50,uM,UO_0000065,,350.0,185.186,1.7351599999999998,4,2,79.84
,,70559,[],CHEMBL674643,Inhibitory concentration of EGF dependent autophosphorylation of epidermal growth factor receptor kinase,B,,,BAO_0000190,BAO_0000357,single protein format,N#CC(C#N)=Cc1cccc(O)c1,Outside typical range,"Values for this activity type are unusually large/small, so may not be accurate",CHEMBL1124610,J Med Chem,1989,,,CHEMBL310400,,CHEMBL310400,3.425968732272281,0,http://www.openphacts.org/units/Nanomolar,137208,=,1,1,=,,IC50,nM,,375000.0,CHEMBL203,Homo sapiens,Epidermal growth factor receptor,9606,,,IC50,uM,UO_0000065,,375.0,170.17099999999996,1.8227599999999997,3,1,67.81
,,45961,[],CHEMBL674643,Inhibitory concentration of EGF dependent autophosphorylation of epidermal growth factor receptor kinase,B,,,BAO_0000190,BAO_0000357,single protein format,N#CC(C#N)=Cc1ccc(C(=O)O)cc1,Outside typical range,"Values for this activity type are unusually large/small, so may not be accurate",CHEMBL1124610,J Med Chem,1989,,,CHEMBL78174,,CHEMBL78174,3.3665315444204134,0,http://www.openphacts.org/units/Nanomolar,137209,=,1,1,=,,IC50,nM,,430000.0,CHEMBL203,Homo sapiens,Epidermal growth factor receptor,9606,,,IC50,uM,UO_0000065,,430.0,198.18099999999998,1.81536,3,1,84.88000000000001
,,257864,[],CHEMBL873605,Inhibition of Epidermal growth factor receptor,B,,,BAO_0000190,BAO_0000357,single protein format,Cn1cnc2c(NCc3ccccc3)nc(NCCO)nc21,Outside typical range,"Values for this activity type are unusually large/small, so may not be accurate",CHEMBL1133502,J Med Chem,2000,,,CHEMBL280074,OLOMOUCINE,CHEMBL280074,3.3565473235138126,0,http://www.openphacts.org/units/Nanomolar,254268,=,1,1,=,,IC50,nM,,440000.0,CHEMBL203,Homo sapiens,Epidermal growth factor receptor,9606,,,IC50,uM,UO_0000065,,440.0,298.35,1.3795999999999995,7,3,87.89
,,61378,[],CHEMBL674643,Inhibitory concentration of EGF dependent autophosphorylation of epidermal growth factor receptor kinase,B,,,BAO_0000190,BAO_0000357,single protein format,N#CC(C#N)=Cc1ccc(/C=C/C(=O)O)cc1,Outside typical range,"Values for this activity type are unusually large/small, so may not be accurate",CHEMBL1124610,J Med Chem,1989,,,CHEMBL77778,,CHEMBL77778,3.3467874862246565,0,http://www.openphacts.org/units/Nanomolar,137210,=,1,1,=,,IC50,nM,,450000.0,CHEMBL203,Homo sapiens,Epidermal growth factor receptor,9606,,,IC50,uM,UO_0000065,,450.0,224.219,2.2149599999999996,3,1,84.88000000000001
,,57444,[],CHEMBL674643,Inhibitory concentration of EGF dependent autophosphorylation of epidermal growth factor receptor kinase,B,,,BAO_0000190,BAO_0000357,single protein format,COc1ccc(C(O)=C(C#N)C#N)cc1,Outside typical range,"Values for this activity type are unusually large/small, so may not be accurate",CHEMBL1124610,J Med Chem,1989,,,CHEMBL311564,,CHEMBL311564,3.3467874862246565,0,http://www.openphacts.org/units/Nanomolar,137176,=,1,1,=,,IC50,nM,,450000.0,CHEMBL203,Homo sapiens,Epidermal growth factor receptor,9606,,,IC50,uM,UO_0000065,,450.0,200.197,2.0114600000000005,4,1,77.03999999999999
,,48552,[],CHEMBL674643,Inhibitory concentration of EGF dependent autophosphorylation of epidermal growth factor receptor kinase,B,,,BAO_0000190,BAO_0000357,single protein format,N#CC(C#N)=Cc1ccc([N+](=O)[O-])c(O)c1,Outside typical range,"Values for this activity type are unusually large/small, so may not be accurate",CHEMBL1124610,J Med Chem,1989,,,CHEMBL77387,,CHEMBL77387,3.3467874862246565,0,http://www.openphacts.org/units/Nanomolar,137211,=,1,1,=,,IC50,nM,,450000.0,CHEMBL203,Homo sapiens,Epidermal growth factor receptor,9606,,,IC50,uM,UO_0000065,,450.0,215.16799999999995,1.7309599999999998,5,1,110.95
,,67822,[],CHEMBL674643,Inhibitory concentration of EGF dependent autophosphorylation of epidermal growth factor receptor kinase,B,,,BAO_0000190,BAO_0000357,single protein format,CC(C)(C)c1cc(C=C(C#N)C#N)cc(C(C)(C)C)c1O,Outside typical range,"Values for this activity type are unusually large/small, so may not be accurate",CHEMBL1124610,J Med Chem,1989,,,CHEMBL78150,TYRPHOSTIN A9,CHEMBL78150,3.337242168318426,0,http://www.openphacts.org/units/Nanomolar,137212,=,1,1,=,,IC50,nM,,460000.0,CHEMBL203,Homo sapiens,Epidermal growth factor receptor,9606,,,IC50,uM,UO_0000065,,460.0,282.387,4.417760000000005,3,1,67.81
,,32770,[],CHEMBL674643,Inhibitory concentration of EGF dependent autophosphorylation of epidermal growth factor receptor kinase,B,,,BAO_0000190,BAO_0000357,single protein format,CC(=C(C#N)C#N)c1ccc(NC(=O)CCC(=O)O)cc1,Outside typical range,"Values for this activity type are unusually large/small, so may not be accurate",CHEMBL1124610,J Med Chem,1989,,,CHEMBL306988,,CHEMBL306988,3.3010299956639813,0,http://www.openphacts.org/units/Nanomolar,137177,=,1,1,=,,IC50,nM,,500000.0,CHEMBL203,Homo sapiens,Epidermal growth factor receptor,9606,,,IC50,uM,UO_0000065,,500.0,283.287,2.3105600000000006,4,2,113.98
,,328238,[],CHEMBL676067,Inhibitory activity against epidermal growth factor receptor (EGFR),B,,,BAO_0000190,BAO_0000357,single protein format,CC(C)(C)Oc1cc(/C=C(\C#N)C(=N)S)cc(C(C)(C)C)c1O,Outside typical range,"Values for this activity type are unusually large/small, so may not be accurate",CHEMBL1136802,J Med Chem,2003,,,CHEMBL140213,,CHEMBL140213,3.3000000031431456,0,http://www.openphacts.org/units/Nanomolar,275709,=,1,1,=,,IC50,nM,,501187.23,CHEMBL203,Homo sapiens,Epidermal growth factor receptor,9606,,,pIC50,,UO_0000065,,3.3,332.4690000000001,4.681050000000004,4,3,77.1
,,64049,[],CHEMBL674643,Inhibitory concentration of EGF dependent autophosphorylation of epidermal growth factor receptor kinase,B,,,BAO_0000190,BAO_0000357,single protein format,N#CC(C#N)=Cc1cc2c(cc1[N+](=O)[O-])OCO2,Outside typical range,"Values for this activity type are unusually large/small, so may not be accurate",CHEMBL1124610,J Med Chem,1989,,,CHEMBL76082,,CHEMBL76082,3.2518119729937993,0,http://www.openphacts.org/units/Nanomolar,137184,=,1,1,=,,IC50,nM,,560000.0,CHEMBL203,Homo sapiens,Epidermal growth factor receptor,9606,,,IC50,uM,UO_0000065,,560.0,243.17799999999994,1.7540600000000002,6,0,109.18
,,51249,[],CHEMBL674643,Inhibitory concentration of EGF dependent autophosphorylation of epidermal growth factor receptor kinase,B,,,BAO_0000190,BAO_0000357,single protein format,N#CC(C#N)=Cc1ccc(O)cc1,Outside typical range,"Values for this activity type are unusually large/small, so may not be accurate",CHEMBL1124610,J Med Chem,1989,,,CHEMBL305695,,CHEMBL305695,3.2518119729937993,0,http://www.openphacts.org/units/Nanomolar,137183,=,1,1,=,,IC50,nM,,560000.0,CHEMBL203,Homo sapiens,Epidermal growth factor receptor,9606,,,IC50,uM,UO_0000065,,560.0,170.171,1.82276,3,1,67.81
,,244114,[],CHEMBL873605,Inhibition of Epidermal growth factor receptor,B,,,BAO_0000190,BAO_0000357,single protein format,COC(=O)[C@@]1(Cc2ccc(O)c(CC=C(C)C)c2)OC(=O)C(O)=C1c1ccc(O)cc1,Outside typical range,"Values for this activity type are unusually large/small, so may not be accurate",CHEMBL1133502,J Med Chem,2000,,,CHEMBL1242973,BUTYROLACTONE I,CHEMBL1242973,3.2291479883578558,0,http://www.openphacts.org/units/Nanomolar,254267,=,1,1,=,,IC50,nM,,590000.0,CHEMBL203,Homo sapiens,Epidermal growth factor receptor,9606,,,IC50,uM,UO_0000065,,590.0,424.4490000000002,3.5869000000000018,7,3,113.29000000000002
,,35297,[],CHEMBL674643,Inhibitory concentration of EGF dependent autophosphorylation of epidermal growth factor receptor kinase,B,,,BAO_0000190,BAO_0000357,single protein format,COc1ccc(NN=C(C#N)C#N)cc1,Outside typical range,"Values for this activity type are unusually large/small, so may not be accurate",CHEMBL1124610,J Med Chem,1989,,,CHEMBL77825,,CHEMBL77825,3.221848749616356,0,http://www.openphacts.org/units/Nanomolar,137225,=,1,1,=,,IC50,nM,,600000.0,CHEMBL203,Homo sapiens,Epidermal growth factor receptor,9606,,,IC50,uM,UO_0000065,,600.0,200.20100000000002,1.5102599999999997,5,1,81.19999999999999
,,43662,[],CHEMBL674643,Inhibitory concentration of EGF dependent autophosphorylation of epidermal growth factor receptor kinase,B,,,BAO_0000190,BAO_0000357,single protein format,N#CCNC(=O)/C(C#N)=C/c1ccc(O)cc1,Outside typical range,"Values for this activity type are unusually large/small, so may not be accurate",CHEMBL1124610,J Med Chem,1989,,,CHEMBL76557,,CHEMBL76557,3.2041199826559246,0,http://www.openphacts.org/units/Nanomolar,137178,=,1,1,=,,IC50,nM,,625000.0,CHEMBL203,Homo sapiens,Epidermal growth factor receptor,9606,,,IC50,uM,UO_0000065,,625.0,227.223,0.93896,4,2,96.91000000000001
,,34047,[],CHEMBL674643,Inhibitory concentration of EGF dependent autophosphorylation of epidermal growth factor receptor kinase,B,,,BAO_0000190,BAO_0000357,single protein format,N#CC(C#N)=Cc1ccc(N2CCOCC2)cc1,Outside typical range,"Values for this activity type are unusually large/small, so may not be accurate",CHEMBL1124610,J Med Chem,1989,,,CHEMBL420385,,CHEMBL420385,3.2041199826559246,0,http://www.openphacts.org/units/Nanomolar,137185,>,1,1,>,,IC50,nM,,625000.0,CHEMBL203,Homo sapiens,Epidermal growth factor receptor,9606,,,IC50,uM,UO_0000065,,625.0,239.2779999999999,1.95376,4,0,60.05
,,58604,[],CHEMBL674643,Inhibitory concentration of EGF dependent autophosphorylation of epidermal growth factor receptor kinase,B,,,BAO_0000190,BAO_0000357,single protein format,N#CC(C#N)=Cc1ccc(NC(=O)CCC(=O)O)cc1,Outside typical range,"Values for this activity type are unusually large/small, so may not be accurate",CHEMBL1124610,J Med Chem,1989,,,CHEMBL307248,,CHEMBL307248,3.193820026016113,0,http://www.openphacts.org/units/Nanomolar,137186,=,1,1,=,,IC50,nM,,640000.0,CHEMBL203,Homo sapiens,Epidermal growth factor receptor,9606,,,IC50,uM,UO_0000065,,640.0,269.25999999999993,1.9204599999999998,4,2,113.98
,,53758,[],CHEMBL674643,Inhibitory concentration of EGF dependent autophosphorylation of epidermal growth factor receptor kinase,B,,,BAO_0000190,BAO_0000357,single protein format,N#C/C(=C\c1ccc(O)cc1)C(N)=O,Outside typical range,"Values for this activity type are unusually large/small, so may not be accurate",CHEMBL1124610,J Med Chem,1989,,,CHEMBL308048,,CHEMBL308048,3.0969100130080562,0,http://www.openphacts.org/units/Nanomolar,137179,=,1,1,=,,IC50,nM,,800000.0,CHEMBL203,Homo sapiens,Epidermal growth factor receptor,9606,,,IC50,uM,UO_0000065,,800.0,188.18599999999998,0.7844799999999998,3,2,87.10999999999999
,,53765,[],CHEMBL674643,Inhibitory concentration of EGF dependent autophosphorylation of epidermal growth factor receptor kinase,B,,,BAO_0000190,BAO_0000357,single protein format,COc1ccc(/C=C(\C#N)C(=O)O)cc1,Outside typical range,"Values for this activity type are unusually large/small, so may not be accurate",CHEMBL1124610,J Med Chem,1989,,,CHEMBL77524,,CHEMBL77524,3.0793549985932125,0,http://www.openphacts.org/units/Nanomolar,137203,=,1,1,=,,IC50,nM,,833000.0,CHEMBL203,Homo sapiens,Epidermal growth factor receptor,9606,,,IC50,uM,UO_0000065,,833.0,203.19699999999997,1.68678,3,1,70.32
,,49986,[],CHEMBL674643,Inhibitory concentration of EGF dependent autophosphorylation of epidermal growth factor receptor kinase,B,,,BAO_0000190,BAO_0000357,single protein format,N#C/C(=C\c1ccc(F)cc1)C(=O)O,Outside typical range,"Values for this activity type are unusually large/small, so may not be accurate",CHEMBL1124610,J Med Chem,1989,,,CHEMBL78184,,CHEMBL78184,3.0793549985932125,0,http://www.openphacts.org/units/Nanomolar,137170,=,1,1,=,,IC50,nM,,833000.0,CHEMBL203,Homo sapiens,Epidermal growth factor receptor,9606,,,IC50,uM,UO_0000065,,833.0,191.161,1.8172799999999998,2,1,61.09
,,64050,[],CHEMBL674643,Inhibitory concentration of EGF dependent autophosphorylation of epidermal growth factor receptor kinase,B,,,BAO_0000190,BAO_0000357,single protein format,N#C/C(=C\c1ccccc1)C(=O)O,Outside typical range,"Values for this activity type are unusually large/small, so may not be accurate",CHEMBL1124610,J Med Chem,1989,,,CHEMBL77595,,CHEMBL77595,3.070581074285707,0,http://www.openphacts.org/units/Nanomolar,137204,=,1,1,=,,IC50,nM,,850000.0,CHEMBL203,Homo sapiens,Epidermal growth factor receptor,9606,,,IC50,uM,UO_0000065,,850.0,173.17099999999996,1.6781799999999996,2,1,61.09
,,35301,[],CHEMBL674643,Inhibitory concentration of EGF dependent autophosphorylation of epidermal growth factor receptor kinase,B,,,BAO_0000190,BAO_0000357,single protein format,COc1cc(C=C(C#N)C#N)cc(OC)c1O,Outside typical range,"Values for this activity type are unusually large/small, so may not be accurate",CHEMBL1124610,J Med Chem,1989,,,CHEMBL421877,,CHEMBL421877,3.070581074285707,0,http://www.openphacts.org/units/Nanomolar,137187,=,1,1,=,,IC50,nM,,850000.0,CHEMBL203,Homo sapiens,Epidermal growth factor receptor,9606,,,IC50,uM,UO_0000065,,850.0,230.22299999999998,1.83996,5,1,86.27
,,34051,[],CHEMBL674643,Inhibitory concentration of EGF dependent autophosphorylation of epidermal growth factor receptor kinase,B,,,BAO_0000190,BAO_0000357,single protein format,N[C@@H](Cc1ccc(O)c(O)c1)C(=O)O,Outside typical range,"Values for this activity type are unusually large/small, so may not be accurate",CHEMBL1124610,J Med Chem,1989,,,CHEMBL1009,LEVODOPA,CHEMBL1009,3.0457574905606752,0,http://www.openphacts.org/units/Nanomolar,137202,=,1,1,=,,IC50,nM,,900000.0,CHEMBL203,Homo sapiens,Epidermal growth factor receptor,9606,,,IC50,uM,UO_0000065,,900.0,197.18999999999997,0.052200000000000135,4,4,103.78000000000002
,,51244,[],CHEMBL674643,Inhibitory concentration of EGF dependent autophosphorylation of epidermal growth factor receptor kinase,B,,,BAO_0000190,BAO_0000357,single protein format,COc1cc(/C(C)=C(\C#N)C(=O)O)ccc1O,Outside typical range,"Values for this activity type are unusually large/small, so may not be accurate",CHEMBL1124610,J Med Chem,1989,,,CHEMBL77197,,CHEMBL77197,2.958607314841775,0,http://www.openphacts.org/units/Nanomolar,137180,=,1,1,=,,IC50,nM,,1100000.0,CHEMBL203,Homo sapiens,Epidermal growth factor receptor,9606,,,IC50,uM,UO_0000065,,1100.0,233.22299999999998,1.78248,4,2,90.55
,,49992,[],CHEMBL674643,Inhibitory concentration of EGF dependent autophosphorylation of epidermal growth factor receptor kinase,B,,,BAO_0000190,BAO_0000357,single protein format,O=C(O)/C=C/c1ccc(O)c(O)c1,Outside typical range,"Values for this activity type are unusually large/small, so may not be accurate",CHEMBL1124610,J Med Chem,1989,,,CHEMBL145,CAFFEIC ACID,CHEMBL145,2.9208187539523753,0,http://www.openphacts.org/units/Nanomolar,137201,=,1,1,=,,IC50,nM,,1200000.0,CHEMBL203,Homo sapiens,Epidermal growth factor receptor,9606,,,IC50,uM,UO_0000065,,1200.0,180.159,1.1956,3,3,77.76
,,42432,[],CHEMBL674643,Inhibitory concentration of EGF dependent autophosphorylation of epidermal growth factor receptor kinase,B,,,BAO_0000190,BAO_0000357,single protein format,CC(=C(C#N)C#N)c1ccc(N)cc1,Outside typical range,"Values for this activity type are unusually large/small, so may not be accurate",CHEMBL1124610,J Med Chem,1989,,,CHEMBL77280,,CHEMBL77280,2.9030899869919438,0,http://www.openphacts.org/units/Nanomolar,137181,>,1,1,>,,IC50,nM,,1250000.0,CHEMBL203,Homo sapiens,Epidermal growth factor receptor,9606,,,IC50,uM,UO_0000065,,1250.0,183.214,2.08946,3,1,73.6
,,34045,[],CHEMBL674643,Inhibitory concentration of EGF dependent autophosphorylation of epidermal growth factor receptor kinase,B,,,BAO_0000190,BAO_0000357,single protein format,COc1cc(C=C(C#N)C#N)cc(OC)c1,Outside typical range,"Values for this activity type are unusually large/small, so may not be accurate",CHEMBL1124610,J Med Chem,1989,,,CHEMBL77724,,CHEMBL77724,2.9030899869919438,0,http://www.openphacts.org/units/Nanomolar,137189,>,1,1,>,,IC50,nM,,1250000.0,CHEMBL203,Homo sapiens,Epidermal growth factor receptor,9606,,,IC50,uM,UO_0000065,,1250.0,214.224,2.13436,4,0,66.03999999999999
,,41224,[],CHEMBL674643,Inhibitory concentration of EGF dependent autophosphorylation of epidermal growth factor receptor kinase,B,,,BAO_0000190,BAO_0000357,single protein format,N#CC(C#N)=Cc1ccc(F)cc1,Outside typical range,"Values for this activity type are unusually large/small, so may not be accurate",CHEMBL1124610,J Med Chem,1989,,,CHEMBL76983,,CHEMBL76983,2.9030899869919438,0,http://www.openphacts.org/units/Nanomolar,137188,>,1,1,>,,IC50,nM,,1250000.0,CHEMBL203,Homo sapiens,Epidermal growth factor receptor,9606,,,IC50,uM,UO_0000065,,1250.0,172.16199999999998,2.25626,2,0,47.58
,,52480,[],CHEMBL674643,Inhibitory concentration of EGF dependent autophosphorylation of epidermal growth factor receptor kinase,B,,,BAO_0000190,BAO_0000357,single protein format,COc1ccc(C=C(C#N)C#N)cc1,Outside typical range,"Values for this activity type are unusually large/small, so may not be accurate",CHEMBL1124610,J Med Chem,1989,,,CHEMBL77456,TYRPHOSTIN 1,CHEMBL77456,2.9030899869919438,0,http://www.openphacts.org/units/Nanomolar,137190,>,1,1,>,,IC50,nM,,1250000.0,CHEMBL203,Homo sapiens,Epidermal growth factor receptor,9606,,,IC50,uM,UO_0000065,,1250.0,184.19799999999998,2.1257600000000005,3,0,56.809999999999995
,,40025,[],CHEMBL674643,Inhibitory concentration of EGF dependent autophosphorylation of epidermal growth factor receptor kinase,B,,,BAO_0000190,BAO_0000357,single protein format,N#C/C(=C\c1ccc([N+](=O)[O-])cc1)C(=O)O,Outside typical range,"Values for this activity type are unusually large/small, so may not be accurate",CHEMBL1124610,J Med Chem,1989,,,CHEMBL309866,,CHEMBL309866,2.886056647693163,0,http://www.openphacts.org/units/Nanomolar,137171,=,1,1,=,,IC50,nM,,1300000.0,CHEMBL203,Homo sapiens,Epidermal growth factor receptor,9606,,,IC50,uM,UO_0000065,,1300.0,218.16799999999998,1.5863800000000001,4,1,104.23
,,62715,[],CHEMBL674643,Inhibitory concentration of EGF dependent autophosphorylation of epidermal growth factor receptor kinase,B,,,BAO_0000190,BAO_0000357,single protein format,N#CC(C#N)=Cc1cc[n+]([O-])cc1,Outside typical range,"Values for this activity type are unusually large/small, so may not be accurate",CHEMBL1124610,J Med Chem,1989,,,CHEMBL57712,,CHEMBL57712,2.886056647693163,0,http://www.openphacts.org/units/Nanomolar,137216,=,1,1,=,,IC50,nM,,1300000.0,CHEMBL203,Homo sapiens,Epidermal growth factor receptor,9606,,,IC50,uM,UO_0000065,,1300.0,171.15899999999996,0.75056,3,0,74.52
,,40026,[],CHEMBL674643,Inhibitory concentration of EGF dependent autophosphorylation of epidermal growth factor receptor kinase,B,,,BAO_0000190,BAO_0000357,single protein format,N#C/C(=C/c1ccc[nH]1)C(=O)O,Outside typical range,"Values for this activity type are unusually large/small, so may not be accurate",CHEMBL1124610,J Med Chem,1989,,,CHEMBL77381,,CHEMBL77381,2.8664610916297826,0,http://www.openphacts.org/units/Nanomolar,137219,=,1,1,=,,IC50,nM,,1360000.0,CHEMBL203,Homo sapiens,Epidermal growth factor receptor,9606,,,IC50,uM,UO_0000065,,1360.0,162.14799999999997,1.0062799999999998,2,2,76.88
,,45958,[],CHEMBL674643,Inhibitory concentration of EGF dependent autophosphorylation of epidermal growth factor receptor kinase,B,,,BAO_0000190,BAO_0000357,single protein format,N#CC(C#N)=C1C(=O)NC(=O)NC1=O,Outside typical range,"Values for this activity type are unusually large/small, so may not be accurate",CHEMBL1124610,J Med Chem,1989,,,CHEMBL308339,,CHEMBL308339,2.853871964321762,0,http://www.openphacts.org/units/Nanomolar,137222,=,1,1,=,,IC50,nM,,1400000.0,CHEMBL203,Homo sapiens,Epidermal growth factor receptor,9606,,,IC50,uM,UO_0000065,,1400.0,190.118,-1.30384,5,2,122.85
,,69112,[],CHEMBL674643,Inhibitory concentration of EGF dependent autophosphorylation of epidermal growth factor receptor kinase,B,,,BAO_0000190,BAO_0000357,single protein format,O=C(O)C(=Cc1ccc(O)cc1)C(=O)O,Outside typical range,"Values for this activity type are unusually large/small, so may not be accurate",CHEMBL1124610,J Med Chem,1989,,,CHEMBL308133,,CHEMBL308133,2.8239087409443187,0,http://www.openphacts.org/units/Nanomolar,137214,=,1,1,=,,IC50,nM,,1500000.0,CHEMBL203,Homo sapiens,Epidermal growth factor receptor,9606,,,IC50,uM,UO_0000065,,1500.0,208.16899999999998,0.9448000000000001,3,3,94.83
,,71729,[],CHEMBL674643,Inhibitory concentration of EGF dependent autophosphorylation of epidermal growth factor receptor kinase,B,,,BAO_0000190,BAO_0000357,single protein format,N#C/C=C/c1ccc(O)cc1,Outside typical range,"Values for this activity type are unusually large/small, so may not be accurate",CHEMBL1124610,J Med Chem,1989,,,CHEMBL75718,,CHEMBL75718,2.619788758288394,0,http://www.openphacts.org/units/Nanomolar,137191,=,1,1,=,,IC50,nM,,2400000.0,CHEMBL203,Homo sapiens,Epidermal growth factor receptor,9606,,,IC50,uM,UO_0000065,,2400.0,145.161,1.9289799999999997,2,1,44.019999999999996
,,32772,[],CHEMBL674643,Inhibitory concentration of EGF dependent autophosphorylation of epidermal growth factor receptor kinase,B,,,BAO_0000190,BAO_0000357,single protein format,O=C(O)/C=C/c1ccc(O)cc1,Outside typical range,"Values for this activity type are unusually large/small, so may not be accurate",CHEMBL1124610,J Med Chem,1989,,,CHEMBL66879,COUMARIC ACID,CHEMBL66879,2.5228787452803374,0,http://www.openphacts.org/units/Nanomolar,137215,=,1,1,=,,IC50,nM,,3000000.0,CHEMBL203,Homo sapiens,Epidermal growth factor receptor,9606,,,IC50,uM,UO_0000065,,3000.0,164.16,1.49,2,2,57.53
,,52474,[],CHEMBL674643,Inhibitory concentration of EGF dependent autophosphorylation of epidermal growth factor receptor kinase,B,,,BAO_0000190,BAO_0000357,single protein format,N#CC(C#N)Cc1ccc(O)cc1,Outside typical range,"Values for this activity type are unusually large/small, so may not be accurate",CHEMBL1124610,J Med Chem,1989,,,CHEMBL76587,,CHEMBL76587,2.1870866433571443,0,http://www.openphacts.org/units/Nanomolar,137213,=,1,1,=,,IC50,nM,,6500000.0,CHEMBL203,Homo sapiens,Epidermal growth factor receptor,9606,,,IC50,uM,UO_0000065,,6500.0,172.187,1.5980599999999998,3,1,67.81
